,摘要,关键词,第一章,第二章,第三章,第四章,第五章,第六章,第七章,总词频,加权得分
rfm模型,2,0,10,5,9,3,0,0,0,29,5.615
客户,6,0,29,40,22,11,1,11,0,120,21.15
频率,0,0,0,3,2,0,0,2,0,7,0.955
终身价值建,0,0,0,1,0,0,0,0,0,1,0.125
rfm,1,0,0,1,0,0,0,0,0,2,1.125
权值口叱,0,0,0,1,0,0,0,0,0,1,0.125
客户响应率,0,0,0,1,0,0,0,0,0,1,0.125
monetary,0,0,0,1,0,0,0,0,0,1,0.125
金额,0,0,1,1,3,2,3,4,0,14,1.9899999999999998
frequency,0,0,0,1,0,0,0,0,0,1,0.125
recency,0,0,0,1,0,0,0,0,0,1,0.125
时间,0,0,0,1,2,5,1,0,0,9,1.285
客户价,0,0,0,1,0,0,0,0,0,1,0.125
直销,0,0,0,1,0,0,0,0,0,1,0.125
概率,0,0,0,7,0,6,0,0,0,13,1.7449999999999999
消费金额,0,0,1,7,0,0,0,18,0,26,3.61
个体客户,0,0,0,7,0,1,0,0,0,8,1.02
概率模型,0,0,3,5,0,1,0,0,0,9,1.145
流失率,0,0,0,3,0,8,2,0,0,13,1.825
异质性,0,0,0,2,0,1,0,1,0,4,0.54
购买率,0,0,0,2,0,5,2,0,0,9,1.265
群体用户特征,0,0,0,1,0,0,0,0,0,1,0.125
个体用户特征,0,0,0,1,0,0,0,0,0,1,0.125
客户行为预测模型,0,0,0,1,0,0,0,0,0,1,0.125
gamma-gamma模型,0,0,5,9,0,0,0,12,0,26,3.4899999999999998
noimal-nonnal模型,0,0,0,1,0,0,0,0,0,1,0.125
行为,1,0,1,1,0,0,0,0,0,3,1.25
群体异质性,0,0,0,1,0,0,0,0,0,1,0.125
个体行为,0,0,0,1,0,0,0,0,0,1,0.125
流失行为,0,0,3,1,0,33,17,1,0,55,7.895
购买,1,0,1,1,7,6,6,1,0,23,4.15
bg/bb模型,0,0,0,1,0,0,0,0,0,1,0.125
bg/nbd模型,0,0,0,1,0,0,0,0,0,1,0.125
pareto/nbd模型,0,0,0,2,0,0,0,2,0,4,0.54
概率分布,0,0,1,1,0,1,0,1,0,4,0.54
概率模型法,0,0,4,1,0,0,0,0,0,5,0.625
风险模型,0,0,0,3,0,0,0,0,0,3,0.375
计量经济学模型,0,0,4,4,0,1,1,0,0,10,1.29
交叉购买,0,0,0,1,0,0,0,0,0,1,0.125
利润,0,0,0,1,0,0,0,0,0,1,0.125
客户扩展模型,0,0,0,1,0,0,0,0,0,1,0.125
交叉,0,0,0,1,0,0,0,0,0,1,0.125
客户扩展,0,0,0,1,0,0,0,0,0,1,0.125
马尔科夫模型,0,0,0,1,0,0,0,0,0,1,0.125
迁移模型,0,0,0,1,0,0,0,0,0,1,0.125
are,0,0,0,1,0,0,0,0,0,1,0.125
always,0,0,0,1,0,0,0,0,0,1,0.125
间歇性,0,0,0,1,0,0,0,0,0,1,0.125
phm,0,0,0,1,0,1,0,0,0,2,0.27
proportionalhazard,0,0,0,1,0,0,0,0,0,1,0.125
比例风险模型,0,0,0,1,0,0,0,0,0,1,0.125
acceleratedfailuretime,0,0,0,1,0,0,0,0,0,1,0.125
加速失效时间模型,0,0,0,1,0,0,0,0,0,1,0.125
流失概率,0,0,0,1,0,1,1,0,0,3,0.415
hazardmodel,0,0,0,1,0,0,0,0,0,1,0.125
good,0,0,0,1,0,0,0,0,0,1,0.125
fbr,0,0,0,1,0,0,0,0,0,1,0.125
永久性流失,0,0,0,1,0,0,0,0,0,1,0.125
probit模型,0,0,0,1,0,0,0,0,0,1,0.125
logit模型,0,0,0,2,0,4,1,0,0,7,0.975
基本模型,0,0,0,1,0,0,0,0,0,1,0.125
新客户,0,0,0,1,0,0,0,0,0,1,0.125
终身价值,4,0,15,13,16,0,0,5,0,53,10.545
持久性模型,0,0,0,6,0,0,0,0,0,6,0.75
变量,1,0,2,4,2,22,15,1,0,47,7.55
数据,0,0,1,3,7,1,0,0,0,12,1.66
价值建模,0,0,0,2,0,0,0,0,0,2,0.25
口碑传播,0,0,0,1,0,0,0,0,0,1,0.125
影响机制,0,0,0,1,0,0,0,0,0,1,0.125
长期客户资产,0,0,0,1,0,0,0,0,0,1,0.125
度量,0,0,0,1,2,0,0,0,0,3,0.415
客户资产,0,0,0,4,0,0,0,0,0,4,0.5
折扣,0,0,0,1,0,0,0,0,0,1,0.125
产品质量,0,0,0,1,1,0,0,0,0,2,0.27
广告,0,0,0,1,0,0,0,0,0,1,0.125
客户服务,0,0,0,1,0,0,0,0,0,1,0.125
协整检验理论,0,0,0,1,0,0,0,0,0,1,0.125
单位根检验理论,0,0,0,1,0,0,0,0,0,1,0.125
模型,0,0,0,3,1,6,4,1,0,15,2.1149999999999998
向量自回归,0,0,0,1,0,0,0,0,0,1,0.125
多变量时间序列,0,0,0,1,0,0,0,0,0,1,0.125
动力系统,0,0,0,1,0,0,0,0,0,1,0.125
时间序列数据,0,0,0,1,0,0,0,0,0,1,0.125
persistencemodel,0,0,0,1,0,0,0,0,0,1,0.125
身价值,0,0,0,4,2,0,0,2,0,8,1.08
参数,0,0,1,2,0,18,5,11,0,37,5.305
mars,0,0,0,2,0,0,0,0,0,2,0.25
多元自适应回归样条,0,0,0,2,0,0,0,0,0,2,0.25
广义相加模型,0,0,0,2,0,0,0,0,0,2,0.25
营销学,0,0,0,2,0,0,0,0,0,2,0.25
计算机科学模型,0,0,0,3,0,0,0,0,0,3,0.375
费者数据,0,0,0,1,0,0,0,0,0,1,0.125
内部信息技术,0,0,0,1,0,0,0,0,0,1,0.125
可解释性,0,0,0,1,0,0,0,0,0,1,0.125
分段线性回归,0,0,0,1,0,0,0,0,0,1,0.125
断点,0,0,0,1,0,0,0,0,0,1,0.125
非参数回归过程,0,0,0,1,0,0,0,0,0,1,0.125
预测因子,0,0,0,1,0,0,0,0,0,1,0.125
联结函数,0,0,0,1,0,0,0,0,0,1,0.125
非参数,0,0,0,1,0,0,0,0,0,1,0.125
非线性,0,0,0,1,0,0,0,0,0,1,0.125
均值,0,0,0,2,0,2,0,5,0,9,1.265
因变量,0,0,0,1,0,11,9,0,0,21,3.025
非参数模型,0,0,0,1,0,0,0,0,0,1,0.125
估计偏差,0,0,0,1,0,0,0,0,0,1,0.125
稀疏性,0,0,0,1,0,0,0,0,0,1,0.125
客户流失行为,0,1,0,1,0,0,0,0,0,2,2.125
终身价值建模,1,0,1,2,0,0,0,0,0,4,1.375
svm,0,0,0,1,0,0,0,0,0,1,0.125
支持向量机,0,0,0,1,0,0,0,0,0,1,0.125
cart,0,0,0,1,0,0,0,0,0,1,0.125
回归树,0,0,0,1,0,0,0,0,0,1,0.125
gam,0,0,0,1,0,0,0,0,0,1,0.125
样条,0,0,0,1,0,0,0,0,0,1,0.125
决策树模型,0,0,0,1,0,0,0,0,0,1,0.125
神经网络模型,0,0,0,1,0,0,0,0,0,1,0.125
投影寻踪模型,0,0,0,1,0,0,0,0,0,1,0.125
预测效果,1,0,0,1,0,1,4,0,0,7,1.85
计算机科学,0,0,0,1,0,0,0,0,0,1,0.125
参数模型,0,0,0,1,0,0,0,0,0,1,0.125
normal-normal模型,0,0,0,5,0,0,0,0,0,5,0.625
正态分布,0,0,0,3,0,0,0,3,0,6,0.8099999999999999
客户终身价值,2,1,8,7,8,0,0,2,0,28,7.325
闭式表达式,0,0,0,2,0,0,0,0,0,2,0.25
正态,0,0,0,2,0,0,0,0,0,2,0.25
预测,0,0,0,2,0,0,3,1,0,6,0.83
评论行为,4,0,17,1,11,7,8,1,0,49,10.165
logit计量模型,0,0,0,1,0,0,0,0,0,1,0.125
卷积,0,0,0,1,0,0,0,0,0,1,0.125
对数正态分布,0,0,0,1,0,0,0,0,0,1,0.125
lognonnal模型,0,0,0,1,0,0,0,0,0,1,0.125
lognonnal,0,0,0,1,0,0,0,0,0,1,0.125
伽玛分布,0,0,0,1,0,2,0,9,0,12,1.72
群体客户,0,0,0,1,0,0,0,0,0,1,0.125
客户终身价值模型,4,0,1,1,0,0,0,1,0,7,4.395
费金额模型,0,0,0,1,0,0,0,0,0,1,0.125
nbd模型,1,0,5,1,0,37,30,4,0,78,12.045
pareto,2,0,4,2,0,38,34,5,0,85,13.915
协变量,1,0,6,1,0,33,19,2,0,62,9.704999999999998
营销组合,0,0,0,1,0,0,0,0,0,1,0.125
客户数量预测,0,0,0,1,0,0,0,0,0,1,0.125
扩散/增长模型,0,0,0,2,0,0,0,0,0,2,0.25
customerequity,0,0,0,1,0,0,0,0,0,1,0.125
客户资源,0,0,1,1,0,0,0,0,0,2,0.25
个体,2,0,1,1,0,1,0,2,0,7,2.685
扩散地长模型,0,0,0,1,0,0,0,0,0,1,0.125
客户价值,0,0,0,0,7,0,0,4,0,11,1.595
低价值用户,0,0,0,0,7,0,0,0,0,7,1.015
购买行为,3,0,6,0,6,6,6,0,0,27,6.359999999999999
值用户,0,0,1,0,3,0,0,0,0,4,0.5599999999999999
用户,1,0,2,0,15,13,8,0,0,39,6.47
评论,2,0,11,0,14,21,44,3,0,95,15.264999999999999
中价值用户,0,0,0,0,2,0,0,0,0,2,0.29
价值用户,0,0,0,0,5,0,0,0,0,5,0.725
在线评论,0,0,5,0,4,1,1,0,0,11,1.4949999999999999
max-min指标,0,0,0,0,2,0,0,0,0,2,0.29
客户细分,0,0,2,0,1,0,0,0,0,3,0.395
聚类分析法,0,0,0,0,1,0,0,0,0,1,0.145
k-means,0,0,3,0,4,0,0,0,0,7,0.955
大众点评网,1,0,3,0,16,7,4,1,0,32,5.435
高价值用户,0,0,0,0,2,0,0,0,0,2,0.29
用户策略,0,0,0,0,1,0,0,0,0,1,0.145
价值,0,0,0,3,3,0,0,1,0,7,0.955
评论行,0,0,0,0,1,0,0,0,0,1,0.145
用户群,0,0,1,0,5,0,0,0,0,6,0.85
指标,0,0,0,0,8,0,0,0,0,8,1.16
聚类,0,0,1,0,4,0,0,0,0,5,0.705
口碑用户,0,0,1,0,3,0,0,0,0,4,0.5599999999999999
传统用户,0,0,0,0,3,0,0,0,0,3,0.43499999999999994
权重,0,0,1,0,29,0,0,2,0,32,4.62
团购,0,0,0,0,4,3,0,0,0,7,1.015
评论价,0,0,0,0,1,0,0,0,0,1,0.145
点评行为,0,0,0,0,1,2,0,0,0,3,0.43499999999999994
嫡值,0,0,0,0,2,0,0,0,0,2,0.29
客观数据,0,0,0,0,1,0,0,0,0,1,0.145
点评,0,0,1,0,1,0,0,0,0,2,0.27
网站,0,0,1,0,1,0,0,0,0,2,0.27
口碑型用户,0,0,0,0,1,0,0,0,0,1,0.145
评论贡献值,0,0,1,0,1,1,5,0,0,8,1.14
购买型用户,0,0,0,0,1,0,0,0,0,1,0.145
负面评价,0,0,0,0,1,0,0,0,0,1,0.145
服务质量,0,0,0,0,1,0,0,0,0,1,0.145
团购行为,0,0,0,0,2,1,0,0,0,3,0.43499999999999994
促销邮件,0,0,0,0,1,0,0,0,0,1,0.145
广告投放量,0,0,0,0,1,0,0,0,0,1,0.145
客户企业,0,0,0,0,1,0,0,0,0,1,0.145
现金流,0,0,0,1,1,0,0,0,0,2,0.27
正向评论,0,0,0,0,1,0,0,0,0,1,0.145
类别个数,0,0,0,0,1,0,0,0,0,1,0.145
中位数,0,0,0,0,1,0,0,1,0,2,0.29
客户细分群,0,0,0,0,1,0,0,0,0,1,0.145
用户聚类数,0,0,0,0,1,0,0,0,0,1,0.145
聚类数,0,0,0,0,1,0,0,0,0,1,0.145
个数,0,0,0,0,3,0,0,0,0,3,0.43499999999999994
用户群聚类,0,0,0,0,1,0,0,0,0,1,0.145
极端数值,0,0,0,0,1,0,0,0,0,1,0.145
误差,0,0,0,0,1,0,0,7,0,8,1.16
k-聚类分析,0,0,0,0,1,0,0,0,0,1,0.145
极端值,0,0,0,0,1,0,0,0,0,1,0.145
贡献值,0,0,0,0,6,5,13,2,0,26,3.7699999999999996
总金额,0,0,0,0,1,0,0,0,0,1,0.145
描述性,0,0,0,0,1,1,0,0,0,2,0.29
异常点,0,0,0,0,1,0,0,0,0,1,0.145
聚类结,0,0,0,0,1,0,0,0,0,1,0.145
递归,0,0,0,0,1,0,0,0,0,1,0.145
中心,0,0,0,0,1,0,0,0,0,1,0.145
均值向量,0,0,0,0,1,0,0,0,0,1,0.145
欧氏距离,0,0,0,0,1,0,0,0,0,1,0.145
聚类中心,0,0,0,0,1,0,0,0,0,1,0.145
k-触加聚类分析,0,0,0,0,1,0,0,0,0,1,0.145
用户聚类,0,0,0,0,1,0,0,0,0,1,0.145
评网,0,0,0,0,3,3,1,0,0,7,1.015
大众,0,0,0,0,4,3,3,1,0,11,1.595
rfmp模型,0,0,3,0,4,0,0,0,0,7,0.955
信息端值,0,0,0,0,2,0,0,0,0,2,0.29
标准化矩阵,0,0,0,0,2,0,0,0,0,2,0.29
九鹏矶,0,0,0,0,1,0,0,0,0,1,0.145
麻盟,0,0,0,0,1,0,0,0,0,1,0.145
麻mg,0,0,0,0,1,0,0,0,0,1,0.145
权重评论,0,0,0,0,1,0,0,0,0,1,0.145
信息,0,0,0,0,3,0,0,0,0,3,0.43499999999999994
正向占比,0,0,0,0,1,0,0,0,0,1,0.145
熠值法,0,0,0,0,1,0,0,0,0,1,0.145
购买次数,0,0,1,0,1,4,0,0,0,6,0.85
嫡值法,0,0,0,0,1,0,0,0,0,1,0.145
消费者,0,0,0,0,0,6,16,2,0,24,3.4799999999999995
控制变量,0,0,0,0,0,6,5,0,0,11,1.595
自变量,0,0,0,0,0,11,9,0,0,20,2.9
流失,0,0,1,0,0,17,6,0,0,24,3.46
二分变量,0,0,0,0,0,2,2,0,0,4,0.58
非线性关,0,0,0,0,0,2,0,0,0,2,0.29
二值响应模型,0,0,0,0,0,2,0,0,0,2,0.29
购买流失行为,0,0,1,0,0,4,0,1,0,6,0.85
购买流失,0,0,1,0,0,9,0,0,0,10,1.43
随机误差,0,0,0,0,0,1,1,0,0,2,0.29
sijt,0,0,0,0,0,1,0,0,0,1,0.145
系数,0,0,0,0,0,2,1,0,0,3,0.43499999999999994
本信息,0,0,0,0,0,1,1,0,0,2,0.29
评论次数,1,0,3,1,0,37,27,6,0,75,11.649999999999999
se,0,0,0,0,0,1,0,0,0,1,0.145
pu,0,0,0,0,0,1,0,0,0,1,0.145
购买流失预测模型,0,0,0,0,0,3,0,0,0,3,0.43499999999999994
logit回归模型,1,0,0,0,0,4,3,0,0,8,2.0149999999999997
消费者流失,0,0,0,0,0,1,0,0,0,1,0.145
消费者购买流失模型,0,0,0,0,0,1,0,0,0,1,0.145
回归元,0,0,0,0,0,1,0,0,0,1,0.145
非线性关系,0,0,0,0,0,1,0,0,0,1,0.145
线性函数,0,0,0,0,0,1,0,0,0,1,0.145
oddsratio,0,0,0,0,0,1,0,0,0,1,0.145
机会比率,0,0,0,0,0,1,0,0,0,1,0.145
被测变量,0,0,0,0,0,1,0,0,0,1,0.145
被测变量值,0,0,0,0,0,1,0,0,0,1,0.145
计量经济学,0,0,3,0,0,1,0,0,0,4,0.52
binaryresponsemodel,0,0,0,0,0,1,0,0,0,1,0.145
binaryvariable,0,0,0,0,0,1,0,0,0,1,0.145
二值变量,0,0,0,0,0,1,0,0,0,1,0.145
费者,1,0,2,0,0,15,4,6,0,28,4.875
pin,0,0,0,0,1,1,0,0,0,2,0.29
logit回归分析模型,0,0,2,0,0,2,2,0,0,6,0.83
流失预测模型,0,0,0,0,0,5,5,0,0,10,1.45
it,1,0,0,0,0,9,8,0,0,18,3.465
dn,0,0,0,0,0,5,1,0,0,6,0.8699999999999999
工作时间段,0,0,0,0,0,3,4,0,0,7,1.015
模型自变量,0,0,0,0,0,3,2,0,0,5,0.725
变量符号,0,0,0,0,0,3,3,0,0,6,0.8699999999999999
模型变量,0,0,0,0,0,2,0,0,0,2,0.29
bu,0,0,0,0,0,3,1,0,0,4,0.58
nder,0,0,0,0,1,2,1,0,0,4,0.58
性别,0,0,0,0,1,2,2,0,0,5,0.725
评论次,0,0,0,0,0,2,0,0,0,2,0.29
累积评论贡献值,0,0,0,0,0,2,2,0,0,4,0.58
time,1,0,0,0,0,3,1,0,0,5,1.58
间隔天数,0,0,0,0,0,2,2,0,0,4,0.58
节点,0,0,0,0,0,2,2,0,0,4,0.58
类型变量名,0,0,0,0,0,2,2,0,0,4,0.58
虚拟变量,0,0,0,0,0,2,2,0,0,4,0.58
流失行,0,0,0,0,0,2,1,0,0,3,0.43499999999999994
midnight,0,0,0,0,0,1,1,0,0,2,0.29
worktime,0,0,0,0,0,1,2,0,0,3,0.43499999999999994
gworktime,0,0,0,0,0,1,0,0,0,1,0.145
firsttime,0,0,0,0,0,2,0,0,0,2,0.29
glasttime,0,0,0,0,0,3,0,0,0,3,0.43499999999999994
观测值,0,0,0,0,0,1,0,0,0,1,0.145
标准差,0,0,0,0,2,1,0,1,0,4,0.58
描述性统,0,0,0,0,0,1,0,0,0,1,0.145
观测,0,0,0,0,0,1,0,0,0,1,0.145
标准方差,0,0,0,0,0,1,0,0,0,1,0.145
chum,0,0,0,0,0,1,2,0,0,3,0.43499999999999994
描述性统计,0,0,0,0,0,1,0,0,0,1,0.145
用户性别,0,0,0,0,0,1,1,0,0,2,0.29
用户年龄,0,0,0,0,0,1,1,0,0,2,0.29
人口,0,0,0,0,0,1,1,0,0,2,0.29
年龄信息,0,0,0,0,0,1,1,0,0,2,0.29
年龄,0,0,0,0,0,1,1,0,0,2,0.29
模型控制变量,0,0,0,0,0,1,1,0,0,2,0.29
timeit,0,0,0,0,0,1,0,0,0,1,0.145
cmm,0,0,0,0,0,1,0,0,0,1,0.145
midn,0,0,0,0,0,1,0,0,0,1,0.145
工作时间,0,0,0,0,0,3,2,0,0,5,0.725
first,0,0,0,0,0,1,0,0,0,1,0.145
计数周期,0,0,0,0,0,1,0,0,0,1,0.145
晚上评论次数,0,0,0,0,0,1,1,0,0,2,0.29
凌晨评论次数,0,0,0,0,0,1,0,0,0,1,0.145
ti,0,0,0,0,0,1,0,0,0,1,0.145
im,0,0,0,0,0,1,2,0,0,3,0.43499999999999994
累计评论贡献值,0,0,0,0,0,1,1,0,0,2,0.29
买次数,0,0,0,0,0,1,0,0,0,1,0.145
凌晨,0,0,0,0,0,1,2,0,0,3,0.43499999999999994
asttimem,0,0,0,0,0,1,0,0,0,1,0.145
买时间,0,0,0,0,0,2,0,0,0,2,0.29
fin,0,0,0,0,0,1,0,0,0,1,0.145
累计消费金额,0,0,0,0,0,1,1,0,0,2,0.29
计消费金额,0,0,0,0,0,1,1,0,0,2,0.29
chumm,0,0,0,0,0,1,0,0,0,1,0.145
churriii,0,0,0,0,0,1,0,0,0,1,0.145
变量名,0,0,0,0,0,1,1,0,0,2,0.29
因变量提取期,0,0,0,0,0,1,1,0,0,2,0.29
自变量提取期,0,0,0,0,0,1,1,0,0,2,0.29
未流失,0,0,0,0,0,2,2,0,0,4,0.58
提取时间,0,0,0,0,0,1,1,0,0,2,0.29
评论数,0,0,0,0,0,1,1,0,0,2,0.29
团购数据,0,0,0,0,0,1,1,0,0,2,0.29
购买流失行,0,0,0,0,0,1,0,0,0,1,0.145
团购行,0,0,0,0,1,1,0,0,0,2,0.29
人口统计学特征,0,0,0,0,0,1,0,0,0,1,0.145
大众点评,0,0,1,0,3,1,2,0,0,7,0.9949999999999999
电子商务客户,0,0,0,0,0,2,0,0,0,2,0.29
churnit,0,0,0,0,0,1,1,0,0,2,0.29
解释变量,0,0,0,0,0,2,2,0,0,4,0.58
变量数据,0,0,0,0,0,1,0,0,0,1,0.145
解释,0,0,0,0,0,1,0,0,0,1,0.145
评论行为模型,0,0,0,0,0,1,0,0,0,1,0.145
流失预涕模型,0,0,0,0,0,1,0,0,0,1,0.145
ight,0,0,0,0,0,1,2,0,0,3,0.43499999999999994
ni,0,0,0,0,0,1,0,0,0,1,0.145
mork,0,0,0,0,0,1,0,0,0,1,0.145
rk,0,0,0,0,0,1,0,0,0,1,0.145
st,0,0,0,0,0,1,0,0,0,1,0.145
ch,0,0,0,0,0,1,1,0,0,2,0.29
消费者评论行,0,0,0,0,0,1,0,0,0,1,0.145
共线性,0,0,0,0,0,3,3,0,0,6,0.8699999999999999
id,0,0,0,0,0,1,0,0,0,1,0.145
top,0,0,0,0,0,1,0,0,0,1,0.145
gworktimejtj,0,0,0,0,0,1,0,0,0,1,0.145
cworktimejt,0,0,0,0,0,1,0,0,0,1,0.145
cdayin,0,0,0,0,0,1,0,0,0,1,0.145
fit,0,0,0,0,0,1,0,0,0,1,0.145
因子,0,0,0,0,0,1,0,0,0,1,0.145
v1f,0,0,0,0,0,1,0,0,0,1,0.145
核心变量,0,0,0,0,0,1,1,0,0,2,0.29
作时间,0,0,0,0,0,1,1,0,0,2,0.29
vif因子,0,0,0,0,0,1,1,0,0,2,0.29
多重共线性,0,0,0,0,0,1,1,0,0,2,0.29
错误率,0,0,0,0,0,43,28,0,0,71,10.295
验证集,0,0,0,0,0,10,9,0,0,19,2.755
训练集,0,0,0,0,0,9,10,0,0,19,2.755
命中率,0,0,0,0,0,8,7,0,0,15,2.175
十重交叉验证,0,0,0,0,0,4,3,0,0,7,1.015
流失未流失,0,0,0,0,0,4,4,0,0,8,1.16
预测命中率,0,0,0,0,0,3,1,0,0,4,0.58
用户数,0,0,0,0,0,3,0,0,0,3,0.43499999999999994
原始错误率,0,0,0,0,0,2,2,0,0,4,0.58
平均误差率,0,0,0,0,0,2,1,0,0,3,0.43499999999999994
平均,0,0,0,0,0,2,3,0,0,5,0.725
样本,0,0,0,0,0,4,2,0,0,6,0.8699999999999999
不流失,0,0,0,0,0,2,0,0,0,2,0.29
团购平台,1,0,0,0,0,4,1,0,0,6,1.725
点评平台,1,0,0,0,0,3,2,0,0,6,1.725
数据集,0,0,0,0,0,3,2,0,0,5,0.725
预演模型,0,0,0,0,0,1,0,0,0,1,0.145
nbd,1,0,0,1,0,4,6,3,0,15,3.01
to,0,0,0,0,0,2,2,0,0,4,0.58
购买流失行为预测模型,0,0,0,0,0,1,0,0,0,1,0.145
平均错误率,0,0,0,0,0,1,1,0,0,2,0.29
训练,0,0,0,0,0,1,0,0,0,1,0.145
验证,0,0,0,0,0,2,0,2,0,4,0.58
非流失样本,0,0,0,0,0,1,0,0,0,1,0.145
流失样本,0,0,0,0,0,1,0,0,0,1,0.145
流失预测,0,0,0,0,0,1,1,0,0,2,0.29
训多女集,0,0,0,0,0,1,0,0,0,1,0.145
未流失行为,0,0,0,0,0,1,1,0,0,2,0.29
流失预测评价矩阵,0,0,0,0,0,1,0,0,0,1,0.145
预测流失,0,0,0,0,0,1,0,0,0,1,0.145
流失颈测评价矩阵,0,0,0,0,0,1,0,0,0,1,0.145
数据量,0,0,0,0,0,1,0,0,0,1,0.145
用户量,0,0,0,0,0,1,0,0,0,1,0.145
流失预测结果,0,0,0,0,0,1,0,0,0,1,0.145
模型预测,0,0,0,0,0,2,1,0,0,3,0.43499999999999994
交叉项影响系数,0,0,0,0,0,1,0,0,0,1,0.145
单独影响系数,0,0,0,0,0,1,0,0,0,1,0.145
综合影响,0,0,0,0,0,1,0,0,0,1,0.145
时间间隔,0,0,0,0,0,2,0,0,0,2,0.29
时间点,0,0,0,0,0,1,2,0,0,3,0.43499999999999994
时间距,0,0,0,0,0,1,2,0,0,3,0.43499999999999994
chum模型,0,0,0,0,0,1,0,0,0,1,0.145
指数分布,0,0,0,0,0,2,0,0,0,2,0.29
交易率,0,0,0,0,0,2,0,0,0,2,0.29
分布参数,0,0,0,0,0,2,0,0,0,2,0.29
分布,0,0,0,0,0,2,0,7,0,9,1.305
泊松分布,0,0,0,0,0,2,0,0,0,2,0.29
概率密度曲线,0,0,0,0,0,1,0,0,0,1,0.145
生存时长,0,0,0,0,0,1,0,0,0,1,0.145
个体户,0,0,0,0,0,1,0,0,0,1,0.145
寿命分布,0,0,0,0,0,1,0,0,0,1,0.145
事件,0,0,0,0,0,1,0,0,0,1,0.145
次数,0,0,1,0,0,4,0,0,0,5,0.705
mo,1,0,0,0,0,1,0,0,0,2,1.145
大实证,0,0,0,0,0,1,0,0,0,1,0.145
客户间,0,0,0,0,0,1,0,0,0,1,0.145
reto,0,0,0,0,0,2,0,2,0,4,0.58
随机概率事件,0,0,0,0,0,1,0,0,0,1,0.145
客户流失,0,0,0,0,0,1,0,0,0,1,0.145
活跃度,0,0,0,0,0,14,5,0,0,19,2.755
14叫模型,0,0,0,0,0,1,0,0,0,1,0.145
契约客户,0,0,0,0,0,1,0,0,0,1,0.145
似然函数,0,0,0,0,0,5,1,7,0,13,1.8849999999999998
个体用户,0,0,0,0,0,6,0,0,0,6,0.8699999999999999
数值,0,0,0,0,0,2,1,0,0,3,0.43499999999999994
观察期时长,0,0,0,0,0,1,0,0,0,1,0.145
输入数据集,0,0,0,0,0,1,0,0,0,1,0.145
营销,1,0,0,0,0,1,0,0,0,2,1.145
avb,0,0,0,0,0,1,0,0,0,1,0.145
期望值,0,0,0,1,0,9,2,3,0,15,2.155
预测值,0,0,0,0,0,8,2,0,0,10,1.45
实热模质,0,0,0,0,0,1,0,0,0,1,0.145
历史行为,0,0,0,0,0,1,0,0,0,1,0.145
时刻,0,0,0,0,0,1,0,0,0,1,0.145
望值,0,0,0,0,0,1,0,0,0,1,0.145
时间段,0,0,0,0,0,1,1,0,0,2,0.29
样本数据,0,0,0,0,0,1,1,0,0,2,0.29
用户样本提取期,0,0,0,0,0,1,0,0,0,1,0.145
建模,0,0,5,2,0,1,1,3,0,12,1.6
天数,0,0,0,0,1,3,2,0,0,6,0.8699999999999999
购买数据,0,0,0,0,0,1,0,0,0,1,0.145
数据提取,0,0,0,0,1,1,1,1,0,4,0.58
预测趋势,0,0,0,0,0,1,0,0,0,1,0.145
用户活跃度,0,0,0,0,0,2,1,0,0,3,0.43499999999999994
条件,0,0,0,0,0,1,0,0,0,1,0.145
波动,0,0,0,0,0,3,1,1,0,5,0.725
跃度,0,0,0,0,0,1,1,0,0,2,0.29
目标用户,0,0,0,0,0,1,1,0,0,2,0.29
验证期,0,0,0,0,0,2,1,2,0,5,0.725
观察期,0,0,0,0,0,1,1,0,0,2,0.29
据集,0,0,0,0,0,1,0,0,0,1,0.145
参数值,0,0,0,0,0,1,0,0,0,1,0.145
异质,0,0,0,0,0,1,0,0,0,1,0.145
似然估计,0,0,0,0,0,1,0,0,0,1,0.145
模型参数,0,0,0,0,0,1,1,0,0,2,0.29
购买金额,0,0,0,0,0,6,0,0,0,6,0.8699999999999999
基准线,0,0,0,0,0,3,0,0,0,3,0.43499999999999994
协变量向量,0,0,0,0,0,3,1,0,0,4,0.58
boexp,0,0,0,0,0,2,3,0,0,5,0.725
总评论次数,0,0,0,0,0,5,0,0,0,5,0.725
系数向量,0,0,0,0,0,2,1,0,0,3,0.43499999999999994
tp,0,0,0,0,0,1,0,0,0,1,0.145
总购买金额,0,0,0,0,0,1,0,0,0,1,0.145
买金额,0,0,0,0,0,3,7,0,0,10,1.45
-min,0,0,0,0,0,1,0,0,0,1,0.145
循环中断,0,0,0,0,0,1,0,0,0,1,0.145
极值,0,0,0,0,0,1,0,0,0,1,0.145
协变,0,0,0,0,0,1,1,0,0,2,0.29
影响,0,0,0,0,0,1,0,0,0,1,0.145
危险函数,0,0,0,0,0,1,0,0,0,1,0.145
proportionalhazardsmode,0,0,0,0,0,1,0,0,0,1,0.145
比例危险模型,0,0,0,0,0,1,0,0,0,1,0.145
发文行为,0,0,0,0,0,1,0,0,0,1,0.145
买流失行为,0,0,0,0,0,2,0,0,0,2,0.29
logit,0,0,2,0,0,3,3,0,0,8,1.1199999999999999
验值,0,0,0,0,0,1,0,0,0,1,0.145
差距,0,0,0,0,0,1,0,0,0,1,0.145
评论时间,0,0,0,0,1,0,9,0,0,10,1.45
评论流失,0,0,1,0,0,0,17,0,0,18,2.59
gender,0,0,0,0,0,0,1,0,0,1,0.145
dnight,0,0,0,0,0,0,1,0,0,1,0.145
nightit,0,0,0,0,0,0,1,0,0,1,0.145
晚上,0,0,0,0,0,0,1,0,0,1,0.145
ii,0,0,0,0,0,0,1,0,0,1,0.145
midnightit,0,0,0,0,0,0,1,0,0,1,0.145
worktimeit,0,0,0,0,0,0,2,0,0,2,0.29
firsttimei,0,0,0,0,0,0,1,0,0,1,0.145
asttimeim,0,0,0,0,0,0,1,0,0,1,0.145
it-i,0,0,0,0,0,0,1,0,0,1,0.145
ans,0,0,0,0,0,0,1,0,0,1,0.145
cmim,0,0,0,0,0,0,1,0,0,1,0.145
自变量计数周期,0,0,0,0,0,0,1,0,0,1,0.145
-i时,0,0,0,0,0,0,1,0,0,1,0.145
tiweim,0,0,0,0,0,0,1,0,0,1,0.145
打分,0,0,0,0,0,0,1,0,0,1,0.145
平均打分,0,0,0,0,0,0,2,0,0,2,0.29
自-变量,0,0,0,0,0,0,1,0,0,1,0.145
churn,0,0,0,0,0,0,1,0,0,1,0.145
chumit,0,0,0,0,0,0,1,0,0,1,0.145
特征,0,0,0,0,0,0,1,0,0,1,0.145
人口统计学,0,0,0,0,0,2,1,0,0,3,0.43499999999999994
commenti,0,0,0,0,0,0,1,0,0,1,0.145
purchasegi,0,0,0,0,0,0,1,0,0,1,0.145
churns,0,0,0,0,0,0,1,0,0,1,0.145
chase,0,0,0,0,0,0,1,0,0,1,0.145
ap,0,0,0,0,0,0,1,0,0,1,0.145
状态,0,0,0,0,0,0,1,0,0,1,0.145
评论流失模型,0,0,0,0,0,0,1,0,0,1,0.145
ght,0,0,0,0,0,0,1,0,0,1,0.145
dnighti,0,0,0,0,0,0,1,0,0,1,0.145
worktimeff,0,0,0,0,0,0,1,0,0,1,0.145
firsttimeit,0,0,0,0,0,0,3,0,0,3,0.43499999999999994
asttimeit,0,0,0,0,0,0,1,0,0,1,0.145
评论时,0,0,0,0,0,0,2,0,0,2,0.29
评论流失预测模型,0,0,0,0,0,0,2,0,0,2,0.29
购买行为模型,0,0,0,0,0,0,1,0,0,1,0.145
pi,0,0,0,0,0,0,1,0,0,1,0.145
score,0,0,0,0,0,0,2,0,0,2,0.29
asttimei,0,0,0,0,0,0,1,0,0,1,0.145
逢失砌,0,0,0,0,0,0,1,0,0,1,0.145
core,0,0,0,0,0,0,1,0,0,1,0.145
work,0,0,0,0,0,0,1,0,0,1,0.145
clasttimeit,0,0,0,0,0,0,1,0,0,1,0.145
cn,0,0,0,0,0,0,1,0,0,1,0.145
cdayih,0,0,0,0,0,0,1,0,0,1,0.145
cfit,0,0,0,0,0,0,1,0,0,1,0.145
费者评论,0,0,0,0,0,0,1,0,0,1,0.145
vifw,0,0,0,0,0,0,1,0,0,1,0.145
错误,0,0,0,0,0,0,6,0,0,6,0.8699999999999999
夜间,0,0,0,0,0,0,3,0,0,3,0.43499999999999994
点评网,0,0,0,0,2,0,3,0,0,5,0.725
评论流失行,0,0,0,0,0,0,2,0,0,2,0.29
平均评论贡献值,0,0,0,0,0,0,9,0,0,9,1.305
客户评论,0,0,0,0,0,0,5,0,0,5,0.725
评论行为预测模型,0,0,0,0,0,0,1,0,0,1,0.145
十重交叉骐证,0,0,0,0,0,0,1,0,0,1,0.145
稳定性,0,0,0,0,0,0,1,0,0,1,0.145
提升度,0,0,0,0,0,0,1,0,0,1,0.145
样本数,0,0,0,0,0,0,1,0,0,1,0.145
用户评论,0,0,0,0,1,1,1,0,0,3,0.43499999999999994
献值,0,0,0,0,0,0,1,0,0,1,0.145
sttimeitt,0,0,0,0,0,0,1,0,0,1,0.145
平均评论,0,0,0,0,0,0,7,0,0,7,1.015
ljlas,0,0,0,0,0,0,1,0,0,1,0.145
距离,0,0,0,0,0,0,1,0,0,1,0.145
mmean,0,0,0,0,0,0,1,0,0,1,0.145
itt,0,0,0,0,0,0,1,0,0,1,0.145
eicontribution,0,0,0,0,0,0,1,0,0,1,0.145
消费者贡献值,0,0,0,0,0,0,1,0,0,1,0.145
消费者评论,0,0,0,0,0,0,2,0,0,2,0.29
meanscore,0,0,0,0,0,0,1,0,0,1,0.145
提取,0,0,0,0,0,0,1,0,0,1,0.145
提取期,0,0,0,0,0,0,1,0,0,1,0.145
用户样本,0,0,0,0,0,0,1,0,0,1,0.145
改进模型,0,0,0,0,0,0,1,1,0,2,0.29
平均购买金额,0,0,0,0,0,0,7,0,0,7,1.015
评论贡献,0,0,0,1,0,0,1,0,0,2,0.27
y2tp,0,0,0,0,0,0,1,0,0,1,0.145
max-min,0,0,0,0,0,0,1,0,0,1,0.145
样本量,0,0,0,0,0,0,2,1,0,3,0.43499999999999994
消费者评论行为,0,0,0,0,0,0,1,0,0,1,0.145
效果,0,0,0,0,0,0,1,0,0,1,0.145
消费特征,0,0,0,0,0,0,0,1,0,1,0.145
历史数据,0,0,0,0,0,0,0,1,0,1,0.145
时间变量,0,0,0,0,0,0,0,1,0,1,0.145
消费者消费金额模型,0,0,0,0,0,0,0,1,0,1,0.145
噪声点,0,0,0,0,0,0,0,1,0,1,0.145
费数据,0,0,0,0,0,0,0,1,0,1,0.145
消费者消费金额,0,0,0,0,0,0,0,1,0,1,0.145
客户交易数据,0,0,0,0,0,0,0,1,0,1,0.145
det,0,0,0,1,0,0,0,7,0,8,1.14
边际利润,0,0,0,3,0,0,0,5,0,8,1.1
贴现率,0,0,0,2,0,0,0,4,0,6,0.83
贴现值,0,0,0,4,0,0,0,4,0,8,1.08
gamma,0,0,0,0,0,0,0,5,0,5,0.725
间接价值,0,0,2,0,0,0,0,3,0,5,0.6849999999999999
平均误差,0,0,0,0,0,0,0,2,0,2,0.29
终生价值,0,0,3,0,1,0,0,2,0,6,0.8099999999999999
单位时间域,0,0,0,0,0,0,0,2,0,2,0.29
时间域,0,0,0,0,0,0,0,2,0,2,0.29
分子,0,0,0,1,0,0,0,2,0,3,0.415
交易,0,0,0,1,0,1,0,3,0,5,0.705
直接价值,0,0,1,0,0,0,0,2,0,3,0.415
模型误差,0,0,0,0,0,0,0,2,0,2,0.29
gammaa,0,0,0,0,0,0,0,2,0,2,0.29
拟合,0,0,0,0,0,0,0,2,0,2,0.29
四分位数,0,0,0,0,0,0,0,2,0,2,0.29
预测效,0,0,0,0,0,0,0,1,0,1,0.145
预测模型,1,0,2,1,0,0,0,1,0,5,1.52
预测期,0,0,0,0,0,0,0,1,0,1,0.145
触线,0,0,0,0,0,0,0,1,0,1,0.145
龙念,0,0,0,0,0,0,0,1,0,1,0.145
客户终身价值误差,0,0,0,0,0,0,0,1,0,1,0.145
购买行,0,0,1,0,0,0,0,1,0,2,0.27
logit回归,0,0,0,0,0,0,0,1,0,1,0.145
总额,0,0,0,0,0,0,0,1,0,1,0.145
进模型,0,0,0,0,0,0,0,1,0,1,0.145
pear,0,0,0,0,0,0,0,1,0,1,0.145
elations,0,0,0,0,0,0,0,1,0,1,0.145
co,0,0,0,0,0,0,0,1,0,1,0.145
相关性,0,0,0,0,0,0,0,1,0,1,0.145
相关性检,0,0,0,0,0,0,0,1,0,1,0.145
预期,0,0,0,0,0,0,0,1,0,1,0.145
客户评论价,0,0,0,0,0,0,0,1,0,1,0.145
单位,0,0,0,0,0,0,0,1,0,1,0.145
预测时间,0,0,0,0,0,0,0,1,0,1,0.145
次交易金额,0,0,0,0,0,0,0,1,0,1,0.145
交易次数,0,0,0,3,0,0,0,1,0,4,0.52
预期交易次数,0,0,0,1,0,0,0,1,0,2,0.27
贴现,0,0,0,0,0,0,0,1,0,1,0.145
评论价值,0,0,1,0,1,0,0,2,0,4,0.5599999999999999
gamnia模型,0,0,0,0,0,0,0,1,0,1,0.145
gairana模型,0,0,0,0,0,0,0,1,0,1,0.145
连续函数,0,0,0,0,0,0,0,1,0,1,0.145
分布函数,0,0,0,0,0,0,0,3,0,3,0.43499999999999994
pqyll,0,0,0,0,0,0,0,1,0,1,0.145
对数,0,0,0,0,0,0,0,2,0,2,0.29
最大对数,0,0,0,0,0,0,0,1,0,1,0.145
众数,0,0,0,0,0,0,0,1,0,1,0.145
个体消费者,0,0,0,0,0,0,0,2,0,2,0.29
费金额,0,0,1,0,0,0,0,3,0,4,0.5599999999999999
stata,0,0,3,0,0,0,0,0,0,3,0.375
logit计量经济学,0,0,2,0,0,0,0,0,0,2,0.25
客户终生价值,0,0,2,0,0,0,0,0,0,2,0.25
交易记录,0,0,2,0,0,0,0,0,0,2,0.25
随机过程,0,0,2,0,0,0,0,0,0,2,0.25
测模型,0,0,2,0,0,0,0,0,0,2,0.25
因素,0,0,2,0,0,0,0,0,0,2,0.25
客户终身价值建模,0,0,2,0,0,0,0,0,0,2,0.25
决策,0,0,2,0,0,0,0,0,0,2,0.25
价值度量,0,0,2,0,0,0,0,0,0,2,0.25
关键变量,1,0,2,0,0,1,1,0,0,5,1.54
聚类分析,0,0,2,0,1,0,0,0,0,3,0.395
点评类,0,0,2,0,0,0,0,0,0,2,0.25
2.0,0,0,2,0,0,0,1,0,0,3,0.395
实时控制,0,0,1,0,0,0,0,0,0,1,0.125
建模仿真,0,0,1,0,0,0,0,0,0,1,0.125
文字处理,0,0,1,0,0,0,0,0,0,1,0.125
数学计算,0,0,1,0,0,0,0,0,0,1,0.125
仿真分析,0,0,1,0,0,0,0,0,0,1,0.125
影响因素,0,0,1,0,0,0,0,0,0,1,0.125
回归分析,0,0,1,0,0,0,0,0,0,1,0.125
统计分析软件,0,0,1,0,0,0,0,0,0,1,0.125
始数据,0,0,1,0,0,0,0,0,0,1,0.125
数据处理软件,0,0,1,0,0,0,0,0,0,1,0.125
章节,0,0,1,0,0,0,0,0,0,1,0.125
逻辑,0,0,1,0,0,0,0,0,0,1,0.125
客户管理,2,0,1,0,0,0,0,0,0,3,2.125
口碑价值,0,0,1,0,0,0,0,0,0,1,0.125
终生价值模型,0,0,1,0,0,0,0,0,0,1,0.125
pareto/,0,0,1,0,0,0,0,0,0,1,0.125
潜在特质,0,0,1,0,0,0,0,0,0,1,0.125
未来行为,0,0,1,0,0,0,0,0,0,1,0.125
原函数,0,0,1,0,0,0,0,0,0,1,0.125
贝叶斯理论,0,0,1,0,0,0,0,1,0,2,0.27
概率伯布,0,0,1,0,0,0,0,0,0,1,0.125
异质性服,0,0,1,0,0,0,0,0,0,1,0.125
函数,0,0,1,0,0,0,0,0,0,1,0.125
潜在行为特质,0,0,1,0,0,0,0,0,0,1,0.125
行为特质,0,0,1,0,0,0,0,0,0,1,0.125
d法,0,0,1,0,0,0,0,0,0,1,0.125
probability,0,0,1,0,0,0,0,0,0,1,0.125
数学建模,0,0,1,0,0,0,0,0,0,1,0.125
子模型,0,0,1,0,0,0,0,0,0,1,0.125
客户终身价值研究,0,0,1,0,0,0,0,0,0,1,0.125
用户管理,0,0,1,0,0,0,0,0,0,1,0.125
定量,0,0,1,0,0,0,0,0,0,1,0.125
定性,0,0,1,0,0,0,0,0,0,1,0.125
口碑价值用户,0,0,1,0,0,0,0,0,0,1,0.125
计量模型,0,0,1,0,0,0,0,0,0,1,0.125
互联网时,0,0,1,0,0,0,0,0,0,1,0.125
关系营销,0,0,1,0,0,0,0,0,0,1,0.125
客户终身价值评价,0,0,1,0,0,0,0,0,0,1,0.125
customerlifet,0,0,1,0,0,0,0,0,0,1,0.125
内容,0,0,1,0,0,0,0,0,0,1,0.125
评论量,0,0,1,0,0,0,0,0,0,1,0.125
网络口碑,0,0,1,0,0,0,0,0,0,1,0.125
正面情感,0,0,1,0,0,0,0,0,0,1,0.125
负面情感,0,0,1,0,0,0,0,0,0,1,0.125
情感,0,0,1,0,0,0,0,0,0,1,0.125
新浪微博,0,0,1,0,0,0,0,0,0,1,0.125
人人网,0,0,1,0,0,0,0,0,0,1,0.125
fhcebook,0,0,1,0,0,0,0,0,0,1,0.125
社交,0,0,1,0,0,0,0,0,0,1,0.125
com,0,0,1,0,0,0,0,0,0,1,0.125
epinion,0,0,1,0,0,0,0,0,0,1,0.125
京东商城,0,0,1,0,0,0,0,0,0,1,0.125
天猫,0,0,1,0,0,0,0,0,0,1,0.125
亚马逊,0,0,1,0,0,0,0,0,0,1,0.125
购物网站,1,0,1,0,0,0,0,0,0,2,1.125
信息效用值,0,0,0,0,3,0,0,0,0,3,0.43499999999999994
bb,0,0,0,0,2,0,0,0,0,2,0.29
用户评论行为,0,0,0,0,2,0,1,0,0,3,0.43499999999999994
意见领袖,0,0,0,0,2,0,0,0,0,2,0.29
平均值,0,0,0,0,1,0,0,0,0,1,0.145
变量观测,0,0,0,0,1,0,0,0,0,1,0.145
洗发水,0,0,0,0,1,0,0,0,0,1,0.145
海飞丝,0,0,0,0,1,0,0,0,0,1,0.145
生活服务,0,0,0,0,1,0,0,0,0,1,0.145
冲印,0,0,0,0,1,0,0,0,0,1,0.145
相册,0,0,0,0,1,0,0,0,0,1,0.145
波司登保暖九分裤,0,0,0,0,1,0,0,0,0,1,0.145
陌生人火锅餐厅,0,0,0,0,1,0,0,0,0,1,0.145
火锅,0,0,0,0,1,0,0,0,0,1,0.145
代金,0,0,0,0,1,0,0,0,0,1,0.145
苏浙,0,0,0,0,1,0,0,0,0,1,0.145
主题,0,0,0,0,1,0,0,0,0,1,0.145
上海,0,0,0,0,1,0,0,0,0,1,0.145
用户团购数据,0,0,0,0,1,0,0,0,0,1,0.145
注册,0,0,0,0,1,0,0,0,0,1,0.145
缺失值,0,0,0,0,1,0,0,0,0,1,0.145
取样,0,0,0,0,1,0,0,0,0,1,0.145
onlinetooffline,0,0,0,0,1,0,0,0,0,1,0.145
电子会员卡,0,0,0,0,1,0,0,0,0,1,0.145
外卖,0,0,0,0,1,0,0,0,0,1,0.145
餐厅预订,0,0,0,0,1,0,0,0,0,1,0.145
消费优惠,0,0,0,0,1,0,0,0,0,1,0.145
消费点评,0,0,0,0,1,0,0,0,0,1,0.145
商户信息,0,0,0,0,1,0,0,0,0,1,0.145
消费点评网站,0,0,0,0,1,0,0,0,0,1,0.145
交易平台,0,0,0,0,1,0,0,0,0,1,0.145
活信息,0,0,0,0,1,0,0,0,0,1,0.145
本地,0,0,0,0,1,0,0,0,0,1,0.145
di,0,0,0,0,1,0,0,0,0,1,0.145
信息隔,0,0,0,0,1,0,0,0,0,1,0.145
信息效用价值,0,0,0,0,1,0,0,0,0,1,0.145
常数,0,0,0,0,1,0,0,0,0,1,0.145
比重力,0,0,0,0,1,0,0,0,0,1,0.145
信息熠值,0,0,0,0,1,0,0,0,0,1,0.145
比重矩,0,0,0,0,1,0,0,0,0,1,0.145
比重矩阵,0,0,0,0,1,0,0,0,0,1,0.145
标准化值,0,0,0,0,1,0,0,0,0,1,0.145
标准,0,0,0,0,1,0,0,0,0,1,0.145
因量纲,0,0,0,0,1,0,0,0,0,1,0.145
数量级,0,0,0,0,1,0,0,0,0,1,0.145
量纲,0,0,0,0,1,0,0,0,0,1,0.145
标准化,0,0,0,0,1,0,0,0,0,1,0.145
终身价值模型,0,0,0,0,1,0,0,1,0,2,0.29
燧值法,0,0,0,0,1,0,0,0,0,1,0.145
主成分分析法,0,0,0,0,1,0,0,0,0,1,0.145
神经网络,0,0,0,0,1,0,0,0,0,1,0.145
层次,0,0,0,0,1,0,0,0,0,1,0.145
客观,0,0,0,0,1,0,0,0,0,1,0.145
主观,0,0,0,0,1,0,0,0,0,1,0.145
电子商务企业,0,0,0,0,1,0,0,0,0,1,0.145
电商企业,0,0,0,0,1,0,0,0,0,1,0.145
伪尸公,0,0,0,0,1,0,0,0,0,1,0.145
麻陟模型,0,0,0,0,1,0,0,0,0,1,0.145
加模型,0,0,0,0,1,0,0,0,0,1,0.145
正向评论数,0,0,0,0,1,0,0,0,0,1,0.145
评论频率,0,0,0,0,1,0,0,0,0,1,0.145
论时间,0,0,0,0,1,0,0,0,0,1,0.145
rfa,0,0,0,0,1,0,0,0,0,1,0.145
用户影响力,0,0,0,0,1,0,0,0,0,1,0.145
评论影响力,0,0,0,0,1,0,0,0,0,1,0.145
网络社区,0,0,0,0,1,0,0,0,0,1,0.145
情感词,0,0,0,0,1,0,0,0,0,1,0.145
情感变量,0,0,0,0,1,0,0,0,0,1,0.145
rfms模型,0,0,0,0,1,0,0,0,0,1,0.145
线上,0,0,0,0,1,0,0,0,0,1,0.145
rn模型,0,0,0,0,1,0,0,0,0,1,0.145
r尸n模型,0,0,0,0,1,0,0,0,0,1,0.145
火尸模型,0,0,0,0,1,0,0,0,0,1,0.145
户聚类分,0,0,0,0,1,0,0,0,0,1,0.145
群体层面,1,0,0,0,1,0,0,0,0,2,1.145
客户分类,0,0,0,0,1,0,0,0,0,1,0.145
价值感受,0,0,0,6,0,0,0,0,0,6,0.75
clv,0,0,0,5,0,0,0,0,0,5,0.625
时间周期,0,0,0,4,0,0,0,0,0,4,0.5
间接收益,0,0,0,4,0,0,0,0,0,4,0.5
直接收益,0,0,0,4,0,0,0,0,0,4,0.5
客户收入,0,0,0,3,0,0,0,0,0,3,0.375
获取成本,0,0,0,3,0,0,0,0,0,3,0.375
交易金额,0,0,0,2,0,0,0,0,0,2,0.25
收益,0,0,0,2,0,0,0,0,0,2,0.25
现值,0,0,0,2,0,0,0,0,0,2,0.25
预期收益,0,0,0,2,0,0,0,0,0,2,0.25
顾客,0,0,0,2,0,0,0,0,0,2,0.25
建财法,0,0,0,1,0,0,0,0,0,1,0.125
贴现率口,0,0,0,1,0,0,0,0,0,1,0.125
bg/nbd,0,0,0,1,0,0,0,0,0,1,0.125
口碑效应参数,0,0,0,1,0,0,0,0,0,1,0.125
产毛,0,0,0,1,0,0,0,0,0,1,0.125
口碑效应价值,0,0,0,1,0,0,0,0,0,1,0.125
购买价值,0,0,0,1,0,0,0,0,0,1,0.125
pchurn,0,0,0,1,0,0,0,0,0,1,0.125
历史利润,0,0,0,1,0,0,0,0,0,1,0.125
时间周期数,0,0,0,1,0,0,0,0,0,1,0.125
总时间周期数,0,0,0,1,0,0,0,0,0,1,0.125
nj,0,0,0,1,0,0,0,0,0,1,0.125
客户忠诚,0,0,0,1,0,0,0,0,0,1,0.125
三维模型,0,0,0,1,0,0,0,0,0,1,0.125
eui,0,0,0,1,0,0,0,0,0,1,0.125
jung,0,0,0,1,0,0,0,0,0,1,0.125
折现率,0,0,0,1,0,0,0,0,0,1,0.125
资本成本,0,0,0,1,0,0,0,0,0,1,0.125
r时刻,0,0,0,1,0,0,0,0,0,1,0.125
互联网用户,0,0,0,1,0,0,0,0,0,1,0.125
成本因素,0,0,0,1,0,0,0,0,0,1,0.125
成本因,0,0,0,1,0,0,0,0,0,1,0.125
客户现金流,0,0,0,1,0,0,0,0,0,1,0.125
口碑效应,0,0,0,1,0,0,0,0,0,1,0.125
直接收入,0,0,0,1,0,0,0,0,0,1,0.125
服务成本,0,0,0,1,0,0,0,0,0,1,0.125
销售成本,0,0,0,1,0,0,0,0,0,1,0.125
营业收入,0,0,0,1,0,0,0,0,0,1,0.125
盈利客户,0,0,0,1,0,0,0,0,0,1,0.125
平均资本成本,0,0,0,1,0,0,0,0,0,1,0.125
加权,0,0,0,1,0,0,0,0,0,1,0.125
生命周,0,0,0,1,0,0,0,0,0,1,0.125
沟通,0,0,0,1,0,0,0,0,0,1,0.125
服务,0,0,0,1,0,0,0,0,0,1,0.125
毛利润,0,0,0,1,0,0,0,0,0,1,0.125
customerlifetimevalue,0,0,0,1,0,0,0,0,0,1,0.125
顾客终身价值,0,0,0,1,0,0,0,0,0,1,0.125
认知价值,0,0,0,1,0,0,0,0,0,1,0.125
顾客价值,0,0,0,1,0,0,0,0,0,1,0.125
gamma模型,0,0,0,1,0,0,0,0,0,1,0.125
回归模型,0,0,0,0,0,3,3,0,0,6,0.8699999999999999
预测次数,0,0,0,0,0,1,1,0,0,2,0.29
消费金额模型,0,0,0,0,0,0,0,4,0,4,0.58
尺度参数,0,0,0,0,0,0,0,3,0,3,0.43499999999999994
形状参数,0,0,0,0,0,0,0,2,0,2,0.29
加权平均值,0,0,0,0,0,0,0,1,0,1,0.145
拆分表达式,0,0,0,0,0,0,0,1,0,1,0.145
期望均值,0,0,0,0,0,0,0,1,0,1,0.145
后验分布,0,0,0,0,0,0,0,1,0,1,0.145
二压臀,0,0,0,0,0,0,0,1,0,1,0.145
皿石,0,0,0,0,0,0,0,1,0,1,0.145
方差,0,0,0,0,0,0,0,1,0,1,0.145
逆伽玛分布函数,0,0,0,0,0,0,0,1,0,1,0.145
变量替换,0,0,0,0,0,0,0,1,0,1,0.145
随机变量,0,0,0,0,0,0,0,1,0,1,0.145
欧谶加,0,0,0,0,0,0,0,1,0,1,0.145
异质《,0,0,0,0,0,0,0,1,0,1,0.145
zf,0,0,0,0,0,0,0,1,0,1,0.145
均值分布特征,0,0,0,0,0,0,0,1,0,1,0.145
估计参数,0,0,0,0,0,0,0,1,0,1,0.145
消费,0,0,0,0,0,0,0,1,0,1,0.145
均值分布函数,0,0,0,0,0,0,0,1,0,1,0.145
道费金额,0,0,0,0,0,0,0,1,0,1,0.145
77,0,0,0,0,0,0,0,1,0,1,0.145
gammasavx,0,0,0,0,0,0,0,1,0,1,0.145
伽玛分布标度,0,0,0,0,0,0,0,1,0,1,0.145
卷积性质,0,0,0,0,0,0,0,1,0,1,0.145
vpz,0,0,0,0,0,0,0,1,0,1,0.145
对马分布,0,0,0,0,0,0,0,1,0,1,0.145
对称分布,0,0,0,0,0,0,0,1,0,1,0.145
伽马分布,0,0,0,0,0,0,0,1,0,1,0.145
消费金额值,0,0,0,0,0,0,0,1,0,1,0.145
半契约情景,0,0,0,0,0,0,0,1,0,1,0.145
交易行,0,0,0,0,0,0,0,1,0,1,0.145
个体层面,1,0,0,0,0,0,0,1,0,2,1.145
评论金额,0,0,0,0,0,0,0,1,0,1,0.145
客户消费分析,0,0,0,0,0,0,0,1,0,1,0.145
客户消费金额,0,0,0,0,0,0,0,1,0,1,0.145
流失模型,0,0,0,0,0,2,0,0,0,2,0.29
团购业,0,0,0,0,0,2,0,0,0,2,0.29
信用得分,0,0,0,0,0,1,0,0,0,1,0.145
教育,0,0,0,0,0,1,0,0,0,1,0.145
用户收入,0,0,0,0,0,1,0,0,0,1,0.145
维度,0,0,0,0,0,1,0,0,0,1,0.145
流失阳,0,0,0,0,0,1,0,0,0,1,0.145
交易频率,0,0,0,0,0,1,0,0,0,1,0.145
数量,0,0,0,0,0,1,0,0,0,1,0.145
基础积分,0,0,0,0,0,1,0,0,0,1,0.145
购买频次,0,0,0,0,0,1,0,0,0,1,0.145
口叫,0,0,0,0,0,1,0,0,0,1,0.145
收入,0,0,0,0,0,1,0,0,0,1,0.145
客户流失预测模型,0,0,0,0,0,1,0,0,0,1,0.145
商业银行,0,0,0,0,0,1,0,0,0,1,0.145
人口统计变量,0,0,0,0,0,1,0,0,0,1,0.145
用户流失预测模型,0,0,0,0,0,1,0,0,0,1,0.145
用户职业,0,0,0,0,0,1,0,0,0,1,0.145
用户类别,0,0,0,0,0,1,0,0,0,1,0.145
程度,0,0,0,0,0,1,0,0,0,1,0.145
买行为,0,0,0,0,0,1,0,0,0,1,0.145
RFM模型,0,1,0,0,0,0,0,0,0,1,2.0
购买行为预测,0,1,0,0,0,0,0,0,0,1,2.0
评论行为预测,0,1,0,0,0,0,0,0,0,1,2.0
群体,2,0,0,0,0,0,0,0,0,2,2.0
sp,1,0,0,0,0,0,0,0,0,1,1.0
cha,1,0,0,0,0,0,0,0,0,1,1.0
delsofourpaper,1,0,0,0,0,0,0,0,0,1,1.0
aggregatelevel,1,0,0,0,0,0,0,0,0,1,1.0
dividuall,1,0,0,0,0,0,0,0,0,1,1.0
aggregate,1,0,0,0,0,0,0,0,0,1,1.0
vel,1,0,0,0,0,0,0,0,0,1,1.0
weuse,1,0,0,0,0,0,0,0,0,1,1.0
fmmodelast,1,0,0,0,0,0,0,0,0,1,1.0
cmode,1,0,0,0,0,0,0,0,0,1,1.0
fi,1,0,0,0,0,0,0,0,0,1,1.0
riable,1,0,0,0,0,0,0,0,0,1,1.0
ria,1,0,0,0,0,0,0,0,0,1,1.0
ntothe,1,0,0,0,0,0,0,0,0,1,1.0
nbdmode,1,0,0,0,0,0,0,0,0,1,1.0
wealsousethelog,1,0,0,0,0,0,0,0,0,1,1.0
nd,1,0,0,0,0,0,0,0,0,1,1.0
thematical,1,0,0,0,0,0,0,0,0,1,1.0
dy,1,0,0,0,0,0,0,0,0,1,1.0
ing,1,0,0,0,0,0,0,0,0,1,1.0
now,1,0,0,0,0,0,0,0,0,1,1.0
ys,1,0,0,0,0,0,0,0,0,1,1.0
analyzethecus,1,0,0,0,0,0,0,0,0,1,1.0
hemathema,1,0,0,0,0,0,0,0,0,1,1.0
omthis,1,0,0,0,0,0,0,0,0,1,1.0
mension,1,0,0,0,0,0,0,0,0,1,1.0
ity,1,0,0,0,0,0,0,0,0,1,1.0
during,1,0,0,0,0,0,0,0,0,1,1.0
ther,1,0,0,0,0,0,0,0,0,1,1.0
ative,1,0,0,0,0,0,0,0,0,1,1.0
enterprise,1,0,0,0,0,0,0,0,0,1,1.0
customercan,1,0,0,0,0,0,0,0,0,1,1.0
val,1,0,0,0,0,0,0,0,0,1,1.0
ag,1,0,0,0,0,0,0,0,0,1,1.0
gate,1,0,0,0,0,0,0,0,0,1,1.0
客户流失行,1,0,0,0,0,0,0,0,0,1,1.0
金融世,1,0,0,0,0,0,0,0,0,1,1.0
月供,1,0,0,0,0,0,0,0,0,1,1.0
loglt,1,0,0,0,0,0,0,0,0,1,1.0
科学,1,0,0,0,0,0,0,0,0,1,1.0
web2.0,1,0,0,0,0,0,0,0,0,1,1.0
内容管理,1,0,0,0,0,0,0,0,0,1,1.0
自然科学,1,0,0,0,0,0,0,0,0,1,1.0
户终生价值建模,1,0,0,0,0,0,0,0,0,1,1.0
营销决策,1,0,0,0,0,0,0,0,0,1,1.0
社交网络,1,0,0,0,0,0,0,0,0,1,1.0
网络传播,1,0,0,0,0,0,0,0,0,1,1.0
木火互联网体系,1,0,0,0,0,0,0,0,0,1,1.0
网络,1,0,0,0,0,0,0,0,0,1,1.0
社会资本,1,0,0,0,0,0,0,0,0,1,1.0
企业网络,1,0,0,0,0,0,0,0,0,1,1.0
舆情沟通,1,0,0,0,0,0,0,0,0,1,1.0
客户特征,1,0,0,0,0,0,0,0,0,1,1.0
点评类网站,1,0,0,0,0,0,0,0,0,1,1.0
社交类网站,1,0,0,0,0,0,0,0,0,1,1.0
文字,1,0,0,0,0,0,0,0,0,1,1.0
数学模型,1,0,0,0,0,0,0,0,0,1,1.0
