parent_url,parent_name,this_url,name,level,word_frequency
面向5G的空间耦合技术研究_2级_8,传统空间耦合LDPC码终止方案,面向5G的空间耦合技术研究_知识点_1,尾比特,4,10
面向5G的空间耦合技术研究_2级_8,传统空间耦合LDPC码终止方案,面向5G的空间耦合技术研究_知识点_2,序列,4,6
面向5G的空间耦合技术研究_2级_8,传统空间耦合LDPC码终止方案,面向5G的空间耦合技术研究_知识点_3,编码,4,6
面向5G的空间耦合技术研究_2级_8,传统空间耦合LDPC码终止方案,面向5G的空间耦合技术研究_知识点_4,矩阵,4,3
面向5G的空间耦合技术研究_2级_8,传统空间耦合LDPC码终止方案,面向5G的空间耦合技术研究_知识点_5,ldpc码,4,3
面向5G的空间耦合技术研究_2级_8,传统空间耦合LDPC码终止方案,面向5G的空间耦合技术研究_知识点_6,相关性,4,2
面向5G的空间耦合技术研究_2级_8,传统空间耦合LDPC码终止方案,面向5G的空间耦合技术研究_知识点_7,线性系统,4,2
面向5G的空间耦合技术研究_2级_8,传统空间耦合LDPC码终止方案,面向5G的空间耦合技术研究_知识点_8,寄存器,4,2
面向5G的空间耦合技术研究_2级_8,传统空间耦合LDPC码终止方案,面向5G的空间耦合技术研究_知识点_9,校验子,4,2
面向5G的空间耦合技术研究_2级_8,传统空间耦合LDPC码终止方案,面向5G的空间耦合技术研究_知识点_10,编码器,4,2
面向5G的空间耦合技术研究_2级_8,传统空间耦合LDPC码终止方案,面向5G的空间耦合技术研究_知识点_11,尾比特序列,4,2
面向5G的空间耦合技术研究_2级_8,传统空间耦合LDPC码终止方案,面向5G的空间耦合技术研究_知识点_12,移位寄存器,4,2
面向5G的空间耦合技术研究_2级_8,传统空间耦合LDPC码终止方案,面向5G的空间耦合技术研究_知识点_13,校验矩阵,4,1
面向5G的空间耦合技术研究_2级_8,传统空间耦合LDPC码终止方案,面向5G的空间耦合技术研究_知识点_14,长空间耦合,4,1
面向5G的空间耦合技术研究_2级_8,传统空间耦合LDPC码终止方案,面向5G的空间耦合技术研究_知识点_15,有限码,4,1
面向5G的空间耦合技术研究_2级_8,传统空间耦合LDPC码终止方案,面向5G的空间耦合技术研究_知识点_16,校验子编码器,4,1
面向5G的空间耦合技术研究_2级_8,传统空间耦合LDPC码终止方案,面向5G的空间耦合技术研究_知识点_17,xc矩阵,4,1
面向5G的空间耦合技术研究_2级_8,传统空间耦合LDPC码终止方案,面向5G的空间耦合技术研究_知识点_18,逆矩阵,4,1
面向5G的空间耦合技术研究_2级_8,传统空间耦合LDPC码终止方案,面向5G的空间耦合技术研究_知识点_19,线性组合,4,1
面向5G的空间耦合技术研究_2级_8,传统空间耦合LDPC码终止方案,面向5G的空间耦合技术研究_知识点_20,尾序列,4,1
面向5G的空间耦合技术研究_2级_8,传统空间耦合LDPC码终止方案,面向5G的空间耦合技术研究_知识点_21,满秩矩阵,4,1
面向5G的空间耦合技术研究_2级_8,传统空间耦合LDPC码终止方案,面向5G的空间耦合技术研究_知识点_22,零向量,4,1
面向5G的空间耦合技术研究_2级_8,传统空间耦合LDPC码终止方案,面向5G的空间耦合技术研究_知识点_23,长度,4,1
面向5G的空间耦合技术研究_2级_8,传统空间耦合LDPC码终止方案,面向5G的空间耦合技术研究_知识点_24,校验,4,1
面向5G的空间耦合技术研究_2级_8,传统空间耦合LDPC码终止方案,面向5G的空间耦合技术研究_知识点_25,冗余,4,1
面向5G的空间耦合技术研究_2级_8,传统空间耦合LDPC码终止方案,面向5G的空间耦合技术研究_知识点_26,等式,4,1
面向5G的空间耦合技术研究_2级_8,传统空间耦合LDPC码终止方案,面向5G的空间耦合技术研究_知识点_27,线性,4,1
面向5G的空间耦合技术研究_2级_8,传统空间耦合LDPC码终止方案,面向5G的空间耦合技术研究_知识点_28,等式线性,4,1
面向5G的空间耦合技术研究_2级_8,传统空间耦合LDPC码终止方案,面向5G的空间耦合技术研究_知识点_29,时刻寄存器,4,1
面向5G的空间耦合技术研究_2级_8,传统空间耦合LDPC码终止方案,面向5G的空间耦合技术研究_知识点_30,比特时寄存器,4,1
面向5G的空间耦合技术研究_2级_8,传统空间耦合LDPC码终止方案,面向5G的空间耦合技术研究_知识点_31,符号,4,1
面向5G的空间耦合技术研究_2级_8,传统空间耦合LDPC码终止方案,面向5G的空间耦合技术研究_知识点_32,编码过程,4,1
面向5G的空间耦合技术研究_2级_8,传统空间耦合LDPC码终止方案,面向5G的空间耦合技术研究_知识点_33,数值,4,1
面向5G的空间耦合技术研究_2级_8,传统空间耦合LDPC码终止方案,面向5G的空间耦合技术研究_知识点_34,比特,4,1
面向5G的空间耦合技术研究_2级_8,传统空间耦合LDPC码终止方案,面向5G的空间耦合技术研究_知识点_35,空间耦合,4,1
面向5G的空间耦合技术研究_2级_8,传统空间耦合LDPC码终止方案,面向5G的空间耦合技术研究_知识点_36,全零序列,4,1
面向5G的空间耦合技术研究_2级_8,传统空间耦合LDPC码终止方案,面向5G的空间耦合技术研究_知识点_37,卷积码,4,1
面向5G的空间耦合技术研究_2级_8,传统空间耦合LDPC码终止方案,面向5G的空间耦合技术研究_知识点_38,译码过程,4,1
面向5G的空间耦合技术研究_2级_8,传统空间耦合LDPC码终止方案,面向5G的空间耦合技术研究_知识点_39,接收端,4,1
面向5G的空间耦合技术研究_2级_8,传统空间耦合LDPC码终止方案,面向5G的空间耦合技术研究_知识点_40,编码效率,4,1
面向5G的空间耦合技术研究_2级_8,传统空间耦合LDPC码终止方案,面向5G的空间耦合技术研究_知识点_41,空间耦合ldpc码,4,1
面向5G的空间耦合技术研究_2级_8,传统空间耦合LDPC码终止方案,面向5G的空间耦合技术研究_知识点_42,迭代编码算法,4,1
面向5G的空间耦合技术研究_2级_8,传统空间耦合LDPC码终止方案,面向5G的空间耦合技术研究_知识点_43,传统空间耦合,4,1
面向5G的空间耦合技术研究_2级_9,传统空间耦合LDPC码译码,面向5G的空间耦合技术研究_知识点_44,译码,4,6
面向5G的空间耦合技术研究_2级_9,传统空间耦合LDPC码译码,面向5G的空间耦合技术研究_知识点_45,ldpc码,4,5
面向5G的空间耦合技术研究_2级_9,传统空间耦合LDPC码译码,面向5G的空间耦合技术研究_知识点_46,空间耦合,4,5
面向5G的空间耦合技术研究_2级_9,传统空间耦合LDPC码译码,面向5G的空间耦合技术研究_知识点_47,窗译码,4,4
面向5G的空间耦合技术研究_2级_9,传统空间耦合LDPC码译码,面向5G的空间耦合技术研究_知识点_48,空间耦合ldpc码,4,4
面向5G的空间耦合技术研究_2级_9,传统空间耦合LDPC码译码,面向5G的空间耦合技术研究_知识点_49,并行译码,4,3
面向5G的空间耦合技术研究_2级_9,传统空间耦合LDPC码译码,面向5G的空间耦合技术研究_知识点_50,译码窗口,4,3
面向5G的空间耦合技术研究_2级_9,传统空间耦合LDPC码译码,面向5G的空间耦合技术研究_知识点_51,窗口,4,3
面向5G的空间耦合技术研究_2级_9,传统空间耦合LDPC码译码,面向5G的空间耦合技术研究_知识点_52,变量节点,4,3
面向5G的空间耦合技术研究_2级_9,传统空间耦合LDPC码译码,面向5G的空间耦合技术研究_知识点_53,变量,4,2
面向5G的空间耦合技术研究_2级_9,传统空间耦合LDPC码译码,面向5G的空间耦合技术研究_知识点_54,迭代时刻,4,2
面向5G的空间耦合技术研究_2级_9,传统空间耦合LDPC码译码,面向5G的空间耦合技术研究_知识点_55,节点,4,2
面向5G的空间耦合技术研究_2级_9,传统空间耦合LDPC码译码,面向5G的空间耦合技术研究_知识点_56,目标符号,4,2
面向5G的空间耦合技术研究_2级_9,传统空间耦合LDPC码译码,面向5G的空间耦合技术研究_知识点_57,符号,4,2
面向5G的空间耦合技术研究_2级_9,传统空间耦合LDPC码译码,面向5G的空间耦合技术研究_知识点_58,校验节点,4,2
面向5G的空间耦合技术研究_2级_9,传统空间耦合LDPC码译码,面向5G的空间耦合技术研究_知识点_59,迭代,4,2
面向5G的空间耦合技术研究_2级_9,传统空间耦合LDPC码译码,面向5G的空间耦合技术研究_知识点_60,置信传播,4,2
面向5G的空间耦合技术研究_2级_9,传统空间耦合LDPC码译码,面向5G的空间耦合技术研究_知识点_61,奇偶校验矩阵,4,2
面向5G的空间耦合技术研究_2级_9,传统空间耦合LDPC码译码,面向5G的空间耦合技术研究_知识点_62,迭代译码,4,1
面向5G的空间耦合技术研究_2级_9,传统空间耦合LDPC码译码,面向5G的空间耦合技术研究_知识点_63,序列,4,1
面向5G的空间耦合技术研究_2级_9,传统空间耦合LDPC码译码,面向5G的空间耦合技术研究_知识点_64,有限窗,4,1
面向5G的空间耦合技术研究_2级_9,传统空间耦合LDPC码译码,面向5G的空间耦合技术研究_知识点_65,时间间隔,4,1
面向5G的空间耦合技术研究_2级_9,传统空间耦合LDPC码译码,面向5G的空间耦合技术研究_知识点_66,原模图,4,1
面向5G的空间耦合技术研究_2级_9,传统空间耦合LDPC码译码,面向5G的空间耦合技术研究_知识点_67,存储,4,1
面向5G的空间耦合技术研究_2级_9,传统空间耦合LDPC码译码,面向5G的空间耦合技术研究_知识点_68,译码复杂度,4,1
面向5G的空间耦合技术研究_2级_9,传统空间耦合LDPC码译码,面向5G的空间耦合技术研究_知识点_69,ldpc块状码,4,1
面向5G的空间耦合技术研究_2级_9,传统空间耦合LDPC码译码,面向5G的空间耦合技术研究_知识点_70,关联,4,1
面向5G的空间耦合技术研究_2级_9,传统空间耦合LDPC码译码,面向5G的空间耦合技术研究_知识点_71,窗译码算法,4,1
面向5G的空间耦合技术研究_2级_9,传统空间耦合LDPC码译码,面向5G的空间耦合技术研究_知识点_72,时间延迟,4,1
面向5G的空间耦合技术研究_2级_9,传统空间耦合LDPC码译码,面向5G的空间耦合技术研究_知识点_73,码字,4,1
面向5G的空间耦合技术研究_2级_9,传统空间耦合LDPC码译码,面向5G的空间耦合技术研究_知识点_74,bp译码窗口,4,1
面向5G的空间耦合技术研究_2级_9,传统空间耦合LDPC码译码,面向5G的空间耦合技术研究_知识点_75,bp译码,4,1
面向5G的空间耦合技术研究_2级_9,传统空间耦合LDPC码译码,面向5G的空间耦合技术研究_知识点_76,校验矩阵,4,1
面向5G的空间耦合技术研究_2级_9,传统空间耦合LDPC码译码,面向5G的空间耦合技术研究_知识点_77,bp迭代,4,1
面向5G的空间耦合技术研究_2级_9,传统空间耦合LDPC码译码,面向5G的空间耦合技术研究_知识点_78,窗口译码,4,1
面向5G的空间耦合技术研究_2级_9,传统空间耦合LDPC码译码,面向5G的空间耦合技术研究_知识点_79,矩阵,4,1
面向5G的空间耦合技术研究_2级_9,传统空间耦合LDPC码译码,面向5G的空间耦合技术研究_知识点_80,滑动窗译码,4,1
面向5G的空间耦合技术研究_2级_9,传统空间耦合LDPC码译码,面向5G的空间耦合技术研究_知识点_81,连续译码,4,1
面向5G的空间耦合技术研究_2级_9,传统空间耦合LDPC码译码,面向5G的空间耦合技术研究_知识点_82,数据,4,1
面向5G的空间耦合技术研究_2级_9,传统空间耦合LDPC码译码,面向5G的空间耦合技术研究_知识点_83,bp算法,4,1
面向5G的空间耦合技术研究_2级_9,传统空间耦合LDPC码译码,面向5G的空间耦合技术研究_知识点_84,校验,4,1
面向5G的空间耦合技术研究_2级_9,传统空间耦合LDPC码译码,面向5G的空间耦合技术研究_知识点_85,奇偶校验,4,1
面向5G的空间耦合技术研究_2级_9,传统空间耦合LDPC码译码,面向5G的空间耦合技术研究_知识点_86,卷积结构,4,1
面向5G的空间耦合技术研究_2级_9,传统空间耦合LDPC码译码,面向5G的空间耦合技术研究_知识点_87,算法,4,1
面向5G的空间耦合技术研究_2级_9,传统空间耦合LDPC码译码,面向5G的空间耦合技术研究_知识点_88,bp,4,1
面向5G的空间耦合技术研究_2级_9,传统空间耦合LDPC码译码,面向5G的空间耦合技术研究_知识点_89,迭代信息传播算法,4,1
面向5G的空间耦合技术研究_2级_9,传统空间耦合LDPC码译码,面向5G的空间耦合技术研究_知识点_90,维特比译码,4,1
面向5G的空间耦合技术研究_2级_9,传统空间耦合LDPC码译码,面向5G的空间耦合技术研究_知识点_91,码长,4,1
面向5G的空间耦合技术研究_2级_9,传统空间耦合LDPC码译码,面向5G的空间耦合技术研究_知识点_92,长度,4,1
面向5G的空间耦合技术研究_2级_9,传统空间耦合LDPC码译码,面向5G的空间耦合技术研究_知识点_93,复杂度,4,1
面向5G的空间耦合技术研究_2级_9,传统空间耦合LDPC码译码,面向5G的空间耦合技术研究_知识点_94,维特比译码器,4,1
面向5G的空间耦合技术研究_2级_9,传统空间耦合LDPC码译码,面向5G的空间耦合技术研究_知识点_95,卷积码,4,1
面向5G的空间耦合技术研究_2级_9,传统空间耦合LDPC码译码,面向5G的空间耦合技术研究_知识点_96,ldpc码译码,4,1
面向5G的空间耦合技术研究_2级_9,传统空间耦合LDPC码译码,面向5G的空间耦合技术研究_知识点_97,传统空间耦合,4,1
面向5G的空间耦合技术研究_3级_5,基于原模图的构造方式,面向5G的空间耦合技术研究_知识点_98,空间耦合ldpc码,4,2
面向5G的空间耦合技术研究_3级_5,基于原模图的构造方式,面向5G的空间耦合技术研究_知识点_99,原模图,4,2
面向5G的空间耦合技术研究_3级_5,基于原模图的构造方式,面向5G的空间耦合技术研究_知识点_100,变量节点,4,1
面向5G的空间耦合技术研究_3级_5,基于原模图的构造方式,面向5G的空间耦合技术研究_知识点_101,校验节点,4,1
面向5G的空间耦合技术研究_3级_8,部分校验子前项方案,面向5G的空间耦合技术研究_知识点_102,校验子,4,6
面向5G的空间耦合技术研究_3级_8,部分校验子前项方案,面向5G的空间耦合技术研究_知识点_103,编码器,4,4
面向5G的空间耦合技术研究_3级_8,部分校验子前项方案,面向5G的空间耦合技术研究_知识点_104,空间耦合,4,4
面向5G的空间耦合技术研究_3级_8,部分校验子前项方案,面向5G的空间耦合技术研究_知识点_105,ldpc码,4,3
面向5G的空间耦合技术研究_3级_8,部分校验子前项方案,面向5G的空间耦合技术研究_知识点_106,编码,4,3
面向5G的空间耦合技术研究_3级_8,部分校验子前项方案,面向5G的空间耦合技术研究_知识点_107,校验比特,4,2
面向5G的空间耦合技术研究_3级_8,部分校验子前项方案,面向5G的空间耦合技术研究_知识点_108,信息序列,4,2
面向5G的空间耦合技术研究_3级_8,部分校验子前项方案,面向5G的空间耦合技术研究_知识点_109,移位寄存器,4,2
面向5G的空间耦合技术研究_3级_8,部分校验子前项方案,面向5G的空间耦合技术研究_知识点_110,效率,4,1
面向5G的空间耦合技术研究_3级_8,部分校验子前项方案,面向5G的空间耦合技术研究_知识点_111,数据流,4,1
面向5G的空间耦合技术研究_3级_8,部分校验子前项方案,面向5G的空间耦合技术研究_知识点_112,递归编码算法,4,1
面向5G的空间耦合技术研究_3级_8,部分校验子前项方案,面向5G的空间耦合技术研究_知识点_113,存储单元,4,1
面向5G的空间耦合技术研究_3级_8,部分校验子前项方案,面向5G的空间耦合技术研究_知识点_114,递归,4,1
面向5G的空间耦合技术研究_3级_8,部分校验子前项方案,面向5G的空间耦合技术研究_知识点_115,单位阵,4,1
面向5G的空间耦合技术研究_3级_8,部分校验子前项方案,面向5G的空间耦合技术研究_知识点_116,满秩矩阵,4,1
面向5G的空间耦合技术研究_3级_8,部分校验子前项方案,面向5G的空间耦合技术研究_知识点_117,xb矩阵,4,1
面向5G的空间耦合技术研究_3级_8,部分校验子前项方案,面向5G的空间耦合技术研究_知识点_118,校验子矩阵,4,1
面向5G的空间耦合技术研究_3级_8,部分校验子前项方案,面向5G的空间耦合技术研究_知识点_119,比特寸,4,1
面向5G的空间耦合技术研究_3级_8,部分校验子前项方案,面向5G的空间耦合技术研究_知识点_120,信息,4,1
面向5G的空间耦合技术研究_3级_8,部分校验子前项方案,面向5G的空间耦合技术研究_知识点_121,时刻编码器,4,1
面向5G的空间耦合技术研究_3级_8,部分校验子前项方案,面向5G的空间耦合技术研究_知识点_122,编码子序列,4,1
面向5G的空间耦合技术研究_3级_8,部分校验子前项方案,面向5G的空间耦合技术研究_知识点_123,校验子系数,4,1
面向5G的空间耦合技术研究_3级_8,部分校验子前项方案,面向5G的空间耦合技术研究_知识点_124,时刻,4,1
面向5G的空间耦合技术研究_3级_8,部分校验子前项方案,面向5G的空间耦合技术研究_知识点_125,部分校验子,4,1
面向5G的空间耦合技术研究_3级_8,部分校验子前项方案,面向5G的空间耦合技术研究_知识点_126,零向量,4,1
面向5G的空间耦合技术研究_3级_8,部分校验子前项方案,面向5G的空间耦合技术研究_知识点_127,时序列,4,1
面向5G的空间耦合技术研究_3级_8,部分校验子前项方案,面向5G的空间耦合技术研究_知识点_128,码字序列,4,1
面向5G的空间耦合技术研究_3级_8,部分校验子前项方案,面向5G的空间耦合技术研究_知识点_129,系统编码,4,1
面向5G的空间耦合技术研究_3级_8,部分校验子前项方案,面向5G的空间耦合技术研究_知识点_130,复杂度,4,1
面向5G的空间耦合技术研究_3级_8,部分校验子前项方案,面向5G的空间耦合技术研究_知识点_131,ldpc码编码,4,1
面向5G的空间耦合技术研究_3级_8,部分校验子前项方案,面向5G的空间耦合技术研究_知识点_132,校验子编码,4,1
面向5G的空间耦合技术研究_2级_21,总结,面向5G的空间耦合技术研究_知识点_133,空间耦合ldpc码,4,3
面向5G的空间耦合技术研究_2级_21,总结,面向5G的空间耦合技术研究_知识点_134,尾部变量节点,4,3
面向5G的空间耦合技术研究_2级_21,总结,面向5G的空间耦合技术研究_知识点_135,校验节点,4,2
面向5G的空间耦合技术研究_2级_21,总结,面向5G的空间耦合技术研究_知识点_136,变量节点,4,2
面向5G的空间耦合技术研究_2级_21,总结,面向5G的空间耦合技术研究_知识点_137,性能,4,1
面向5G的空间耦合技术研究_2级_21,总结,面向5G的空间耦合技术研究_知识点_138,仿真,4,1
面向5G的空间耦合技术研究_2级_21,总结,面向5G的空间耦合技术研究_知识点_139,终止结构,4,1
面向5G的空间耦合技术研究_2级_21,总结,面向5G的空间耦合技术研究_知识点_140,尾部节点,4,1
面向5G的空间耦合技术研究_2级_21,总结,面向5G的空间耦合技术研究_知识点_141,时间延迟,4,1
面向5G的空间耦合技术研究_2级_21,总结,面向5G的空间耦合技术研究_知识点_142,已编码比特,4,1
面向5G的空间耦合技术研究_2级_21,总结,面向5G的空间耦合技术研究_知识点_143,ra比特,4,1
面向5G的空间耦合技术研究_2级_21,总结,面向5G的空间耦合技术研究_知识点_144,比特,4,1
面向5G的空间耦合技术研究_2级_21,总结,面向5G的空间耦合技术研究_知识点_145,连接,4,1
面向5G的空间耦合技术研究_2级_21,总结,面向5G的空间耦合技术研究_知识点_146,状态,4,1
面向5G的空间耦合技术研究_2级_21,总结,面向5G的空间耦合技术研究_知识点_147,寄存器,4,1
面向5G的空间耦合技术研究_2级_21,总结,面向5G的空间耦合技术研究_知识点_148,编码,4,1
面向5G的空间耦合技术研究_2级_21,总结,面向5G的空间耦合技术研究_知识点_149,奇偶节点,4,1
面向5G的空间耦合技术研究_2级_21,总结,面向5G的空间耦合技术研究_知识点_150,积累码,4,1
面向5G的空间耦合技术研究_2级_21,总结,面向5G的空间耦合技术研究_知识点_151,空间,4,1
面向5G的空间耦合技术研究_2级_21,总结,面向5G的空间耦合技术研究_知识点_152,ldpg码,4,1
面向5G的空间耦合技术研究_2级_21,总结,面向5G的空间耦合技术研究_知识点_153,空间耦合,4,1
面向5G的空间耦合技术研究_2级_21,总结,面向5G的空间耦合技术研究_知识点_154,低延时,4,1
面向5G的空间耦合技术研究_2级_21,总结,面向5G的空间耦合技术研究_知识点_155,复杂度,4,1
面向5G的空间耦合技术研究_2级_22,本文的主要工作和贡献,面向5G的空间耦合技术研究_知识点_156,ldpc码,4,17
面向5G的空间耦合技术研究_2级_22,本文的主要工作和贡献,面向5G的空间耦合技术研究_知识点_157,空间耦合ldpc码,4,16
面向5G的空间耦合技术研究_2级_22,本文的主要工作和贡献,面向5G的空间耦合技术研究_知识点_158,空间耦合,4,11
面向5G的空间耦合技术研究_2级_22,本文的主要工作和贡献,面向5G的空间耦合技术研究_知识点_159,尾比特,4,4
面向5G的空间耦合技术研究_2级_22,本文的主要工作和贡献,面向5G的空间耦合技术研究_知识点_160,校验矩阵结构,4,4
面向5G的空间耦合技术研究_2级_22,本文的主要工作和贡献,面向5G的空间耦合技术研究_知识点_161,校验矩阵,4,4
面向5G的空间耦合技术研究_2级_22,本文的主要工作和贡献,面向5G的空间耦合技术研究_知识点_162,复杂度,4,3
面向5G的空间耦合技术研究_2级_22,本文的主要工作和贡献,面向5G的空间耦合技术研究_知识点_163,迭代编码,4,3
面向5G的空间耦合技术研究_2级_22,本文的主要工作和贡献,面向5G的空间耦合技术研究_知识点_164,终止,4,3
面向5G的空间耦合技术研究_2级_22,本文的主要工作和贡献,面向5G的空间耦合技术研究_知识点_165,递归编码,4,3
面向5G的空间耦合技术研究_2级_22,本文的主要工作和贡献,面向5G的空间耦合技术研究_知识点_166,子结构,4,3
面向5G的空间耦合技术研究_2级_22,本文的主要工作和贡献,面向5G的空间耦合技术研究_知识点_167,性能,4,3
面向5G的空间耦合技术研究_2级_22,本文的主要工作和贡献,面向5G的空间耦合技术研究_知识点_168,密度演进,4,3
面向5G的空间耦合技术研究_2级_22,本文的主要工作和贡献,面向5G的空间耦合技术研究_知识点_169,速率,4,3
面向5G的空间耦合技术研究_2级_22,本文的主要工作和贡献,面向5G的空间耦合技术研究_知识点_170,ldpccode,4,2
面向5G的空间耦合技术研究_2级_22,本文的主要工作和贡献,面向5G的空间耦合技术研究_知识点_171,at,4,2
面向5G的空间耦合技术研究_2级_22,本文的主要工作和贡献,面向5G的空间耦合技术研究_知识点_172,ei检索,4,2
面向5G的空间耦合技术研究_2级_22,本文的主要工作和贡献,面向5G的空间耦合技术研究_知识点_173,延时,4,2
面向5G的空间耦合技术研究_2级_22,本文的主要工作和贡献,面向5G的空间耦合技术研究_知识点_174,有限码长空间,4,2
面向5G的空间耦合技术研究_2级_22,本文的主要工作和贡献,面向5G的空间耦合技术研究_知识点_175,变量节点度,4,2
面向5G的空间耦合技术研究_2级_22,本文的主要工作和贡献,面向5G的空间耦合技术研究_知识点_176,节点度,4,2
面向5G的空间耦合技术研究_2级_22,本文的主要工作和贡献,面向5G的空间耦合技术研究_知识点_177,校验比特,4,2
面向5G的空间耦合技术研究_2级_22,本文的主要工作和贡献,面向5G的空间耦合技术研究_知识点_178,阈值,4,2
面向5G的空间耦合技术研究_2级_22,本文的主要工作和贡献,面向5G的空间耦合技术研究_知识点_179,性能分析,4,2
面向5G的空间耦合技术研究_2级_22,本文的主要工作和贡献,面向5G的空间耦合技术研究_知识点_180,速率空间,4,2
面向5G的空间耦合技术研究_2级_22,本文的主要工作和贡献,面向5G的空间耦合技术研究_知识点_181,ation,4,1
面向5G的空间耦合技术研究_2级_22,本文的主要工作和贡献,面向5G的空间耦合技术研究_知识点_182,ru,4,1
面向5G的空间耦合技术研究_2级_22,本文的主要工作和贡献,面向5G的空间耦合技术研究_知识点_183,cient,4,1
面向5G的空间耦合技术研究_2级_22,本文的主要工作和贡献,面向5G的空间耦合技术研究_知识点_184,编码效率,4,1
面向5G的空间耦合技术研究_2级_22,本文的主要工作和贡献,面向5G的空间耦合技术研究_知识点_185,有限码长空间耦合,4,1
面向5G的空间耦合技术研究_2级_22,本文的主要工作和贡献,面向5G的空间耦合技术研究_知识点_186,节点,4,1
面向5G的空间耦合技术研究_2级_22,本文的主要工作和贡献,面向5G的空间耦合技术研究_知识点_187,原模图,4,1
面向5G的空间耦合技术研究_2级_22,本文的主要工作和贡献,面向5G的空间耦合技术研究_知识点_188,重复积累码,4,1
面向5G的空间耦合技术研究_2级_22,本文的主要工作和贡献,面向5G的空间耦合技术研究_知识点_189,长空间空间,4,1
面向5G的空间耦合技术研究_2级_22,本文的主要工作和贡献,面向5G的空间耦合技术研究_知识点_190,产权,4,1
面向5G的空间耦合技术研究_2级_22,本文的主要工作和贡献,面向5G的空间耦合技术研究_知识点_191,低密度奇偶校验码,4,1
面向5G的空间耦合技术研究_2级_22,本文的主要工作和贡献,面向5G的空间耦合技术研究_知识点_192,orandmobileradiocommunica,4,1
面向5G的空间耦合技术研究_2级_22,本文的主要工作和贡献,面向5G的空间耦合技术研究_知识点_193,symposiumonpersonal,4,1
面向5G的空间耦合技术研究_2级_22,本文的主要工作和贡献,面向5G的空间耦合技术研究_知识点_194,temational,4,1
面向5G的空间耦合技术研究_2级_22,本文的主要工作和贡献,面向5G的空间耦合技术研究_知识点_195,witharbitrary,4,1
面向5G的空间耦合技术研究_2级_22,本文的主要工作和贡献,面向5G的空间耦合技术研究_知识点_196,ding,4,1
面向5G的空间耦合技术研究_2级_22,本文的主要工作和贡献,面向5G的空间耦合技术研究_知识点_197,ive,4,1
面向5G的空间耦合技术研究_2级_22,本文的主要工作和贡献,面向5G的空间耦合技术研究_知识点_198,编译码,4,1
面向5G的空间耦合技术研究_2级_22,本文的主要工作和贡献,面向5G的空间耦合技术研究_知识点_199,块状码编码,4,1
面向5G的空间耦合技术研究_2级_22,本文的主要工作和贡献,面向5G的空间耦合技术研究_知识点_200,变量节点,4,1
面向5G的空间耦合技术研究_2级_22,本文的主要工作和贡献,面向5G的空间耦合技术研究_知识点_201,校验节点度,4,1
面向5G的空间耦合技术研究_2级_22,本文的主要工作和贡献,面向5G的空间耦合技术研究_知识点_202,迭代编译码,4,1
面向5G的空间耦合技术研究_2级_22,本文的主要工作和贡献,面向5G的空间耦合技术研究_知识点_203,空间复杂度,4,1
面向5G的空间耦合技术研究_2级_22,本文的主要工作和贡献,面向5G的空间耦合技术研究_知识点_204,时间,4,1
面向5G的空间耦合技术研究_2级_22,本文的主要工作和贡献,面向5G的空间耦合技术研究_知识点_205,仿真测试,4,1
面向5G的空间耦合技术研究_2级_22,本文的主要工作和贡献,面向5G的空间耦合技术研究_知识点_206,终止方案,4,1
面向5G的空间耦合技术研究_2级_22,本文的主要工作和贡献,面向5G的空间耦合技术研究_知识点_207,传统编译码,4,1
面向5G的空间耦合技术研究_2级_22,本文的主要工作和贡献,面向5G的空间耦合技术研究_知识点_208,迭代计算,4,1
面向5G的空间耦合技术研究_2级_22,本文的主要工作和贡献,面向5G的空间耦合技术研究_知识点_209,递归,4,1
面向5G的空间耦合技术研究_2级_22,本文的主要工作和贡献,面向5G的空间耦合技术研究_知识点_210,尾部比特,4,1
面向5G的空间耦合技术研究_2级_22,本文的主要工作和贡献,面向5G的空间耦合技术研究_知识点_211,比特,4,1
面向5G的空间耦合技术研究_2级_22,本文的主要工作和贡献,面向5G的空间耦合技术研究_知识点_212,连接,4,1
面向5G的空间耦合技术研究_2级_22,本文的主要工作和贡献,面向5G的空间耦合技术研究_知识点_213,)尾比,4,1
面向5G的空间耦合技术研究_2级_22,本文的主要工作和贡献,面向5G的空间耦合技术研究_知识点_214,repeat-accumula,4,1
面向5G的空间耦合技术研究_2级_22,本文的主要工作和贡献,面向5G的空间耦合技术研究_知识点_215,积累码,4,1
面向5G的空间耦合技术研究_2级_22,本文的主要工作和贡献,面向5G的空间耦合技术研究_知识点_216,尾比,4,1
面向5G的空间耦合技术研究_2级_22,本文的主要工作和贡献,面向5G的空间耦合技术研究_知识点_217,状态,4,1
面向5G的空间耦合技术研究_2级_22,本文的主要工作和贡献,面向5G的空间耦合技术研究_知识点_218,寄存器,4,1
面向5G的空间耦合技术研究_2级_22,本文的主要工作和贡献,面向5G的空间耦合技术研究_知识点_219,高效递归编码,4,1
面向5G的空间耦合技术研究_2级_22,本文的主要工作和贡献,面向5G的空间耦合技术研究_知识点_220,非整数,4,1
面向5G的空间耦合技术研究_2级_22,本文的主要工作和贡献,面向5G的空间耦合技术研究_知识点_221,信息比特,4,1
面向5G的空间耦合技术研究_2级_22,本文的主要工作和贡献,面向5G的空间耦合技术研究_知识点_222,校验子,4,1
面向5G的空间耦合技术研究_2级_22,本文的主要工作和贡献,面向5G的空间耦合技术研究_知识点_223,奇偶校验矩阵,4,1
面向5G的空间耦合技术研究_2级_22,本文的主要工作和贡献,面向5G的空间耦合技术研究_知识点_224,递归编码算法,4,1
面向5G的空间耦合技术研究_2级_22,本文的主要工作和贡献,面向5G的空间耦合技术研究_知识点_225,可递归编码,4,1
面向5G的空间耦合技术研究_2级_22,本文的主要工作和贡献,面向5G的空间耦合技术研究_知识点_226,低延时编码,4,1
面向5G的空间耦合技术研究_2级_22,本文的主要工作和贡献,面向5G的空间耦合技术研究_知识点_227,低复杂度,4,1
面向5G的空间耦合技术研究_2级_22,本文的主要工作和贡献,面向5G的空间耦合技术研究_知识点_228,速率空间耦,4,1
面向5G的空间耦合技术研究_2级_22,本文的主要工作和贡献,面向5G的空间耦合技术研究_知识点_229,可视化图形,4,1
面向5G的空间耦合技术研究_2级_22,本文的主要工作和贡献,面向5G的空间耦合技术研究_知识点_230,译码器性能,4,1
面向5G的空间耦合技术研究_2级_22,本文的主要工作和贡献,面向5G的空间耦合技术研究_知识点_231,exit,4,1
面向5G的空间耦合技术研究_2级_22,本文的主要工作和贡献,面向5G的空间耦合技术研究_知识点_232,自信息,4,1
面向5G的空间耦合技术研究_2级_22,本文的主要工作和贡献,面向5G的空间耦合技术研究_知识点_233,llr,4,1
面向5G的空间耦合技术研究_2级_22,本文的主要工作和贡献,面向5G的空间耦合技术研究_知识点_234,译码,4,1
面向5G的空间耦合技术研究_2级_22,本文的主要工作和贡献,面向5G的空间耦合技术研究_知识点_235,exit函数图,4,1
面向5G的空间耦合技术研究_2级_22,本文的主要工作和贡献,面向5G的空间耦合技术研究_知识点_236,编译码性能,4,1
面向5G的空间耦合技术研究_2级_22,本文的主要工作和贡献,面向5G的空间耦合技术研究_知识点_237,译码能力,4,1
面向5G的空间耦合技术研究_2级_22,本文的主要工作和贡献,面向5G的空间耦合技术研究_知识点_238,最大噪声程度,4,1
面向5G的空间耦合技术研究_2级_22,本文的主要工作和贡献,面向5G的空间耦合技术研究_知识点_239,信道,4,1
面向5G的空间耦合技术研究_2级_22,本文的主要工作和贡献,面向5G的空间耦合技术研究_知识点_240,bp算法,4,1
面向5G的空间耦合技术研究_2级_22,本文的主要工作和贡献,面向5G的空间耦合技术研究_知识点_241,exit图,4,1
面向5G的空间耦合技术研究_2级_22,本文的主要工作和贡献,面向5G的空间耦合技术研究_知识点_242,可达速率,4,1
面向5G的空间耦合技术研究_2级_22,本文的主要工作和贡献,面向5G的空间耦合技术研究_知识点_243,迭代编码算法,4,1
面向5G的空间耦合技术研究_2级_22,本文的主要工作和贡献,面向5G的空间耦合技术研究_知识点_244,低复杂度低延时编码,4,1
面向5G的空间耦合技术研究_2级_15,仿真结果及其分析,面向5G的空间耦合技术研究_知识点_245,空间耦合ldpc码,4,10
面向5G的空间耦合技术研究_2级_15,仿真结果及其分析,面向5G的空间耦合技术研究_知识点_246,ldpc码,4,3
面向5G的空间耦合技术研究_2级_15,仿真结果及其分析,面向5G的空间耦合技术研究_知识点_247,空间耦合,4,3
面向5G的空间耦合技术研究_2级_15,仿真结果及其分析,面向5G的空间耦合技术研究_知识点_248,bp阈值,4,3
面向5G的空间耦合技术研究_2级_15,仿真结果及其分析,面向5G的空间耦合技术研究_知识点_249,性能,4,2
面向5G的空间耦合技术研究_2级_15,仿真结果及其分析,面向5G的空间耦合技术研究_知识点_250,ber曲线,4,2
面向5G的空间耦合技术研究_2级_15,仿真结果及其分析,面向5G的空间耦合技术研究_知识点_251,香农极限,4,2
面向5G的空间耦合技术研究_2级_15,仿真结果及其分析,面向5G的空间耦合技术研究_知识点_252,速率,4,2
面向5G的空间耦合技术研究_2级_15,仿真结果及其分析,面向5G的空间耦合技术研究_知识点_253,bp阈,4,2
面向5G的空间耦合技术研究_2级_15,仿真结果及其分析,面向5G的空间耦合技术研究_知识点_254,bec信道,4,2
面向5G的空间耦合技术研究_2级_15,仿真结果及其分析,面向5G的空间耦合技术研究_知识点_255,迭代编码,4,1
面向5G的空间耦合技术研究_2级_15,仿真结果及其分析,面向5G的空间耦合技术研究_知识点_256,ber性能,4,1
面向5G的空间耦合技术研究_2级_15,仿真结果及其分析,面向5G的空间耦合技术研究_知识点_257,虚线,4,1
面向5G的空间耦合技术研究_2级_15,仿真结果及其分析,面向5G的空间耦合技术研究_知识点_258,仙农,4,1
面向5G的空间耦合技术研究_2级_15,仿真结果及其分析,面向5G的空间耦合技术研究_知识点_259,点线,4,1
面向5G的空间耦合技术研究_2级_15,仿真结果及其分析,面向5G的空间耦合技术研究_知识点_260,耦合数,4,1
面向5G的空间耦合技术研究_2级_15,仿真结果及其分析,面向5G的空间耦合技术研究_知识点_261,扩展系数,4,1
面向5G的空间耦合技术研究_2级_15,仿真结果及其分析,面向5G的空间耦合技术研究_知识点_262,曲线,4,1
面向5G的空间耦合技术研究_2级_15,仿真结果及其分析,面向5G的空间耦合技术研究_知识点_263,ber,4,1
面向5G的空间耦合技术研究_2级_15,仿真结果及其分析,面向5G的空间耦合技术研究_知识点_264,比特差错率,4,1
面向5G的空间耦合技术研究_2级_15,仿真结果及其分析,面向5G的空间耦合技术研究_知识点_265,te,4,1
面向5G的空间耦合技术研究_2级_15,仿真结果及其分析,面向5G的空间耦合技术研究_知识点_266,间隔,4,1
面向5G的空间耦合技术研究_2级_15,仿真结果及其分析,面向5G的空间耦合技术研究_知识点_267,节点,4,1
面向5G的空间耦合技术研究_2级_15,仿真结果及其分析,面向5G的空间耦合技术研究_知识点_268,校验节点,4,1
面向5G的空间耦合技术研究_2级_15,仿真结果及其分析,面向5G的空间耦合技术研究_知识点_269,变量节点,4,1
面向5G的空间耦合技术研究_2级_15,仿真结果及其分析,面向5G的空间耦合技术研究_知识点_270,长度,4,1
面向5G的空间耦合技术研究_2级_15,仿真结果及其分析,面向5G的空间耦合技术研究_知识点_271,耦合链,4,1
面向5G的空间耦合技术研究_2级_15,仿真结果及其分析,面向5G的空间耦合技术研究_知识点_272,比特差错率性能曲线,4,1
面向5G的空间耦合技术研究_2级_15,仿真结果及其分析,面向5G的空间耦合技术研究_知识点_273,阈值,4,1
面向5G的空间耦合技术研究_2级_15,仿真结果及其分析,面向5G的空间耦合技术研究_知识点_274,置信传播,4,1
面向5G的空间耦合技术研究_2级_15,仿真结果及其分析,面向5G的空间耦合技术研究_知识点_275,仿真,4,1
面向5G的空间耦合技术研究_2级_15,仿真结果及其分析,面向5G的空间耦合技术研究_知识点_276,bec,4,1
面向5G的空间耦合技术研究_2级_15,仿真结果及其分析,面向5G的空间耦合技术研究_知识点_277,二进制差错信道,4,1
面向5G的空间耦合技术研究_2级_15,仿真结果及其分析,面向5G的空间耦合技术研究_知识点_278,仿真结,4,1
面向5G的空间耦合技术研究_2级_3,信道编码技术及其发展,面向5G的空间耦合技术研究_知识点_279,信号,4,7
面向5G的空间耦合技术研究_2级_3,信道编码技术及其发展,面向5G的空间耦合技术研究_知识点_280,信道编码,4,5
面向5G的空间耦合技术研究_2级_3,信道编码技术及其发展,面向5G的空间耦合技术研究_知识点_281,信道,4,5
面向5G的空间耦合技术研究_2级_3,信道编码技术及其发展,面向5G的空间耦合技术研究_知识点_282,干扰,4,4
面向5G的空间耦合技术研究_2级_3,信道编码技术及其发展,面向5G的空间耦合技术研究_知识点_283,传输速率,4,3
面向5G的空间耦合技术研究_2级_3,信道编码技术及其发展,面向5G的空间耦合技术研究_知识点_284,比特,4,2
面向5G的空间耦合技术研究_2级_3,信道编码技术及其发展,面向5G的空间耦合技术研究_知识点_285,抗干扰能力,4,2
面向5G的空间耦合技术研究_2级_3,信道编码技术及其发展,面向5G的空间耦合技术研究_知识点_286,传输,4,2
面向5G的空间耦合技术研究_2级_3,信道编码技术及其发展,面向5G的空间耦合技术研究_知识点_287,接收端,4,2
面向5G的空间耦合技术研究_2级_3,信道编码技术及其发展,面向5G的空间耦合技术研究_知识点_288,噪声,4,2
面向5G的空间耦合技术研究_2级_3,信道编码技术及其发展,面向5G的空间耦合技术研究_知识点_289,信道编码技术,4,2
面向5G的空间耦合技术研究_2级_3,信道编码技术及其发展,面向5G的空间耦合技术研究_知识点_290,信息序列,4,1
面向5G的空间耦合技术研究_2级_3,信道编码技术及其发展,面向5G的空间耦合技术研究_知识点_291,性能,4,1
面向5G的空间耦合技术研究_2级_3,信道编码技术及其发展,面向5G的空间耦合技术研究_知识点_292,可构造信道编码,4,1
面向5G的空间耦合技术研究_2级_3,信道编码技术及其发展,面向5G的空间耦合技术研究_知识点_293,传输问,4,1
面向5G的空间耦合技术研究_2级_3,信道编码技术及其发展,面向5G的空间耦合技术研究_知识点_294,信道传输过程,4,1
面向5G的空间耦合技术研究_2级_3,信道编码技术及其发展,面向5G的空间耦合技术研究_知识点_295,译码器,4,1
面向5G的空间耦合技术研究_2级_3,信道编码技术及其发展,面向5G的空间耦合技术研究_知识点_296,编码器,4,1
面向5G的空间耦合技术研究_2级_3,信道编码技术及其发展,面向5G的空间耦合技术研究_知识点_297,信道编码定理,4,1
面向5G的空间耦合技术研究_2级_3,信道编码技术及其发展,面向5G的空间耦合技术研究_知识点_298,信宿能,4,1
面向5G的空间耦合技术研究_2级_3,信道编码技术及其发展,面向5G的空间耦合技术研究_知识点_299,纠错,4,1
面向5G的空间耦合技术研究_2级_3,信道编码技术及其发展,面向5G的空间耦合技术研究_知识点_300,概率,4,1
面向5G的空间耦合技术研究_2级_3,信道编码技术及其发展,面向5G的空间耦合技术研究_知识点_301,igk跃,4,1
面向5G的空间耦合技术研究_2级_3,信道编码技术及其发展,面向5G的空间耦合技术研究_知识点_302,图象,4,1
面向5G的空间耦合技术研究_2级_3,信道编码技术及其发展,面向5G的空间耦合技术研究_知识点_303,视频,4,1
面向5G的空间耦合技术研究_2级_3,信道编码技术及其发展,面向5G的空间耦合技术研究_知识点_304,手机,4,1
面向5G的空间耦合技术研究_2级_3,信道编码技术及其发展,面向5G的空间耦合技术研究_知识点_305,火车,4,1
面向5G的空间耦合技术研究_2级_3,信道编码技术及其发展,面向5G的空间耦合技术研究_知识点_306,信息,4,1
面向5G的空间耦合技术研究_2级_3,信道编码技术及其发展,面向5G的空间耦合技术研究_知识点_307,误码,4,1
面向5G的空间耦合技术研究_2级_3,信道编码技术及其发展,面向5G的空间耦合技术研究_知识点_308,发送端,4,1
面向5G的空间耦合技术研究_2级_3,信道编码技术及其发展,面向5G的空间耦合技术研究_知识点_309,信息流,4,1
面向5G的空间耦合技术研究_2级_3,信道编码技术及其发展,面向5G的空间耦合技术研究_知识点_310,传输信道,4,1
面向5G的空间耦合技术研究_2级_3,信道编码技术及其发展,面向5G的空间耦合技术研究_知识点_311,通信系统,4,1
面向5G的空间耦合技术研究_3级_9,可达速率,面向5G的空间耦合技术研究_知识点_312,可达速率,4,2
面向5G的空间耦合技术研究_3级_9,可达速率,面向5G的空间耦合技术研究_知识点_313,信道编码性能,4,1
面向5G的空间耦合技术研究_3级_9,可达速率,面向5G的空间耦合技术研究_知识点_314,信息量,4,1
面向5G的空间耦合技术研究_3级_9,可达速率,面向5G的空间耦合技术研究_知识点_315,符号,4,1
面向5G的空间耦合技术研究_3级_9,可达速率,面向5G的空间耦合技术研究_知识点_316,编码,4,1
面向5G的空间耦合技术研究_3级_9,可达速率,面向5G的空间耦合技术研究_知识点_317,信道,4,1
面向5G的空间耦合技术研究_3级_9,可达速率,面向5G的空间耦合技术研究_知识点_318,信息,4,1
面向5G的空间耦合技术研究_3级_9,可达速率,面向5G的空间耦合技术研究_知识点_319,冗余符号,4,1
面向5G的空间耦合技术研究_3级_9,可达速率,面向5G的空间耦合技术研究_知识点_320,序列,4,1
面向5G的空间耦合技术研究_3级_9,可达速率,面向5G的空间耦合技术研究_知识点_321,信源,4,1
面向5G的空间耦合技术研究_3级_9,可达速率,面向5G的空间耦合技术研究_知识点_322,信道编码,4,1
面向5G的空间耦合技术研究_1级_3,任意速率可迭代编码空间耦合LDPC码方案研究,面向5G的空间耦合技术研究_知识点_323,ldpc码,4,13
面向5G的空间耦合技术研究_1级_3,任意速率可迭代编码空间耦合LDPC码方案研究,面向5G的空间耦合技术研究_知识点_324,空间耦合,4,10
面向5G的空间耦合技术研究_1级_3,任意速率可迭代编码空间耦合LDPC码方案研究,面向5G的空间耦合技术研究_知识点_325,空间耦合ldpc码,4,4
面向5G的空间耦合技术研究_1级_3,任意速率可迭代编码空间耦合LDPC码方案研究,面向5G的空间耦合技术研究_知识点_326,速率,4,4
面向5G的空间耦合技术研究_1级_3,任意速率可迭代编码空间耦合LDPC码方案研究,面向5G的空间耦合技术研究_知识点_327,迭代编码,4,3
面向5G的空间耦合技术研究_1级_3,任意速率可迭代编码空间耦合LDPC码方案研究,面向5G的空间耦合技术研究_知识点_328,迭代编码算法,4,3
面向5G的空间耦合技术研究_1级_3,任意速率可迭代编码空间耦合LDPC码方案研究,面向5G的空间耦合技术研究_知识点_329,性能,4,3
面向5G的空间耦合技术研究_1级_3,任意速率可迭代编码空间耦合LDPC码方案研究,面向5G的空间耦合技术研究_知识点_330,比特,4,2
面向5G的空间耦合技术研究_1级_3,任意速率可迭代编码空间耦合LDPC码方案研究,面向5G的空间耦合技术研究_知识点_331,连接,4,2
面向5G的空间耦合技术研究_1级_3,任意速率可迭代编码空间耦合LDPC码方案研究,面向5G的空间耦合技术研究_知识点_332,节点,4,2
面向5G的空间耦合技术研究_1级_3,任意速率可迭代编码空间耦合LDPC码方案研究,面向5G的空间耦合技术研究_知识点_333,编码,4,2
面向5G的空间耦合技术研究_1级_3,任意速率可迭代编码空间耦合LDPC码方案研究,面向5G的空间耦合技术研究_知识点_334,复杂度,4,2
面向5G的空间耦合技术研究_1级_3,任意速率可迭代编码空间耦合LDPC码方案研究,面向5G的空间耦合技术研究_知识点_335,性能分析,4,1
面向5G的空间耦合技术研究_1级_3,任意速率可迭代编码空间耦合LDPC码方案研究,面向5G的空间耦合技术研究_知识点_336,有限码长空间耦合,4,1
面向5G的空间耦合技术研究_1级_3,任意速率可迭代编码空间耦合LDPC码方案研究,面向5G的空间耦合技术研究_知识点_337,置信传播阈值,4,1
面向5G的空间耦合技术研究_1级_3,任意速率可迭代编码空间耦合LDPC码方案研究,面向5G的空间耦合技术研究_知识点_338,信息,4,1
面向5G的空间耦合技术研究_1级_3,任意速率可迭代编码空间耦合LDPC码方案研究,面向5G的空间耦合技术研究_知识点_339,校验比特,4,1
面向5G的空间耦合技术研究_1级_3,任意速率可迭代编码空间耦合LDPC码方案研究,面向5G的空间耦合技术研究_知识点_340,速率空间耦合,4,1
面向5G的空间耦合技术研究_1级_3,任意速率可迭代编码空间耦合LDPC码方案研究,面向5G的空间耦合技术研究_知识点_341,校验矩阵,4,1
面向5G的空间耦合技术研究_1级_3,任意速率可迭代编码空间耦合LDPC码方案研究,面向5G的空间耦合技术研究_知识点_342,延时效应,4,1
面向5G的空间耦合技术研究_1级_3,任意速率可迭代编码空间耦合LDPC码方案研究,面向5G的空间耦合技术研究_知识点_343,杂度,4,1
面向5G的空间耦合技术研究_1级_3,任意速率可迭代编码空间耦合LDPC码方案研究,面向5G的空间耦合技术研究_知识点_344,低延迟,4,1
面向5G的空间耦合技术研究_1级_3,任意速率可迭代编码空间耦合LDPC码方案研究,面向5G的空间耦合技术研究_知识点_345,码率,4,1
面向5G的空间耦合技术研究_1级_3,任意速率可迭代编码空间耦合LDPC码方案研究,面向5G的空间耦合技术研究_知识点_346,低复杂度编译码算法,4,1
面向5G的空间耦合技术研究_1级_3,任意速率可迭代编码空间耦合LDPC码方案研究,面向5G的空间耦合技术研究_知识点_347,编译码算法,4,1
面向5G的空间耦合技术研究_1级_3,任意速率可迭代编码空间耦合LDPC码方案研究,面向5G的空间耦合技术研究_知识点_348,编码空间,4,1
面向5G的空间耦合技术研究_3级_4,二进制擦除侑道(BEC)信道,面向5G的空间耦合技术研究_知识点_349,信道,4,6
面向5G的空间耦合技术研究_3级_4,二进制擦除侑道(BEC)信道,面向5G的空间耦合技术研究_知识点_350,比特,4,5
面向5G的空间耦合技术研究_3级_4,二进制擦除侑道(BEC)信道,面向5G的空间耦合技术研究_知识点_351,信号,4,4
面向5G的空间耦合技术研究_3级_4,二进制擦除侑道(BEC)信道,面向5G的空间耦合技术研究_知识点_352,擦除概率,4,3
面向5G的空间耦合技术研究_3级_4,二进制擦除侑道(BEC)信道,面向5G的空间耦合技术研究_知识点_353,概率,4,2
面向5G的空间耦合技术研究_3级_4,二进制擦除侑道(BEC)信道,面向5G的空间耦合技术研究_知识点_354,bec信道,4,2
面向5G的空间耦合技术研究_3级_4,二进制擦除侑道(BEC)信道,面向5G的空间耦合技术研究_知识点_355,二进制擦除信道,4,2
面向5G的空间耦合技术研究_3级_4,二进制擦除侑道(BEC)信道,面向5G的空间耦合技术研究_知识点_356,bec,4,2
面向5G的空间耦合技术研究_3级_4,二进制擦除侑道(BEC)信道,面向5G的空间耦合技术研究_知识点_357,输出端,4,1
面向5G的空间耦合技术研究_3级_4,二进制擦除侑道(BEC)信道,面向5G的空间耦合技术研究_知识点_358,二进制,4,1
面向5G的空间耦合技术研究_3级_4,二进制擦除侑道(BEC)信道,面向5G的空间耦合技术研究_知识点_359,bec信道模型,4,1
面向5G的空间耦合技术研究_3级_4,二进制擦除侑道(BEC)信道,面向5G的空间耦合技术研究_知识点_360,接收端,4,1
面向5G的空间耦合技术研究_3级_4,二进制擦除侑道(BEC)信道,面向5G的空间耦合技术研究_知识点_361,发射端,4,1
面向5G的空间耦合技术研究_3级_4,二进制擦除侑道(BEC)信道,面向5G的空间耦合技术研究_知识点_362,信息,4,1
面向5G的空间耦合技术研究_3级_4,二进制擦除侑道(BEC)信道,面向5G的空间耦合技术研究_知识点_363,编码理论,4,1
面向5G的空间耦合技术研究_3级_4,二进制擦除侑道(BEC)信道,面向5G的空间耦合技术研究_知识点_364,信息理论,4,1
面向5G的空间耦合技术研究_3级_4,二进制擦除侑道(BEC)信道,面向5G的空间耦合技术研究_知识点_365,通信传输信道模型,4,1
面向5G的空间耦合技术研究_3级_4,二进制擦除侑道(BEC)信道,面向5G的空间耦合技术研究_知识点_366,二进制擦除侑道,4,1
面向5G的空间耦合技术研究_2级_2,常用信道介绍,面向5G的空间耦合技术研究_知识点_367,信道,4,3
面向5G的空间耦合技术研究_2级_2,常用信道介绍,面向5G的空间耦合技术研究_知识点_368,bsc,4,1
面向5G的空间耦合技术研究_2级_2,常用信道介绍,面向5G的空间耦合技术研究_知识点_369,二进制对称信道,4,1
面向5G的空间耦合技术研究_2级_2,常用信道介绍,面向5G的空间耦合技术研究_知识点_370,bec,4,1
面向5G的空间耦合技术研究_2级_2,常用信道介绍,面向5G的空间耦合技术研究_知识点_371,二进制差错信道,4,1
面向5G的空间耦合技术研究_2级_2,常用信道介绍,面向5G的空间耦合技术研究_知识点_372,awgn,4,1
面向5G的空间耦合技术研究_2级_2,常用信道介绍,面向5G的空间耦合技术研究_知识点_373,加性高斯白噪声信道,4,1
面向5G的空间耦合技术研究_2级_2,常用信道介绍,面向5G的空间耦合技术研究_知识点_374,通信系统,4,1
面向5G的空间耦合技术研究_2级_2,常用信道介绍,面向5G的空间耦合技术研究_知识点_375,常用,4,1
面向5G的空间耦合技术研究_2级_13,任意速率可迭代编码空间耦合LDPC码编码算法,面向5G的空间耦合技术研究_知识点_376,编码器,4,4
面向5G的空间耦合技术研究_2级_13,任意速率可迭代编码空间耦合LDPC码编码算法,面向5G的空间耦合技术研究_知识点_377,编码,4,4
面向5G的空间耦合技术研究_2级_13,任意速率可迭代编码空间耦合LDPC码编码算法,面向5G的空间耦合技术研究_知识点_378,ldpc码,4,3
面向5G的空间耦合技术研究_2级_13,任意速率可迭代编码空间耦合LDPC码编码算法,面向5G的空间耦合技术研究_知识点_379,空间耦合,4,3
面向5G的空间耦合技术研究_2级_13,任意速率可迭代编码空间耦合LDPC码编码算法,面向5G的空间耦合技术研究_知识点_380,比特,4,2
面向5G的空间耦合技术研究_2级_13,任意速率可迭代编码空间耦合LDPC码编码算法,面向5G的空间耦合技术研究_知识点_381,初始化,4,2
面向5G的空间耦合技术研究_2级_13,任意速率可迭代编码空间耦合LDPC码编码算法,面向5G的空间耦合技术研究_知识点_382,信息比特,4,2
面向5G的空间耦合技术研究_2级_13,任意速率可迭代编码空间耦合LDPC码编码算法,面向5G的空间耦合技术研究_知识点_383,已编码比特,4,2
面向5G的空间耦合技术研究_2级_13,任意速率可迭代编码空间耦合LDPC码编码算法,面向5G的空间耦合技术研究_知识点_384,校验比特,4,2
面向5G的空间耦合技术研究_2级_13,任意速率可迭代编码空间耦合LDPC码编码算法,面向5G的空间耦合技术研究_知识点_385,转置矩阵,4,2
面向5G的空间耦合技术研究_2级_13,任意速率可迭代编码空间耦合LDPC码编码算法,面向5G的空间耦合技术研究_知识点_386,序列,4,2
面向5G的空间耦合技术研究_2级_13,任意速率可迭代编码空间耦合LDPC码编码算法,面向5G的空间耦合技术研究_知识点_387,校验节点度,4,1
面向5G的空间耦合技术研究_2级_13,任意速率可迭代编码空间耦合LDPC码编码算法,面向5G的空间耦合技术研究_知识点_388,编码复杂度,4,1
面向5G的空间耦合技术研究_2级_13,任意速率可迭代编码空间耦合LDPC码编码算法,面向5G的空间耦合技术研究_知识点_389,移位寄存器,4,1
面向5G的空间耦合技术研究_2级_13,任意速率可迭代编码空间耦合LDPC码编码算法,面向5G的空间耦合技术研究_知识点_390,迭代编码器,4,1
面向5G的空间耦合技术研究_2级_13,任意速率可迭代编码空间耦合LDPC码编码算法,面向5G的空间耦合技术研究_知识点_391,迭代编码过程,4,1
面向5G的空间耦合技术研究_2级_13,任意速率可迭代编码空间耦合LDPC码编码算法,面向5G的空间耦合技术研究_知识点_392,空间耦合ldpc码,4,1
面向5G的空间耦合技术研究_2级_13,任意速率可迭代编码空间耦合LDPC码编码算法,面向5G的空间耦合技术研究_知识点_393,zv,4,1
面向5G的空间耦合技术研究_2级_13,任意速率可迭代编码空间耦合LDPC码编码算法,面向5G的空间耦合技术研究_知识点_394,单位矩阵,4,1
面向5G的空间耦合技术研究_2级_13,任意速率可迭代编码空间耦合LDPC码编码算法,面向5G的空间耦合技术研究_知识点_395,奇偶校验子,4,1
面向5G的空间耦合技术研究_2级_13,任意速率可迭代编码空间耦合LDPC码编码算法,面向5G的空间耦合技术研究_知识点_396,向量,4,1
面向5G的空间耦合技术研究_2级_13,任意速率可迭代编码空间耦合LDPC码编码算法,面向5G的空间耦合技术研究_知识点_397,mxm,4,1
面向5G的空间耦合技术研究_2级_13,任意速率可迭代编码空间耦合LDPC码编码算法,面向5G的空间耦合技术研究_知识点_398,虚线,4,1
面向5G的空间耦合技术研究_2级_13,任意速率可迭代编码空间耦合LDPC码编码算法,面向5G的空间耦合技术研究_知识点_399,子矩阵,4,1
面向5G的空间耦合技术研究_2级_13,任意速率可迭代编码空间耦合LDPC码编码算法,面向5G的空间耦合技术研究_知识点_400,等式,4,1
面向5G的空间耦合技术研究_2级_13,任意速率可迭代编码空间耦合LDPC码编码算法,面向5G的空间耦合技术研究_知识点_401,个子等式,4,1
面向5G的空间耦合技术研究_2级_13,任意速率可迭代编码空间耦合LDPC码编码算法,面向5G的空间耦合技术研究_知识点_402,迭代编码算法,4,1
面向5G的空间耦合技术研究_2级_13,任意速率可迭代编码空间耦合LDPC码编码算法,面向5G的空间耦合技术研究_知识点_403,奇偶校验矩阵,4,1
面向5G的空间耦合技术研究_2级_13,任意速率可迭代编码空间耦合LDPC码编码算法,面向5G的空间耦合技术研究_知识点_404,码后序列,4,1
面向5G的空间耦合技术研究_2级_13,任意速率可迭代编码空间耦合LDPC码编码算法,面向5G的空间耦合技术研究_知识点_405,校验比特向量,4,1
面向5G的空间耦合技术研究_2级_13,任意速率可迭代编码空间耦合LDPC码编码算法,面向5G的空间耦合技术研究_知识点_406,编码子序列,4,1
面向5G的空间耦合技术研究_2级_13,任意速率可迭代编码空间耦合LDPC码编码算法,面向5G的空间耦合技术研究_知识点_407,信息序列,4,1
面向5G的空间耦合技术研究_2级_13,任意速率可迭代编码空间耦合LDPC码编码算法,面向5G的空间耦合技术研究_知识点_408,ldpc码编码算法,4,1
面向5G的空间耦合技术研究_2级_13,任意速率可迭代编码空间耦合LDPC码编码算法,面向5G的空间耦合技术研究_知识点_409,耦合,4,1
面向5G的空间耦合技术研究_2级_13,任意速率可迭代编码空间耦合LDPC码编码算法,面向5G的空间耦合技术研究_知识点_410,编码空间,4,1
面向5G的空间耦合技术研究_2级_13,任意速率可迭代编码空间耦合LDPC码编码算法,面向5G的空间耦合技术研究_知识点_411,速率,4,1
面向5G的空间耦合技术研究_3级_1,通信系统模型,面向5G的空间耦合技术研究_知识点_412,信息,4,9
面向5G的空间耦合技术研究_3级_1,通信系统模型,面向5G的空间耦合技术研究_知识点_413,信道,4,8
面向5G的空间耦合技术研究_3级_1,通信系统模型,面向5G的空间耦合技术研究_知识点_414,信源,4,7
面向5G的空间耦合技术研究_3级_1,通信系统模型,面向5G的空间耦合技术研究_知识点_415,信宿,4,6
面向5G的空间耦合技术研究_3级_1,通信系统模型,面向5G的空间耦合技术研究_知识点_416,符号,4,5
面向5G的空间耦合技术研究_3级_1,通信系统模型,面向5G的空间耦合技术研究_知识点_417,编码,4,4
面向5G的空间耦合技术研究_3级_1,通信系统模型,面向5G的空间耦合技术研究_知识点_418,信道译码,4,3
面向5G的空间耦合技术研究_3级_1,通信系统模型,面向5G的空间耦合技术研究_知识点_419,解调器,4,3
面向5G的空间耦合技术研究_3级_1,通信系统模型,面向5G的空间耦合技术研究_知识点_420,信源编码,4,3
面向5G的空间耦合技术研究_3级_1,通信系统模型,面向5G的空间耦合技术研究_知识点_421,消息,4,3
面向5G的空间耦合技术研究_3级_1,通信系统模型,面向5G的空间耦合技术研究_知识点_422,通信系统,4,3
面向5G的空间耦合技术研究_3级_1,通信系统模型,面向5G的空间耦合技术研究_知识点_423,信源译码,4,2
面向5G的空间耦合技术研究_3级_1,通信系统模型,面向5G的空间耦合技术研究_知识点_424,译码,4,2
面向5G的空间耦合技术研究_3级_1,通信系统模型,面向5G的空间耦合技术研究_知识点_425,传输,4,2
面向5G的空间耦合技术研究_3级_1,通信系统模型,面向5G的空间耦合技术研究_知识点_426,调制器,4,2
面向5G的空间耦合技术研究_3级_1,通信系统模型,面向5G的空间耦合技术研究_知识点_427,信道编码,4,2
面向5G的空间耦合技术研究_3级_1,通信系统模型,面向5G的空间耦合技术研究_知识点_428,广义信道,4,2
面向5G的空间耦合技术研究_3级_1,通信系统模型,面向5G的空间耦合技术研究_知识点_429,狭义信道,4,2
面向5G的空间耦合技术研究_3级_1,通信系统模型,面向5G的空间耦合技术研究_知识点_430,设备,4,2
面向5G的空间耦合技术研究_3级_1,通信系统模型,面向5G的空间耦合技术研究_知识点_431,香农模型,4,2
面向5G的空间耦合技术研究_3级_1,通信系统模型,面向5G的空间耦合技术研究_知识点_432,香农通信系统模型,4,1
面向5G的空间耦合技术研究_3级_1,通信系统模型,面向5G的空间耦合技术研究_知识点_433,接收端,4,1
面向5G的空间耦合技术研究_3级_1,通信系统模型,面向5G的空间耦合技术研究_知识点_434,接收,4,1
面向5G的空间耦合技术研究_3级_1,通信系统模型,面向5G的空间耦合技术研究_知识点_435,冗余,4,1
面向5G的空间耦合技术研究_3级_1,通信系统模型,面向5G的空间耦合技术研究_知识点_436,信道干扰,4,1
面向5G的空间耦合技术研究_3级_1,通信系统模型,面向5G的空间耦合技术研究_知识点_437,信号,4,1
面向5G的空间耦合技术研究_3级_1,通信系统模型,面向5G的空间耦合技术研究_知识点_438,编码过程译码,4,1
面向5G的空间耦合技术研究_3级_1,通信系统模型,面向5G的空间耦合技术研究_知识点_439,反向过程,4,1
面向5G的空间耦合技术研究_3级_1,通信系统模型,面向5G的空间耦合技术研究_知识点_440,输出符号,4,1
面向5G的空间耦合技术研究_3级_1,通信系统模型,面向5G的空间耦合技术研究_知识点_441,冗余符号,4,1
面向5G的空间耦合技术研究_3级_1,通信系统模型,面向5G的空间耦合技术研究_知识点_442,符号符号,4,1
面向5G的空间耦合技术研究_3级_1,通信系统模型,面向5G的空间耦合技术研究_知识点_443,代码,4,1
面向5G的空间耦合技术研究_3级_1,通信系统模型,面向5G的空间耦合技术研究_知识点_444,信源符号,4,1
面向5G的空间耦合技术研究_3级_1,通信系统模型,面向5G的空间耦合技术研究_知识点_445,传送信号,4,1
面向5G的空间耦合技术研究_3级_1,通信系统模型,面向5G的空间耦合技术研究_知识点_446,bsc,4,1
面向5G的空间耦合技术研究_3级_1,通信系统模型,面向5G的空间耦合技术研究_知识点_447,二进制对称信道,4,1
面向5G的空间耦合技术研究_3级_1,通信系统模型,面向5G的空间耦合技术研究_知识点_448,bec,4,1
面向5G的空间耦合技术研究_3级_1,通信系统模型,面向5G的空间耦合技术研究_知识点_449,二进制差错信道,4,1
面向5G的空间耦合技术研究_3级_1,通信系统模型,面向5G的空间耦合技术研究_知识点_450,awgn,4,1
面向5G的空间耦合技术研究_3级_1,通信系统模型,面向5G的空间耦合技术研究_知识点_451,加性高斯白噪声信道,4,1
面向5G的空间耦合技术研究_3级_1,通信系统模型,面向5G的空间耦合技术研究_知识点_452,连接,4,1
面向5G的空间耦合技术研究_3级_1,通信系统模型,面向5G的空间耦合技术研究_知识点_453,介质,4,1
面向5G的空间耦合技术研究_3级_1,通信系统模型,面向5G的空间耦合技术研究_知识点_454,逻辑信道,4,1
面向5G的空间耦合技术研究_3级_1,通信系统模型,面向5G的空间耦合技术研究_知识点_455,存储介质,4,1
面向5G的空间耦合技术研究_3级_1,通信系统模型,面向5G的空间耦合技术研究_知识点_456,物理通信信道,4,1
面向5G的空间耦合技术研究_3级_1,通信系统模型,面向5G的空间耦合技术研究_知识点_457,中间媒介,4,1
面向5G的空间耦合技术研究_3级_1,通信系统模型,面向5G的空间耦合技术研究_知识点_458,译码器,4,1
面向5G的空间耦合技术研究_3级_1,通信系统模型,面向5G的空间耦合技术研究_知识点_459,编码器,4,1
面向5G的空间耦合技术研究_3级_1,通信系统模型,面向5G的空间耦合技术研究_知识点_460,通道,4,1
面向5G的空间耦合技术研究_3级_1,通信系统模型,面向5G的空间耦合技术研究_知识点_461,传送信息,4,1
面向5G的空间耦合技术研究_3级_1,通信系统模型,面向5G的空间耦合技术研究_知识点_462,计算机,4,1
面向5G的空间耦合技术研究_3级_1,通信系统模型,面向5G的空间耦合技术研究_知识点_463,接受主体,4,1
面向5G的空间耦合技术研究_3级_1,通信系统模型,面向5G的空间耦合技术研究_知识点_464,图像,4,1
面向5G的空间耦合技术研究_3级_1,通信系统模型,面向5G的空间耦合技术研究_知识点_465,语音,4,1
面向5G的空间耦合技术研究_3级_1,通信系统模型,面向5G的空间耦合技术研究_知识点_466,杂志,4,1
面向5G的空间耦合技术研究_3级_1,通信系统模型,面向5G的空间耦合技术研究_知识点_467,书报,4,1
面向5G的空间耦合技术研究_3级_1,通信系统模型,面向5G的空间耦合技术研究_知识点_468,信件,4,1
面向5G的空间耦合技术研究_3级_1,通信系统模型,面向5G的空间耦合技术研究_知识点_469,文件,4,1
面向5G的空间耦合技术研究_3级_1,通信系统模型,面向5G的空间耦合技术研究_知识点_470,单向通信系统,4,1
面向5G的空间耦合技术研究_3级_1,通信系统模型,面向5G的空间耦合技术研究_知识点_471,通信网技,4,1
面向5G的空间耦合技术研究_3级_1,通信系统模型,面向5G的空间耦合技术研究_知识点_472,通信技术,4,1
面向5G的空间耦合技术研究_3级_1,通信系统模型,面向5G的空间耦合技术研究_知识点_473,通信系统模型,4,1
面向5G的空间耦合技术研究_3级_7,校验子前项编码方案,面向5G的空间耦合技术研究_知识点_474,编码,4,4
面向5G的空间耦合技术研究_3级_7,校验子前项编码方案,面向5G的空间耦合技术研究_知识点_475,校验子,4,4
面向5G的空间耦合技术研究_3级_7,校验子前项编码方案,面向5G的空间耦合技术研究_知识点_476,复杂度,4,2
面向5G的空间耦合技术研究_3级_7,校验子前项编码方案,面向5G的空间耦合技术研究_知识点_477,码长,4,2
面向5G的空间耦合技术研究_3级_7,校验子前项编码方案,面向5G的空间耦合技术研究_知识点_478,子矩阵,4,2
面向5G的空间耦合技术研究_3级_7,校验子前项编码方案,面向5G的空间耦合技术研究_知识点_479,ldpc块状码,4,1
面向5G的空间耦合技术研究_3级_7,校验子前项编码方案,面向5G的空间耦合技术研究_知识点_480,空间耦合ldpc码,4,1
面向5G的空间耦合技术研究_3级_7,校验子前项编码方案,面向5G的空间耦合技术研究_知识点_481,比特,4,1
面向5G的空间耦合技术研究_3级_7,校验子前项编码方案,面向5G的空间耦合技术研究_知识点_482,直接编码,4,1
面向5G的空间耦合技术研究_3级_7,校验子前项编码方案,面向5G的空间耦合技术研究_知识点_483,块状码,4,1
面向5G的空间耦合技术研究_3级_7,校验子前项编码方案,面向5G的空间耦合技术研究_知识点_484,ldpc,4,1
面向5G的空间耦合技术研究_3级_7,校验子前项编码方案,面向5G的空间耦合技术研究_知识点_485,长度,4,1
面向5G的空间耦合技术研究_3级_7,校验子前项编码方案,面向5G的空间耦合技术研究_知识点_486,ldpc块状码编码,4,1
面向5G的空间耦合技术研究_3级_7,校验子前项编码方案,面向5G的空间耦合技术研究_知识点_487,记忆长度,4,1
面向5G的空间耦合技术研究_3级_7,校验子前项编码方案,面向5G的空间耦合技术研究_知识点_488,编码复杂度,4,1
面向5G的空间耦合技术研究_3级_7,校验子前项编码方案,面向5G的空间耦合技术研究_知识点_489,存储单元,4,1
面向5G的空间耦合技术研究_3级_7,校验子前项编码方案,面向5G的空间耦合技术研究_知识点_490,迭代求解,4,1
面向5G的空间耦合技术研究_3级_7,校验子前项编码方案,面向5G的空间耦合技术研究_知识点_491,奇偶校验位,4,1
面向5G的空间耦合技术研究_3级_7,校验子前项编码方案,面向5G的空间耦合技术研究_知识点_492,移位寄存器,4,1
面向5G的空间耦合技术研究_3级_7,校验子前项编码方案,面向5G的空间耦合技术研究_知识点_493,旷矿,4,1
面向5G的空间耦合技术研究_3级_7,校验子前项编码方案,面向5G的空间耦合技术研究_知识点_494,系统编码器,4,1
面向5G的空间耦合技术研究_3级_7,校验子前项编码方案,面向5G的空间耦合技术研究_知识点_495,单位矩阵,4,1
面向5G的空间耦合技术研究_3级_7,校验子前项编码方案,面向5G的空间耦合技术研究_知识点_496,线性,4,1
面向5G的空间耦合技术研究_3级_7,校验子前项编码方案,面向5G的空间耦合技术研究_知识点_497,码字,4,1
面向5G的空间耦合技术研究_3级_7,校验子前项编码方案,面向5G的空间耦合技术研究_知识点_498,信息,4,1
面向5G的空间耦合技术研究_3级_7,校验子前项编码方案,面向5G的空间耦合技术研究_知识点_499,满秩,4,1
面向5G的空间耦合技术研究_3级_7,校验子前项编码方案,面向5G的空间耦合技术研究_知识点_500,rez,4,1
面向5G的空间耦合技术研究_3级_7,校验子前项编码方案,面向5G的空间耦合技术研究_知识点_501,特性,4,1
面向5G的空间耦合技术研究_3级_7,校验子前项编码方案,面向5G的空间耦合技术研究_知识点_502,序列,4,1
面向5G的空间耦合技术研究_2级_11,本章总结,面向5G的空间耦合技术研究_知识点_503,编码,4,3
面向5G的空间耦合技术研究_2级_11,本章总结,面向5G的空间耦合技术研究_知识点_504,ldpc码,4,3
面向5G的空间耦合技术研究_2级_11,本章总结,面向5G的空间耦合技术研究_知识点_505,校验子前项算法,4,2
面向5G的空间耦合技术研究_2级_11,本章总结,面向5G的空间耦合技术研究_知识点_506,译码算法,4,2
面向5G的空间耦合技术研究_2级_11,本章总结,面向5G的空间耦合技术研究_知识点_507,编码算法,4,2
面向5G的空间耦合技术研究_2级_11,本章总结,面向5G的空间耦合技术研究_知识点_508,空间耦合,4,2
面向5G的空间耦合技术研究_2级_11,本章总结,面向5G的空间耦合技术研究_知识点_509,递归,4,1
面向5G的空间耦合技术研究_2级_11,本章总结,面向5G的空间耦合技术研究_知识点_510,卷积结构,4,1
面向5G的空间耦合技术研究_2级_11,本章总结,面向5G的空间耦合技术研究_知识点_511,exit,4,1
面向5G的空间耦合技术研究_2级_11,本章总结,面向5G的空间耦合技术研究_知识点_512,密度演进,4,1
面向5G的空间耦合技术研究_2级_11,本章总结,面向5G的空间耦合技术研究_知识点_513,可达速率,4,1
面向5G的空间耦合技术研究_2级_11,本章总结,面向5G的空间耦合技术研究_知识点_514,性能分析工,4,1
面向5G的空间耦合技术研究_2级_11,本章总结,面向5G的空间耦合技术研究_知识点_515,并行译码算法,4,1
面向5G的空间耦合技术研究_2级_11,本章总结,面向5G的空间耦合技术研究_知识点_516,窗译码算法,4,1
面向5G的空间耦合技术研究_2级_11,本章总结,面向5G的空间耦合技术研究_知识点_517,终止,4,1
面向5G的空间耦合技术研究_2级_11,本章总结,面向5G的空间耦合技术研究_知识点_518,空间,4,1
面向5G的空间耦合技术研究_2级_11,本章总结,面向5G的空间耦合技术研究_知识点_519,存储空间,4,1
面向5G的空间耦合技术研究_2级_11,本章总结,面向5G的空间耦合技术研究_知识点_520,校验子,4,1
面向5G的空间耦合技术研究_2级_11,本章总结,面向5G的空间耦合技术研究_知识点_521,校验矩阵,4,1
面向5G的空间耦合技术研究_2级_11,本章总结,面向5G的空间耦合技术研究_知识点_522,原模图,4,1
面向5G的空间耦合技术研究_2级_11,本章总结,面向5G的空间耦合技术研究_知识点_523,性能分析工具,4,1
面向5G的空间耦合技术研究_2级_11,本章总结,面向5G的空间耦合技术研究_知识点_524,传统,4,1
面向5G的空间耦合技术研究_3级_2,5G通信系统介绍,面向5G的空间耦合技术研究_知识点_525,网络,4,11
面向5G的空间耦合技术研究_3级_2,5G通信系统介绍,面向5G的空间耦合技术研究_知识点_526,5g通信系统,4,8
面向5G的空间耦合技术研究_3级_2,5G通信系统介绍,面向5G的空间耦合技术研究_知识点_527,ldpc码,4,7
面向5G的空间耦合技术研究_3级_2,5G通信系统介绍,面向5G的空间耦合技术研究_知识点_528,空间耦合,4,6
面向5G的空间耦合技术研究_3级_2,5G通信系统介绍,面向5G的空间耦合技术研究_知识点_529,系统,4,4
面向5G的空间耦合技术研究_3级_2,5G通信系统介绍,面向5G的空间耦合技术研究_知识点_530,用户,4,4
面向5G的空间耦合技术研究_3级_2,5G通信系统介绍,面向5G的空间耦合技术研究_知识点_531,容量,4,3
面向5G的空间耦合技术研究_3级_2,5G通信系统介绍,面向5G的空间耦合技术研究_知识点_532,移动性,4,3
面向5G的空间耦合技术研究_3级_2,5G通信系统介绍,面向5G的空间耦合技术研究_知识点_533,低功耗,4,3
面向5G的空间耦合技术研究_3级_2,5G通信系统介绍,面向5G的空间耦合技术研究_知识点_534,空口技术,4,3
面向5G的空间耦合技术研究_3级_2,5G通信系统介绍,面向5G的空间耦合技术研究_知识点_535,连接数,4,3
面向5G的空间耦合技术研究_3级_2,5G通信系统介绍,面向5G的空间耦合技术研究_知识点_536,物联网技术,4,3
面向5G的空间耦合技术研究_3级_2,5G通信系统介绍,面向5G的空间耦合技术研究_知识点_537,复杂度,4,2
面向5G的空间耦合技术研究_3级_2,5G通信系统介绍,面向5G的空间耦合技术研究_知识点_538,编码算法,4,2
面向5G的空间耦合技术研究_3级_2,5G通信系统介绍,面向5G的空间耦合技术研究_知识点_539,延时,4,2
面向5G的空间耦合技术研究_3级_2,5G通信系统介绍,面向5G的空间耦合技术研究_知识点_540,全双工系统,4,2
面向5G的空间耦合技术研究_3级_2,5G通信系统介绍,面向5G的空间耦合技术研究_知识点_541,频谱资源,4,2
面向5G的空间耦合技术研究_3级_2,5G通信系统介绍,面向5G的空间耦合技术研究_知识点_542,吞吐量,4,2
面向5G的空间耦合技术研究_3级_2,5G通信系统介绍,面向5G的空间耦合技术研究_知识点_543,空间耦合ldpc码,4,2
面向5G的空间耦合技术研究_3级_2,5G通信系统介绍,面向5G的空间耦合技术研究_知识点_544,频谱效率,4,2
面向5G的空间耦合技术研究_3级_2,5G通信系统介绍,面向5G的空间耦合技术研究_知识点_545,多用户信息,4,2
面向5G的空间耦合技术研究_3级_2,5G通信系统介绍,面向5G的空间耦合技术研究_知识点_546,新型多址技术,4,2
面向5G的空间耦合技术研究_3级_2,5G通信系统介绍,面向5G的空间耦合技术研究_知识点_547,高频,4,2
面向5G的空间耦合技术研究_3级_2,5G通信系统介绍,面向5G的空间耦合技术研究_知识点_548,低频,4,2
面向5G的空间耦合技术研究_3级_2,5G通信系统介绍,面向5G的空间耦合技术研究_知识点_549,网络技术,4,2
面向5G的空间耦合技术研究_3级_2,5G通信系统介绍,面向5G的空间耦合技术研究_知识点_550,无线通信技术,4,2
面向5G的空间耦合技术研究_3级_2,5G通信系统介绍,面向5G的空间耦合技术研究_知识点_551,业务,4,2
面向5G的空间耦合技术研究_3级_2,5G通信系统介绍,面向5G的空间耦合技术研究_知识点_552,漫游,4,2
面向5G的空间耦合技术研究_3级_2,5G通信系统介绍,面向5G的空间耦合技术研究_知识点_553,5g移动通信系统,4,2
面向5G的空间耦合技术研究_3级_2,5G通信系统介绍,面向5G的空间耦合技术研究_知识点_554,大连接,4,2
面向5G的空间耦合技术研究_3级_2,5G通信系统介绍,面向5G的空间耦合技术研究_知识点_555,高容量,4,2
面向5G的空间耦合技术研究_3级_2,5G通信系统介绍,面向5G的空间耦合技术研究_知识点_556,热点,4,2
面向5G的空间耦合技术研究_3级_2,5G通信系统介绍,面向5G的空间耦合技术研究_知识点_557,连续广域覆盖,4,2
面向5G的空间耦合技术研究_3级_2,5G通信系统介绍,面向5G的空间耦合技术研究_知识点_558,全频谱接入,4,2
面向5G的空间耦合技术研究_3级_2,5G通信系统介绍,面向5G的空间耦合技术研究_知识点_559,超密集组网,4,2
面向5G的空间耦合技术研究_3级_2,5G通信系统介绍,面向5G的空间耦合技术研究_知识点_560,大规模天线,4,2
面向5G的空间耦合技术研究_3级_2,5G通信系统介绍,面向5G的空间耦合技术研究_知识点_561,性能,4,2
面向5G的空间耦合技术研究_3级_2,5G通信系统介绍,面向5G的空间耦合技术研究_知识点_562,5g通信技术,4,2
面向5G的空间耦合技术研究_3级_2,5G通信系统介绍,面向5G的空间耦合技术研究_知识点_563,传输,4,2
面向5G的空间耦合技术研究_3级_2,5G通信系统介绍,面向5G的空间耦合技术研究_知识点_564,无线网络,4,2
面向5G的空间耦合技术研究_3级_2,5G通信系统介绍,面向5G的空间耦合技术研究_知识点_565,感知,4,2
面向5G的空间耦合技术研究_3级_2,5G通信系统介绍,面向5G的空间耦合技术研究_知识点_566,工业,4,2
面向5G的空间耦合技术研究_3级_2,5G通信系统介绍,面向5G的空间耦合技术研究_知识点_567,用户体验,4,2
面向5G的空间耦合技术研究_3级_2,5G通信系统介绍,面向5G的空间耦合技术研究_知识点_568,物联网采集类,4,2
面向5G的空间耦合技术研究_3级_2,5G通信系统介绍,面向5G的空间耦合技术研究_知识点_569,传输类业务,4,2
面向5G的空间耦合技术研究_3级_2,5G通信系统介绍,面向5G的空间耦合技术研究_知识点_570,交互类业务,4,2
面向5G的空间耦合技术研究_3级_2,5G通信系统介绍,面向5G的空间耦合技术研究_知识点_571,移动互联网,4,2
面向5G的空间耦合技术研究_3级_2,5G通信系统介绍,面向5G的空间耦合技术研究_知识点_572,5g,4,2
面向5G的空间耦合技术研究_3级_2,5G通信系统介绍,面向5G的空间耦合技术研究_知识点_573,5g移动通信技术,4,2
面向5G的空间耦合技术研究_3级_2,5G通信系统介绍,面向5G的空间耦合技术研究_知识点_574,空间耦,4,1
面向5G的空间耦合技术研究_3级_2,5G通信系统介绍,面向5G的空间耦合技术研究_知识点_575,有限码长空间耦合,4,1
面向5G的空间耦合技术研究_3级_2,5G通信系统介绍,面向5G的空间耦合技术研究_知识点_576,迭代编码,4,1
面向5G的空间耦合技术研究_3级_2,5G通信系统介绍,面向5G的空间耦合技术研究_知识点_577,速率,4,1
面向5G的空间耦合技术研究_3级_2,5G通信系统介绍,面向5G的空间耦合技术研究_知识点_578,ldpc码编码,4,1
面向5G的空间耦合技术研究_3级_2,5G通信系统介绍,面向5G的空间耦合技术研究_知识点_579,杂度,4,1
面向5G的空间耦合技术研究_3级_2,5G通信系统介绍,面向5G的空间耦合技术研究_知识点_580,尾比特,4,1
面向5G的空间耦合技术研究_3级_2,5G通信系统介绍,面向5G的空间耦合技术研究_知识点_581,校验比特,4,1
面向5G的空间耦合技术研究_3级_2,5G通信系统介绍,面向5G的空间耦合技术研究_知识点_582,编译码,4,1
面向5G的空间耦合技术研究_3级_2,5G通信系统介绍,面向5G的空间耦合技术研究_知识点_583,可达容量,4,1
面向5G的空间耦合技术研究_3级_2,5G通信系统介绍,面向5G的空间耦合技术研究_知识点_584,香农容量极限,4,1
面向5G的空间耦合技术研究_3级_2,5G通信系统介绍,面向5G的空间耦合技术研究_知识点_585,效应,4,1
面向5G的空间耦合技术研究_3级_2,5G通信系统介绍,面向5G的空间耦合技术研究_知识点_586,门限,4,1
面向5G的空间耦合技术研究_3级_2,5G通信系统介绍,面向5G的空间耦合技术研究_知识点_587,编码,4,1
面向5G的空间耦合技术研究_3级_2,5G通信系统介绍,面向5G的空间耦合技术研究_知识点_588,自适应功能,4,1
面向5G的空间耦合技术研究_3级_2,5G通信系统介绍,面向5G的空间耦合技术研究_知识点_589,智能自主接入网络,4,1
面向5G的空间耦合技术研究_3级_2,5G通信系统介绍,面向5G的空间耦合技术研究_知识点_590,动态频谱配置,4,1
面向5G的空间耦合技术研究_3级_2,5G通信系统介绍,面向5G的空间耦合技术研究_知识点_591,频谱共享技术,4,1
面向5G的空间耦合技术研究_3级_2,5G通信系统介绍,面向5G的空间耦合技术研究_知识点_592,组网技术,4,1
面向5G的空间耦合技术研究_3级_2,5G通信系统介绍,面向5G的空间耦合技术研究_知识点_593,自干扰抑制技术,4,1
面向5G的空间耦合技术研究_3级_2,5G通信系统介绍,面向5G的空间耦合技术研究_知识点_594,无线通信业务量,4,1
面向5G的空间耦合技术研究_3级_2,5G通信系统介绍,面向5G的空间耦合技术研究_知识点_595,tdd,4,1
面向5G的空间耦合技术研究_3级_2,5G通信系统介绍,面向5G的空间耦合技术研究_知识点_596,fdd,4,1
面向5G的空间耦合技术研究_3级_2,5G通信系统介绍,面向5G的空间耦合技术研究_知识点_597,全双工技术,4,1
面向5G的空间耦合技术研究_3级_2,5G通信系统介绍,面向5G的空间耦合技术研究_知识点_598,资源利用率,4,1
面向5G的空间耦合技术研究_3级_2,5G通信系统介绍,面向5G的空间耦合技术研究_知识点_599,上下行资源,4,1
面向5G的空间耦合技术研究_3级_2,5G通信系统介绍,面向5G的空间耦合技术研究_知识点_600,上下行,4,1
面向5G的空间耦合技术研究_3级_2,5G通信系统介绍,面向5G的空间耦合技术研究_知识点_601,活双工,4,1
面向5G的空间耦合技术研究_3级_2,5G通信系统介绍,面向5G的空间耦合技术研究_知识点_602,低成本d2d,4,1
面向5G的空间耦合技术研究_3级_2,5G通信系统介绍,面向5G的空间耦合技术研究_知识点_603,数据共享网络,4,1
面向5G的空间耦合技术研究_3级_2,5G通信系统介绍,面向5G的空间耦合技术研究_知识点_604,终端协助通信,4,1
面向5G的空间耦合技术研究_3级_2,5G通信系统介绍,面向5G的空间耦合技术研究_知识点_605,间接通信,4,1
面向5G的空间耦合技术研究_3级_2,5G通信系统介绍,面向5G的空间耦合技术研究_知识点_606,直接,4,1
面向5G的空间耦合技术研究_3级_2,5G通信系统介绍,面向5G的空间耦合技术研究_知识点_607,终端设备,4,1
面向5G的空间耦合技术研究_3级_2,5G通信系统介绍,面向5G的空间耦合技术研究_知识点_608,终端直通技,4,1
面向5G的空间耦合技术研究_3级_2,5G通信系统介绍,面向5G的空间耦合技术研究_知识点_609,链路自适应技术,4,1
面向5G的空间耦合技术研究_3级_2,5G通信系统介绍,面向5G的空间耦合技术研究_知识点_610,调制编码,4,1
面向5G的空间耦合技术研究_3级_2,5G通信系统介绍,面向5G的空间耦合技术研究_知识点_611,网络编码,4,1
面向5G的空间耦合技术研究_3级_2,5G通信系统介绍,面向5G的空间耦合技术研究_知识点_612,链路自适应,4,1
面向5G的空间耦合技术研究_3级_2,5G通信系统介绍,面向5G的空间耦合技术研究_知识点_613,链路级调制编码,4,1
面向5G的空间耦合技术研究_3级_2,5G通信系统介绍,面向5G的空间耦合技术研究_知识点_614,先进调制编码,4,1
面向5G的空间耦合技术研究_3级_2,5G通信系统介绍,面向5G的空间耦合技术研究_知识点_615,保护,4,1
面向5G的空间耦合技术研究_3级_2,5G通信系统介绍,面向5G的空间耦合技术研究_知识点_616,带外泄露,4,1
面向5G的空间耦合技术研究_3级_2,5G通信系统介绍,面向5G的空间耦合技术研究_知识点_617,fbmc技,4,1
面向5G的空间耦合技术研究_3级_2,5G通信系统介绍,面向5G的空间耦合技术研究_知识点_618,ufmc技术,4,1
面向5G的空间耦合技术研究_3级_2,5G通信系统介绍,面向5G的空间耦合技术研究_知识点_619,f-ofdm技术,4,1
面向5G的空间耦合技术研究_3级_2,5G通信系统介绍,面向5G的空间耦合技术研究_知识点_620,ofdm,4,1
面向5G的空间耦合技术研究_3级_2,5G通信系统介绍,面向5G的空间耦合技术研究_知识点_621,多载波技术,4,1
面向5G的空间耦合技术研究_3级_2,5G通信系统介绍,面向5G的空间耦合技术研究_知识点_622,接入容量,4,1
面向5G的空间耦合技术研究_3级_2,5G通信系统介绍,面向5G的空间耦合技术研究_知识点_623,接收算法,4,1
面向5G的空间耦合技术研究_3级_2,5G通信系统介绍,面向5G的空间耦合技术研究_知识点_624,接收侧,4,1
面向5G的空间耦合技术研究_3级_2,5G通信系统介绍,面向5G的空间耦合技术研究_知识点_625,叠加传输,4,1
面向5G的空间耦合技术研究_3级_2,5G通信系统介绍,面向5G的空间耦合技术研究_知识点_626,资源,4,1
面向5G的空间耦合技术研究_3级_2,5G通信系统介绍,面向5G的空间耦合技术研究_知识点_627,musa,4,1
面向5G的空间耦合技术研究_3级_2,5G通信系统介绍,面向5G的空间耦合技术研究_知识点_628,多用户共享接入技术,4,1
面向5G的空间耦合技术研究_3级_2,5G通信系统介绍,面向5G的空间耦合技术研究_知识点_629,pdma,4,1
面向5G的空间耦合技术研究_3级_2,5G通信系统介绍,面向5G的空间耦合技术研究_知识点_630,图样分割多址技术,4,1
面向5G的空间耦合技术研究_3级_2,5G通信系统介绍,面向5G的空间耦合技术研究_知识点_631,scma,4,1
面向5G的空间耦合技术研究_3级_2,5G通信系统介绍,面向5G的空间耦合技术研究_知识点_632,稀疏码分多址技术,4,1
面向5G的空间耦合技术研究_3级_2,5G通信系统介绍,面向5G的空间耦合技术研究_知识点_633,高速率,4,1
面向5G的空间耦合技术研究_3级_2,5G通信系统介绍,面向5G的空间耦合技术研究_知识点_634,无缝覆盖,4,1
面向5G的空间耦合技术研究_3级_2,5G通信系统介绍,面向5G的空间耦合技术研究_知识点_635,频率复用效率,4,1
面向5G的空间耦合技术研究_3级_2,5G通信系统介绍,面向5G的空间耦合技术研究_知识点_636,基础设施,4,1
面向5G的空间耦合技术研究_3级_2,5G通信系统介绍,面向5G的空间耦合技术研究_知识点_637,体验质量,4,1
面向5G的空间耦合技术研究_3级_2,5G通信系统介绍,面向5G的空间耦合技术研究_知识点_638,干扰控制协调,4,1
面向5G的空间耦合技术研究_3级_2,5G通信系统介绍,面向5G的空间耦合技术研究_知识点_639,频谱利用率,4,1
面向5G的空间耦合技术研究_3级_2,5G通信系统介绍,面向5G的空间耦合技术研究_知识点_640,性能增益,4,1
面向5G的空间耦合技术研究_3级_2,5G通信系统介绍,面向5G的空间耦合技术研究_知识点_641,准正交特性,4,1
面向5G的空间耦合技术研究_3级_2,5G通信系统介绍,面向5G的空间耦合技术研究_知识点_642,多用户信道,4,1
面向5G的空间耦合技术研究_3级_2,5G通信系统介绍,面向5G的空间耦合技术研究_知识点_643,天线阵元,4,1
面向5G的空间耦合技术研究_3级_2,5G通信系统介绍,面向5G的空间耦合技术研究_知识点_644,极化码,4,1
面向5G的空间耦合技术研究_3级_2,5G通信系统介绍,面向5G的空间耦合技术研究_知识点_645,q-aryldpc,4,1
面向5G的空间耦合技术研究_3级_2,5G通信系统介绍,面向5G的空间耦合技术研究_知识点_646,奇偶校验,4,1
面向5G的空间耦合技术研究_3级_2,5G通信系统介绍,面向5G的空间耦合技术研究_知识点_647,多元低密度,4,1
面向5G的空间耦合技术研究_3级_2,5G通信系统介绍,面向5G的空间耦合技术研究_知识点_648,d2d,4,1
面向5G的空间耦合技术研究_3级_2,5G通信系统介绍,面向5G的空间耦合技术研究_知识点_649,终端直通,4,1
面向5G的空间耦合技术研究_3级_2,5G通信系统介绍,面向5G的空间耦合技术研究_知识点_650,灵活双工,4,1
面向5G的空间耦合技术研究_3级_2,5G通信系统介绍,面向5G的空间耦合技术研究_知识点_651,全双工,4,1
面向5G的空间耦合技术研究_3级_2,5G通信系统介绍,面向5G的空间耦合技术研究_知识点_652,fbmc,4,1
面向5G的空间耦合技术研究_3级_2,5G通信系统介绍,面向5G的空间耦合技术研究_知识点_653,多载波,4,1
面向5G的空间耦合技术研究_3级_2,5G通信系统介绍,面向5G的空间耦合技术研究_知识点_654,滤波器,4,1
面向5G的空间耦合技术研究_3级_2,5G通信系统介绍,面向5G的空间耦合技术研究_知识点_655,f-ofdm,4,1
面向5G的空间耦合技术研究_3级_2,5G通信系统介绍,面向5G的空间耦合技术研究_知识点_656,正交频分复用,4,1
面向5G的空间耦合技术研究_3级_2,5G通信系统介绍,面向5G的空间耦合技术研究_知识点_657,滤波,4,1
面向5G的空间耦合技术研究_3级_2,5G通信系统介绍,面向5G的空间耦合技术研究_知识点_658,网络架构,4,1
面向5G的空间耦合技术研究_3级_2,5G通信系统介绍,面向5G的空间耦合技术研究_知识点_659,功能虚拟化,4,1
面向5G的空间耦合技术研究_3级_2,5G通信系统介绍,面向5G的空间耦合技术研究_知识点_660,软件,4,1
面向5G的空间耦合技术研究_3级_2,5G通信系统介绍,面向5G的空间耦合技术研究_知识点_661,全频谱接入技术,4,1
面向5G的空间耦合技术研究_3级_2,5G通信系统介绍,面向5G的空间耦合技术研究_知识点_662,超密集组网技术,4,1
面向5G的空间耦合技术研究_3级_2,5G通信系统介绍,面向5G的空间耦合技术研究_知识点_663,大规模天线阵列技术,4,1
面向5G的空间耦合技术研究_3级_2,5G通信系统介绍,面向5G的空间耦合技术研究_知识点_664,多址技术,4,1
面向5G的空间耦合技术研究_3级_2,5G通信系统介绍,面向5G的空间耦合技术研究_知识点_665,5g技术,4,1
面向5G的空间耦合技术研究_3级_2,5G通信系统介绍,面向5G的空间耦合技术研究_知识点_666,业务可靠性,4,1
面向5G的空间耦合技术研究_3级_2,5G通信系统介绍,面向5G的空间耦合技术研究_知识点_667,端到端时延,4,1
面向5G的空间耦合技术研究_3级_2,5G通信系统介绍,面向5G的空间耦合技术研究_知识点_668,物联网,4,1
面向5G的空间耦合技术研究_3级_2,5G通信系统介绍,面向5G的空间耦合技术研究_知识点_669,工业控制,4,1
面向5G的空间耦合技术研究_3级_2,5G通信系统介绍,面向5G的空间耦合技术研究_知识点_670,车联网,4,1
面向5G的空间耦合技术研究_3级_2,5G通信系统介绍,面向5G的空间耦合技术研究_知识点_671,可靠性,4,1
面向5G的空间耦合技术研究_3级_2,5G通信系统介绍,面向5G的空间耦合技术研究_知识点_672,可靠性机制,4,1
面向5G的空间耦合技术研究_3级_2,5G通信系统介绍,面向5G的空间耦合技术研究_知识点_673,平台,4,1
面向5G的空间耦合技术研究_3级_2,5G通信系统介绍,面向5G的空间耦合技术研究_知识点_674,qos控制,4,1
面向5G的空间耦合技术研究_3级_2,5G通信系统介绍,面向5G的空间耦合技术研究_知识点_675,低延时,4,1
面向5G的空间耦合技术研究_3级_2,5G通信系统介绍,面向5G的空间耦合技术研究_知识点_676,海量连接,4,1
面向5G的空间耦合技术研究_3级_2,5G通信系统介绍,面向5G的空间耦合技术研究_知识点_677,功耗,4,1
面向5G的空间耦合技术研究_3级_2,5G通信系统介绍,面向5G的空间耦合技术研究_知识点_678,数据包,4,1
面向5G的空间耦合技术研究_3级_2,5G通信系统介绍,面向5G的空间耦合技术研究_知识点_679,单点数据量,4,1
面向5G的空间耦合技术研究_3级_2,5G通信系统介绍,面向5G的空间耦合技术研究_知识点_680,数据,4,1
面向5G的空间耦合技术研究_3级_2,5G通信系统介绍,面向5G的空间耦合技术研究_知识点_681,传感器,4,1
面向5G的空间耦合技术研究_3级_2,5G通信系统介绍,面向5G的空间耦合技术研究_知识点_682,农业监控,4,1
面向5G的空间耦合技术研究_3级_2,5G通信系统介绍,面向5G的空间耦合技术研究_知识点_683,污染调查,4,1
面向5G的空间耦合技术研究_3级_2,5G通信系统介绍,面向5G的空间耦合技术研究_知识点_684,海洋检测,4,1
面向5G的空间耦合技术研究_3级_2,5G通信系统介绍,面向5G的空间耦合技术研究_知识点_685,控制协议,4,1
面向5G的空间耦合技术研究_3级_2,5G通信系统介绍,面向5G的空间耦合技术研究_知识点_686,移动性管理,4,1
面向5G的空间耦合技术研究_3级_2,5G通信系统介绍,面向5G的空间耦合技术研究_知识点_687,连接管理,4,1
面向5G的空间耦合技术研究_3级_2,5G通信系统介绍,面向5G的空间耦合技术研究_知识点_688,快速传输数据,4,1
面向5G的空间耦合技术研究_3级_2,5G通信系统介绍,面向5G的空间耦合技术研究_知识点_689,室内外服务,4,1
面向5G的空间耦合技术研究_3级_2,5G通信系统介绍,面向5G的空间耦合技术研究_知识点_690,本地路,4,1
面向5G的空间耦合技术研究_3级_2,5G通信系统介绍,面向5G的空间耦合技术研究_知识点_691,内容源,4,1
面向5G的空间耦合技术研究_3级_2,5G通信系统介绍,面向5G的空间耦合技术研究_知识点_692,业务锚点,4,1
面向5G的空间耦合技术研究_3级_2,5G通信系统介绍,面向5G的空间耦合技术研究_知识点_693,用户面网关,4,1
面向5G的空间耦合技术研究_3级_2,5G通信系统介绍,面向5G的空间耦合技术研究_知识点_694,集中控制面,4,1
面向5G的空间耦合技术研究_3级_2,5G通信系统介绍,面向5G的空间耦合技术研究_知识点_695,体验速率,4,1
面向5G的空间耦合技术研究_3级_2,5G通信系统介绍,面向5G的空间耦合技术研究_知识点_696,覆盖边缘,4,1
面向5G的空间耦合技术研究_3级_2,5G通信系统介绍,面向5G的空间耦合技术研究_知识点_697,覆盖中心,4,1
面向5G的空间耦合技术研究_3级_2,5G通信系统介绍,面向5G的空间耦合技术研究_知识点_698,静止,4,1
面向5G的空间耦合技术研究_3级_2,5G通信系统介绍,面向5G的空间耦合技术研究_知识点_699,移动特性,4,1
面向5G的空间耦合技术研究_3级_2,5G通信系统介绍,面向5G的空间耦合技术研究_知识点_700,通信技术,4,1
面向5G的空间耦合技术研究_3级_2,5G通信系统介绍,面向5G的空间耦合技术研究_知识点_701,连接数密度,4,1
面向5G的空间耦合技术研究_3级_2,5G通信系统介绍,面向5G的空间耦合技术研究_知识点_702,流量密度,4,1
面向5G的空间耦合技术研究_3级_2,5G通信系统介绍,面向5G的空间耦合技术研究_知识点_703,低时延,4,1
面向5G的空间耦合技术研究_3级_2,5G通信系统介绍,面向5G的空间耦合技术研究_知识点_704,参数,4,1
面向5G的空间耦合技术研究_3级_2,5G通信系统介绍,面向5G的空间耦合技术研究_知识点_705,多址,4,1
面向5G的空间耦合技术研究_3级_2,5G通信系统介绍,面向5G的空间耦合技术研究_知识点_706,5g通信网络,4,1
面向5G的空间耦合技术研究_3级_2,5G通信系统介绍,面向5G的空间耦合技术研究_知识点_707,生态,4,1
面向5G的空间耦合技术研究_3级_2,5G通信系统介绍,面向5G的空间耦合技术研究_知识点_708,功能,4,1
面向5G的空间耦合技术研究_3级_2,5G通信系统介绍,面向5G的空间耦合技术研究_知识点_709,无线,4,1
面向5G的空间耦合技术研究_3级_2,5G通信系统介绍,面向5G的空间耦合技术研究_知识点_710,成本效率,4,1
面向5G的空间耦合技术研究_3级_2,5G通信系统介绍,面向5G的空间耦合技术研究_知识点_711,能耗,4,1
面向5G的空间耦合技术研究_3级_2,5G通信系统介绍,面向5G的空间耦合技术研究_知识点_712,4g通信系统,4,1
面向5G的空间耦合技术研究_3级_2,5G通信系统介绍,面向5G的空间耦合技术研究_知识点_713,网络协同,4,1
面向5G的空间耦合技术研究_3级_2,5G通信系统介绍,面向5G的空间耦合技术研究_知识点_714,隧道机制,4,1
面向5G的空间耦合技术研究_3级_2,5G通信系统介绍,面向5G的空间耦合技术研究_知识点_715,网络运营水平,4,1
面向5G的空间耦合技术研究_3级_2,5G通信系统介绍,面向5G的空间耦合技术研究_知识点_716,开发,4,1
面向5G的空间耦合技术研究_3级_2,5G通信系统介绍,面向5G的空间耦合技术研究_知识点_717,网络运营能力,4,1
面向5G的空间耦合技术研究_3级_2,5G通信系统介绍,面向5G的空间耦合技术研究_知识点_718,传输路径,4,1
面向5G的空间耦合技术研究_3级_2,5G通信系统介绍,面向5G的空间耦合技术研究_知识点_719,报头冗余,4,1
面向5G的空间耦合技术研究_3级_2,5G通信系统介绍,面向5G的空间耦合技术研究_知识点_720,信令过载,4,1
面向5G的空间耦合技术研究_3级_2,5G通信系统介绍,面向5G的空间耦合技术研究_知识点_721,容量压力,4,1
面向5G的空间耦合技术研究_3级_2,5G通信系统介绍,面向5G的空间耦合技术研究_知识点_722,回传网络,4,1
面向5G的空间耦合技术研究_3级_2,5G通信系统介绍,面向5G的空间耦合技术研究_知识点_723,协调能力,4,1
面向5G的空间耦合技术研究_3级_2,5G通信系统介绍,面向5G的空间耦合技术研究_知识点_724,移动网络,4,1
面向5G的空间耦合技术研究_3级_2,5G通信系统介绍,面向5G的空间耦合技术研究_知识点_725,能力,4,1
面向5G的空间耦合技术研究_3级_2,5G通信系统介绍,面向5G的空间耦合技术研究_知识点_726,运营能力,4,1
面向5G的空间耦合技术研究_3级_2,5G通信系统介绍,面向5G的空间耦合技术研究_知识点_727,能力指,4,1
面向5G的空间耦合技术研究_3级_2,5G通信系统介绍,面向5G的空间耦合技术研究_知识点_728,机器通信,4,1
面向5G的空间耦合技术研究_3级_2,5G通信系统介绍,面向5G的空间耦合技术研究_知识点_729,物联网机器,4,1
面向5G的空间耦合技术研究_3级_2,5G通信系统介绍,面向5G的空间耦合技术研究_知识点_730,移动终端业务,4,1
面向5G的空间耦合技术研究_3级_2,5G通信系统介绍,面向5G的空间耦合技术研究_知识点_731,电信研,4,1
面向5G的空间耦合技术研究_3级_2,5G通信系统介绍,面向5G的空间耦合技术研究_知识点_732,信息化,4,1
面向5G的空间耦合技术研究_3级_2,5G通信系统介绍,面向5G的空间耦合技术研究_知识点_733,无线流量,4,1
面向5G的空间耦合技术研究_3级_2,5G通信系统介绍,面向5G的空间耦合技术研究_知识点_734,无线连接数,4,1
面向5G的空间耦合技术研究_3级_2,5G通信系统介绍,面向5G的空间耦合技术研究_知识点_735,自动化工业机器,4,1
面向5G的空间耦合技术研究_3级_2,5G通信系统介绍,面向5G的空间耦合技术研究_知识点_736,智能家电,4,1
面向5G的空间耦合技术研究_3级_2,5G通信系统介绍,面向5G的空间耦合技术研究_知识点_737,智能移动终端,4,1
面向5G的空间耦合技术研究_3级_2,5G通信系统介绍,面向5G的空间耦合技术研究_知识点_738,时延,4,1
面向5G的空间耦合技术研究_3级_2,5G通信系统介绍,面向5G的空间耦合技术研究_知识点_739,控制类,4,1
面向5G的空间耦合技术研究_3级_2,5G通信系统介绍,面向5G的空间耦合技术研究_知识点_740,接口承载能力,4,1
面向5G的空间耦合技术研究_3级_2,5G通信系统介绍,面向5G的空间耦合技术研究_知识点_741,网络接入接口,4,1
面向5G的空间耦合技术研究_3级_2,5G通信系统介绍,面向5G的空间耦合技术研究_知识点_742,接入体验,4,1
面向5G的空间耦合技术研究_3级_2,5G通信系统介绍,面向5G的空间耦合技术研究_知识点_743,传输业务,4,1
面向5G的空间耦合技术研究_3级_2,5G通信系统介绍,面向5G的空间耦合技术研究_知识点_744,大容量文件,4,1
面向5G的空间耦合技术研究_3级_2,5G通信系统介绍,面向5G的空间耦合技术研究_知识点_745,无线接口,4,1
面向5G的空间耦合技术研究_3级_2,5G通信系统介绍,面向5G的空间耦合技术研究_知识点_746,信息传输时延,4,1
面向5G的空间耦合技术研究_3级_2,5G通信系统介绍,面向5G的空间耦合技术研究_知识点_747,响应能力,4,1
面向5G的空间耦合技术研究_3级_2,5G通信系统介绍,面向5G的空间耦合技术研究_知识点_748,信息化服务,4,1
面向5G的空间耦合技术研究_3级_2,5G通信系统介绍,面向5G的空间耦合技术研究_知识点_749,交通,4,1
面向5G的空间耦合技术研究_3级_2,5G通信系统介绍,面向5G的空间耦合技术研究_知识点_750,医疗,4,1
面向5G的空间耦合技术研究_3级_2,5G通信系统介绍,面向5G的空间耦合技术研究_知识点_751,交通工具,4,1
面向5G的空间耦合技术研究_3级_2,5G通信系统介绍,面向5G的空间耦合技术研究_知识点_752,医疗仪器,4,1
面向5G的空间耦合技术研究_3级_2,5G通信系统介绍,面向5G的空间耦合技术研究_知识点_753,工业设施,4,1
面向5G的空间耦合技术研究_3级_2,5G通信系统介绍,面向5G的空间耦合技术研究_知识点_754,快速响应能力,4,1
面向5G的空间耦合技术研究_3级_2,5G通信系统介绍,面向5G的空间耦合技术研究_知识点_755,交互,4,1
面向5G的空间耦合技术研究_3级_2,5G通信系统介绍,面向5G的空间耦合技术研究_知识点_756,传输速率,4,1
面向5G的空间耦合技术研究_3级_2,5G通信系统介绍,面向5G的空间耦合技术研究_知识点_757,无线技术,4,1
面向5G的空间耦合技术研究_3级_2,5G通信系统介绍,面向5G的空间耦合技术研究_知识点_758,在线游戏,4,1
面向5G的空间耦合技术研究_3级_2,5G通信系统介绍,面向5G的空间耦合技术研究_知识点_759,云桌面,4,1
面向5G的空间耦合技术研究_3级_2,5G通信系统介绍,面向5G的空间耦合技术研究_知识点_760,增强现实,4,1
面向5G的空间耦合技术研究_3级_2,5G通信系统介绍,面向5G的空间耦合技术研究_知识点_761,虚拟现实,4,1
面向5G的空间耦合技术研究_3级_2,5G通信系统介绍,面向5G的空间耦合技术研究_知识点_762,高清视频,4,1
面向5G的空间耦合技术研究_3级_2,5G通信系统介绍,面向5G的空间耦合技术研究_知识点_763,浸入式显示,4,1
面向5G的空间耦合技术研究_3级_2,5G通信系统介绍,面向5G的空间耦合技术研究_知识点_764,3d显示,4,1
面向5G的空间耦合技术研究_3级_2,5G通信系统介绍,面向5G的空间耦合技术研究_知识点_765,超高清显示,4,1
面向5G的空间耦合技术研究_3级_2,5G通信系统介绍,面向5G的空间耦合技术研究_知识点_766,会话类,4,1
面向5G的空间耦合技术研究_3级_2,5G通信系统介绍,面向5G的空间耦合技术研究_知识点_767,数据流类,4,1
面向5G的空间耦合技术研究_3级_2,5G通信系统介绍,面向5G的空间耦合技术研究_知识点_768,会话类业务,4,1
面向5G的空间耦合技术研究_3级_2,5G通信系统介绍,面向5G的空间耦合技术研究_知识点_769,数据流,4,1
面向5G的空间耦合技术研究_3级_2,5G通信系统介绍,面向5G的空间耦合技术研究_知识点_770,25g通信系统,4,1
面向5G的空间耦合技术研究_2级_4,本论文研究内容及其章节安排,面向5G的空间耦合技术研究_知识点_771,ldpc码,4,9
面向5G的空间耦合技术研究_2级_4,本论文研究内容及其章节安排,面向5G的空间耦合技术研究_知识点_772,空间耦合ldpc码,4,4
面向5G的空间耦合技术研究_2级_4,本论文研究内容及其章节安排,面向5G的空间耦合技术研究_知识点_773,性能,4,3
面向5G的空间耦合技术研究_2级_4,本论文研究内容及其章节安排,面向5G的空间耦合技术研究_知识点_774,速率,4,3
面向5G的空间耦合技术研究_2级_4,本论文研究内容及其章节安排,面向5G的空间耦合技术研究_知识点_775,尾部节点,4,2
面向5G的空间耦合技术研究_2级_4,本论文研究内容及其章节安排,面向5G的空间耦合技术研究_知识点_776,仿真,4,2
面向5G的空间耦合技术研究_2级_4,本论文研究内容及其章节安排,面向5G的空间耦合技术研究_知识点_777,bec信道,4,2
面向5G的空间耦合技术研究_2级_4,本论文研究内容及其章节安排,面向5G的空间耦合技术研究_知识点_778,空间耦合,4,2
面向5G的空间耦合技术研究_2级_4,本论文研究内容及其章节安排,面向5G的空间耦合技术研究_知识点_779,尾部结构,4,2
面向5G的空间耦合技术研究_2级_4,本论文研究内容及其章节安排,面向5G的空间耦合技术研究_知识点_780,可迭代编码空间,4,2
面向5G的空间耦合技术研究_2级_4,本论文研究内容及其章节安排,面向5G的空间耦合技术研究_知识点_781,下步,4,1
面向5G的空间耦合技术研究_2级_4,本论文研究内容及其章节安排,面向5G的空间耦合技术研究_知识点_782,性能仿真,4,1
面向5G的空间耦合技术研究_2级_4,本论文研究内容及其章节安排,面向5G的空间耦合技术研究_知识点_783,终止结构,4,1
面向5G的空间耦合技术研究_2级_4,本论文研究内容及其章节安排,面向5G的空间耦合技术研究_知识点_784,密度,4,1
面向5G的空间耦合技术研究_2级_4,本论文研究内容及其章节安排,面向5G的空间耦合技术研究_知识点_785,可达编码速率,4,1
面向5G的空间耦合技术研究_2级_4,本论文研究内容及其章节安排,面向5G的空间耦合技术研究_知识点_786,译码算法,4,1
面向5G的空间耦合技术研究_2级_4,本论文研究内容及其章节安排,面向5G的空间耦合技术研究_知识点_787,迭代编码算法,4,1
面向5G的空间耦合技术研究_2级_4,本论文研究内容及其章节安排,面向5G的空间耦合技术研究_知识点_788,尾部构造,4,1
面向5G的空间耦合技术研究_2级_4,本论文研究内容及其章节安排,面向5G的空间耦合技术研究_知识点_789,有限码长空间,4,1
面向5G的空间耦合技术研究_2级_4,本论文研究内容及其章节安排,面向5G的空间耦合技术研究_知识点_790,repeat-accumulate,4,1
面向5G的空间耦合技术研究_2级_4,本论文研究内容及其章节安排,面向5G的空间耦合技术研究_知识点_791,重复积累,4,1
面向5G的空间耦合技术研究_2级_4,本论文研究内容及其章节安排,面向5G的空间耦合技术研究_知识点_792,长空间,4,1
面向5G的空间耦合技术研究_2级_4,本论文研究内容及其章节安排,面向5G的空间耦合技术研究_知识点_793,有限码,4,1
面向5G的空间耦合技术研究_2级_4,本论文研究内容及其章节安排,面向5G的空间耦合技术研究_知识点_794,低延时迭代编码算法,4,1
面向5G的空间耦合技术研究_2级_4,本论文研究内容及其章节安排,面向5G的空间耦合技术研究_知识点_795,低复杂度,4,1
面向5G的空间耦合技术研究_2级_4,本论文研究内容及其章节安排,面向5G的空间耦合技术研究_知识点_796,迭代编码空间,4,1
面向5G的空间耦合技术研究_2级_4,本论文研究内容及其章节安排,面向5G的空间耦合技术研究_知识点_797,exit,4,1
面向5G的空间耦合技术研究_2级_4,本论文研究内容及其章节安排,面向5G的空间耦合技术研究_知识点_798,密度演进,4,1
面向5G的空间耦合技术研究_2级_4,本论文研究内容及其章节安排,面向5G的空间耦合技术研究_知识点_799,可达速率分析,4,1
面向5G的空间耦合技术研究_2级_4,本论文研究内容及其章节安排,面向5G的空间耦合技术研究_知识点_800,性能分析工,4,1
面向5G的空间耦合技术研究_2级_4,本论文研究内容及其章节安排,面向5G的空间耦合技术研究_知识点_801,编译码算法,4,1
面向5G的空间耦合技术研究_2级_4,本论文研究内容及其章节安排,面向5G的空间耦合技术研究_知识点_802,校验矩阵,4,1
面向5G的空间耦合技术研究_2级_4,本论文研究内容及其章节安排,面向5G的空间耦合技术研究_知识点_803,原模图构,4,1
面向5G的空间耦合技术研究_2级_4,本论文研究内容及其章节安排,面向5G的空间耦合技术研究_知识点_804,传统,4,1
面向5G的空间耦合技术研究_2级_4,本论文研究内容及其章节安排,面向5G的空间耦合技术研究_知识点_805,信道编码理论,4,1
面向5G的空间耦合技术研究_2级_4,本论文研究内容及其章节安排,面向5G的空间耦合技术研究_知识点_806,awgn,4,1
面向5G的空间耦合技术研究_2级_4,本论文研究内容及其章节安排,面向5G的空间耦合技术研究_知识点_807,加性高斯白噪声信道,4,1
面向5G的空间耦合技术研究_2级_4,本论文研究内容及其章节安排,面向5G的空间耦合技术研究_知识点_808,bec,4,1
面向5G的空间耦合技术研究_2级_4,本论文研究内容及其章节安排,面向5G的空间耦合技术研究_知识点_809,二进制擦除信道,4,1
面向5G的空间耦合技术研究_2级_4,本论文研究内容及其章节安排,面向5G的空间耦合技术研究_知识点_810,仿真信道模型,4,1
面向5G的空间耦合技术研究_2级_4,本论文研究内容及其章节安排,面向5G的空间耦合技术研究_知识点_811,5g通信系统,4,1
面向5G的空间耦合技术研究_2级_4,本论文研究内容及其章节安排,面向5G的空间耦合技术研究_知识点_812,通信系统模型,4,1
面向5G的空间耦合技术研究_2级_4,本论文研究内容及其章节安排,面向5G的空间耦合技术研究_知识点_813,通信系统,4,1
面向5G的空间耦合技术研究_2级_4,本论文研究内容及其章节安排,面向5G的空间耦合技术研究_知识点_814,有限码长空间耦合,4,1
面向5G的空间耦合技术研究_2级_4,本论文研究内容及其章节安排,面向5G的空间耦合技术研究_知识点_815,传统空间耦合,4,1
面向5G的空间耦合技术研究_3级_6,基于校验矩阵的构造方式,面向5G的空间耦合技术研究_知识点_816,可达速率,4,5
面向5G的空间耦合技术研究_3级_6,基于校验矩阵的构造方式,面向5G的空间耦合技术研究_知识点_817,空间耦合,4,4
面向5G的空间耦合技术研究_3级_6,基于校验矩阵的构造方式,面向5G的空间耦合技术研究_知识点_818,校验矩阵,4,3
面向5G的空间耦合技术研究_3级_6,基于校验矩阵的构造方式,面向5G的空间耦合技术研究_知识点_819,ldpc码,4,2
面向5G的空间耦合技术研究_3级_6,基于校验矩阵的构造方式,面向5G的空间耦合技术研究_知识点_820,ldpc块状码,4,1
面向5G的空间耦合技术研究_3级_6,基于校验矩阵的构造方式,面向5G的空间耦合技术研究_知识点_821,无终止码,4,1
面向5G的空间耦合技术研究_3级_6,基于校验矩阵的构造方式,面向5G的空间耦合技术研究_知识点_822,空间耦合ldpc码,4,1
面向5G的空间耦合技术研究_3级_6,基于校验矩阵的构造方式,面向5G的空间耦合技术研究_知识点_823,校验节点,4,1
面向5G的空间耦合技术研究_3级_6,基于校验矩阵的构造方式,面向5G的空间耦合技术研究_知识点_824,变量节点,4,1
面向5G的空间耦合技术研究_3级_6,基于校验矩阵的构造方式,面向5G的空间耦合技术研究_知识点_825,原模图,4,1
面向5G的空间耦合技术研究_3级_6,基于校验矩阵的构造方式,面向5G的空间耦合技术研究_知识点_826,非零元素,4,1
面向5G的空间耦合技术研究_3级_6,基于校验矩阵的构造方式,面向5G的空间耦合技术研究_知识点_827,转置单位阵,4,1
面向5G的空间耦合技术研究_3级_6,基于校验矩阵的构造方式,面向5G的空间耦合技术研究_知识点_828,子矩阵,4,1
面向5G的空间耦合技术研究_3级_6,基于校验矩阵的构造方式,面向5G的空间耦合技术研究_知识点_829,个子矩阵,4,1
面向5G的空间耦合技术研究_3级_6,基于校验矩阵的构造方式,面向5G的空间耦合技术研究_知识点_830,jfxk,4,1
面向5G的空间耦合技术研究_3级_6,基于校验矩阵的构造方式,面向5G的空间耦合技术研究_知识点_831,记忆长度,4,1
面向5G的空间耦合技术研究_3级_6,基于校验矩阵的构造方式,面向5G的空间耦合技术研究_知识点_832,ldpc,4,1
面向5G的空间耦合技术研究_3级_6,基于校验矩阵的构造方式,面向5G的空间耦合技术研究_知识点_833,正整数,4,1
面向5G的空间耦合技术研究_3级_6,基于校验矩阵的构造方式,面向5G的空间耦合技术研究_知识点_834,公约数,4,1
面向5G的空间耦合技术研究_3级_6,基于校验矩阵的构造方式,面向5G的空间耦合技术研究_知识点_835,ldpc码码,4,1
面向5G的空间耦合技术研究_3级_6,基于校验矩阵的构造方式,面向5G的空间耦合技术研究_知识点_836,vkxcak,4,1
面向5G的空间耦合技术研究_3级_6,基于校验矩阵的构造方式,面向5G的空间耦合技术研究_知识点_837,有限码长,4,1
面向5G的空间耦合技术研究_2级_1,通信系统模型及5G通信系统介绍,面向5G的空间耦合技术研究_知识点_838,5g通信系统,4,2
面向5G的空间耦合技术研究_2级_1,通信系统模型及5G通信系统介绍,面向5G的空间耦合技术研究_知识点_839,通信系统模型,4,2
面向5G的空间耦合技术研究_2级_1,通信系统模型及5G通信系统介绍,面向5G的空间耦合技术研究_知识点_840,移动通信系统,4,1
面向5G的空间耦合技术研究_2级_1,通信系统模型及5G通信系统介绍,面向5G的空间耦合技术研究_知识点_841,传统,4,1
面向5G的空间耦合技术研究_3级_15,密度演进分析,面向5G的空间耦合技术研究_知识点_842,校验节点,4,8
面向5G的空间耦合技术研究_3级_15,密度演进分析,面向5G的空间耦合技术研究_知识点_843,变量节点,4,8
面向5G的空间耦合技术研究_3级_15,密度演进分析,面向5G的空间耦合技术研究_知识点_844,差错概率,4,3
面向5G的空间耦合技术研究_3级_15,密度演进分析,面向5G的空间耦合技术研究_知识点_845,密度,4,3
面向5G的空间耦合技术研究_3级_15,密度演进分析,面向5G的空间耦合技术研究_知识点_846,终止结构,4,3
面向5G的空间耦合技术研究_3级_15,密度演进分析,面向5G的空间耦合技术研究_知识点_847,尾部节点,4,3
面向5G的空间耦合技术研究_3级_15,密度演进分析,面向5G的空间耦合技术研究_知识点_848,迭代次数,4,2
面向5G的空间耦合技术研究_3级_15,密度演进分析,面向5G的空间耦合技术研究_知识点_849,迭代,4,2
面向5G的空间耦合技术研究_3级_15,密度演进分析,面向5G的空间耦合技术研究_知识点_850,标记集合,4,2
面向5G的空间耦合技术研究_3级_15,密度演进分析,面向5G的空间耦合技术研究_知识点_851,空间耦合ldpc码,4,2
面向5G的空间耦合技术研究_3级_15,密度演进分析,面向5G的空间耦合技术研究_知识点_852,空间耦合,4,2
面向5G的空间耦合技术研究_3级_15,密度演进分析,面向5G的空间耦合技术研究_知识点_853,ldpc码密度,4,1
面向5G的空间耦合技术研究_3级_15,密度演进分析,面向5G的空间耦合技术研究_知识点_854,变量节点度,4,1
面向5G的空间耦合技术研究_3级_15,密度演进分析,面向5G的空间耦合技术研究_知识点_855,勾形,4,1
面向5G的空间耦合技术研究_3级_15,密度演进分析,面向5G的空间耦合技术研究_知识点_856,剩余差错概率,4,1
面向5G的空间耦合技术研究_3级_15,密度演进分析,面向5G的空间耦合技术研究_知识点_857,置变量节点,4,1
面向5G的空间耦合技术研究_3级_15,密度演进分析,面向5G的空间耦合技术研究_知识点_858,剩余差错概率曲线,4,1
面向5G的空间耦合技术研究_3级_15,密度演进分析,面向5G的空间耦合技术研究_知识点_859,曲线,4,1
面向5G的空间耦合技术研究_3级_15,密度演进分析,面向5G的空间耦合技术研究_知识点_860,译码过程,4,1
面向5G的空间耦合技术研究_3级_15,密度演进分析,面向5G的空间耦合技术研究_知识点_861,ldpc码,4,1
面向5G的空间耦合技术研究_3级_15,密度演进分析,面向5G的空间耦合技术研究_知识点_862,密度演进,4,1
面向5G的空间耦合技术研究_2级_10,空间耦合LDPC码性能分析工具,面向5G的空间耦合技术研究_知识点_863,性能分析,4,2
面向5G的空间耦合技术研究_2级_10,空间耦合LDPC码性能分析工具,面向5G的空间耦合技术研究_知识点_864,exit图,4,1
面向5G的空间耦合技术研究_2级_10,空间耦合LDPC码性能分析工具,面向5G的空间耦合技术研究_知识点_865,密度演进,4,1
面向5G的空间耦合技术研究_2级_10,空间耦合LDPC码性能分析工具,面向5G的空间耦合技术研究_知识点_866,可达速率,4,1
面向5G的空间耦合技术研究_2级_10,空间耦合LDPC码性能分析工具,面向5G的空间耦合技术研究_知识点_867,信道编码,4,1
面向5G的空间耦合技术研究_2级_10,空间耦合LDPC码性能分析工具,面向5G的空间耦合技术研究_知识点_868,ldpc码,4,1
面向5G的空间耦合技术研究_2级_10,空间耦合LDPC码性能分析工具,面向5G的空间耦合技术研究_知识点_869,空间耦合,4,1
面向5G的空间耦合技术研究_3级_3,加性高斯白噪声(AWGN)信道,面向5G的空间耦合技术研究_知识点_870,信道,4,5
面向5G的空间耦合技术研究_3级_3,加性高斯白噪声(AWGN)信道,面向5G的空间耦合技术研究_知识点_871,符号,4,3
面向5G的空间耦合技术研究_3级_3,加性高斯白噪声(AWGN)信道,面向5G的空间耦合技术研究_知识点_872,映射,4,2
面向5G的空间耦合技术研究_3级_3,加性高斯白噪声(AWGN)信道,面向5G的空间耦合技术研究_知识点_873,加性高斯噪声,4,2
面向5G的空间耦合技术研究_3级_3,加性高斯白噪声(AWGN)信道,面向5G的空间耦合技术研究_知识点_874,加性高斯白噪声信道,4,2
面向5G的空间耦合技术研究_3级_3,加性高斯白噪声(AWGN)信道,面向5G的空间耦合技术研究_知识点_875,比特,4,1
面向5G的空间耦合技术研究_3级_3,加性高斯白噪声(AWGN)信道,面向5G的空间耦合技术研究_知识点_876,码字,4,1
面向5G的空间耦合技术研究_3级_3,加性高斯白噪声(AWGN)信道,面向5G的空间耦合技术研究_知识点_877,二进制码字,4,1
面向5G的空间耦合技术研究_3级_3,加性高斯白噪声(AWGN)信道,面向5G的空间耦合技术研究_知识点_878,二进制加性高斯信道,4,1
面向5G的空间耦合技术研究_3级_3,加性高斯白噪声(AWGN)信道,面向5G的空间耦合技术研究_知识点_879,指数函数,4,1
面向5G的空间耦合技术研究_3级_3,加性高斯白噪声(AWGN)信道,面向5G的空间耦合技术研究_知识点_880,分布,4,1
面向5G的空间耦合技术研究_3级_3,加性高斯白噪声(AWGN)信道,面向5G的空间耦合技术研究_知识点_881,高斯随机变量,4,1
面向5G的空间耦合技术研究_3级_3,加性高斯白噪声(AWGN)信道,面向5G的空间耦合技术研究_知识点_882,接收端,4,1
面向5G的空间耦合技术研究_3级_3,加性高斯白噪声(AWGN)信道,面向5G的空间耦合技术研究_知识点_883,信号源,4,1
面向5G的空间耦合技术研究_3级_3,加性高斯白噪声(AWGN)信道,面向5G的空间耦合技术研究_知识点_884,二进制,4,1
面向5G的空间耦合技术研究_3级_3,加性高斯白噪声(AWGN)信道,面向5G的空间耦合技术研究_知识点_885,二进制加性高斯白噪声信道,4,1
面向5G的空间耦合技术研究_3级_3,加性高斯白噪声(AWGN)信道,面向5G的空间耦合技术研究_知识点_886,加性噪声,4,1
面向5G的空间耦合技术研究_3级_3,加性高斯白噪声(AWGN)信道,面向5G的空间耦合技术研究_知识点_887,高斯概率分布,4,1
面向5G的空间耦合技术研究_3级_3,加性高斯白噪声(AWGN)信道,面向5G的空间耦合技术研究_知识点_888,有用信号,4,1
面向5G的空间耦合技术研究_3级_3,加性高斯白噪声(AWGN)信道,面向5G的空间耦合技术研究_知识点_889,调制,4,1
面向5G的空间耦合技术研究_3级_3,加性高斯白噪声(AWGN)信道,面向5G的空间耦合技术研究_知识点_890,二进制符号,4,1
面向5G的空间耦合技术研究_3级_3,加性高斯白噪声(AWGN)信道,面向5G的空间耦合技术研究_知识点_891,通信系统,4,1
面向5G的空间耦合技术研究_3级_3,加性高斯白噪声(AWGN)信道,面向5G的空间耦合技术研究_知识点_892,awgn,4,1
面向5G的空间耦合技术研究_3级_3,加性高斯白噪声(AWGN)信道,面向5G的空间耦合技术研究_知识点_893,加性高斯白噪声,4,1
面向5G的空间耦合技术研究_1级_1,绪论,面向5G的空间耦合技术研究_知识点_894,空间耦合,4,6
面向5G的空间耦合技术研究_1级_1,绪论,面向5G的空间耦合技术研究_知识点_895,低密度奇偶校验码,4,2
面向5G的空间耦合技术研究_1级_1,绪论,面向5G的空间耦合技术研究_知识点_896,移动通信系统,4,2
面向5G的空间耦合技术研究_1级_1,绪论,面向5G的空间耦合技术研究_知识点_897,ldpc码,4,2
面向5G的空间耦合技术研究_1级_1,绪论,面向5G的空间耦合技术研究_知识点_898,容量,4,2
面向5G的空间耦合技术研究_1级_1,绪论,面向5G的空间耦合技术研究_知识点_899,编码技术,4,2
面向5G的空间耦合技术研究_1级_1,绪论,面向5G的空间耦合技术研究_知识点_900,无线接入技术,4,2
面向5G的空间耦合技术研究_1级_1,绪论,面向5G的空间耦合技术研究_知识点_901,5g标准化,4,2
面向5G的空间耦合技术研究_1级_1,绪论,面向5G的空间耦合技术研究_知识点_902,系统,4,2
面向5G的空间耦合技术研究_1级_1,绪论,面向5G的空间耦合技术研究_知识点_903,移动通信网络,4,2
面向5G的空间耦合技术研究_1级_1,绪论,面向5G的空间耦合技术研究_知识点_904,移动通信,4,2
面向5G的空间耦合技术研究_1级_1,绪论,面向5G的空间耦合技术研究_知识点_905,ldpc,4,1
面向5G的空间耦合技术研究_1级_1,绪论,面向5G的空间耦合技术研究_知识点_906,编码理论,4,1
面向5G的空间耦合技术研究_1级_1,绪论,面向5G的空间耦合技术研究_知识点_907,信道场,4,1
面向5G的空间耦合技术研究_1级_1,绪论,面向5G的空间耦合技术研究_知识点_908,通信系统模型,4,1
面向5G的空间耦合技术研究_1级_1,绪论,面向5G的空间耦合技术研究_知识点_909,终止,4,1
面向5G的空间耦合技术研究_1级_1,绪论,面向5G的空间耦合技术研究_知识点_910,码长,4,1
面向5G的空间耦合技术研究_1级_1,绪论,面向5G的空间耦合技术研究_知识点_911,迭代编码算法,4,1
面向5G的空间耦合技术研究_1级_1,绪论,面向5G的空间耦合技术研究_知识点_912,空间耦合ldpc码,4,1
面向5G的空间耦合技术研究_1级_1,绪论,面向5G的空间耦合技术研究_知识点_913,技术,4,1
面向5G的空间耦合技术研究_1级_1,绪论,面向5G的空间耦合技术研究_知识点_914,非正交多址,4,1
面向5G的空间耦合技术研究_1级_1,绪论,面向5G的空间耦合技术研究_知识点_915,空间耦合码,4,1
面向5G的空间耦合技术研究_1级_1,绪论,面向5G的空间耦合技术研究_知识点_916,多用户通信系统,4,1
面向5G的空间耦合技术研究_1级_1,绪论,面向5G的空间耦合技术研究_知识点_917,空间耦合技术,4,1
面向5G的空间耦合技术研究_1级_1,绪论,面向5G的空间耦合技术研究_知识点_918,空间耦合原理,4,1
面向5G的空间耦合技术研究_1级_1,绪论,面向5G的空间耦合技术研究_知识点_919,sc-ldpc,4,1
面向5G的空间耦合技术研究_1级_1,绪论,面向5G的空间耦合技术研究_知识点_920,低密奇偶校验码,4,1
面向5G的空间耦合技术研究_1级_1,绪论,面向5G的空间耦合技术研究_知识点_921,全频接入技术,4,1
面向5G的空间耦合技术研究_1级_1,绪论,面向5G的空间耦合技术研究_知识点_922,新型,4,1
面向5G的空间耦合技术研究_1级_1,绪论,面向5G的空间耦合技术研究_知识点_923,新型多址技术,4,1
面向5G的空间耦合技术研究_1级_1,绪论,面向5G的空间耦合技术研究_知识点_924,超密集组网技术,4,1
面向5G的空间耦合技术研究_1级_1,绪论,面向5G的空间耦合技术研究_知识点_925,大规模天线阵列技术,4,1
面向5G的空间耦合技术研究_1级_1,绪论,面向5G的空间耦合技术研究_知识点_926,网络传输技术,4,1
面向5G的空间耦合技术研究_1级_1,绪论,面向5G的空间耦合技术研究_知识点_927,系统容量,4,1
面向5G的空间耦合技术研究_1级_1,绪论,面向5G的空间耦合技术研究_知识点_928,数据传输能力,4,1
面向5G的空间耦合技术研究_1级_1,绪论,面向5G的空间耦合技术研究_知识点_929,4g通信系统,4,1
面向5G的空间耦合技术研究_1级_1,绪论,面向5G的空间耦合技术研究_知识点_930,5g系统,4,1
面向5G的空间耦合技术研究_1级_1,绪论,面向5G的空间耦合技术研究_知识点_931,通信容量,4,1
面向5G的空间耦合技术研究_1级_1,绪论,面向5G的空间耦合技术研究_知识点_932,资源浪费,4,1
面向5G的空间耦合技术研究_1级_1,绪论,面向5G的空间耦合技术研究_知识点_933,兼容性,4,1
面向5G的空间耦合技术研究_1级_1,绪论,面向5G的空间耦合技术研究_知识点_934,频谱效率,4,1
面向5G的空间耦合技术研究_1级_1,绪论,面向5G的空间耦合技术研究_知识点_935,数据传输速度,4,1
面向5G的空间耦合技术研究_1级_1,绪论,面向5G的空间耦合技术研究_知识点_936,4g移动通信系统,4,1
面向5G的空间耦合技术研究_1级_1,绪论,面向5G的空间耦合技术研究_知识点_937,5g,4,1
面向5G的空间耦合技术研究_1级_1,绪论,面向5G的空间耦合技术研究_知识点_938,移动数据流量,4,1
面向5G的空间耦合技术研究_1级_1,绪论,面向5G的空间耦合技术研究_知识点_939,数据量,4,1
面向5G的空间耦合技术研究_1级_1,绪论,面向5G的空间耦合技术研究_知识点_940,用户量,4,1
面向5G的空间耦合技术研究_1级_1,绪论,面向5G的空间耦合技术研究_知识点_941,互联网技术,4,1
面向5G的空间耦合技术研究_3级_12,编码速率,面向5G的空间耦合技术研究_知识点_942,编码速率,4,9
面向5G的空间耦合技术研究_3级_12,编码速率,面向5G的空间耦合技术研究_知识点_943,空间耦合ldpc码,4,6
面向5G的空间耦合技术研究_3级_12,编码速率,面向5G的空间耦合技术研究_知识点_944,校验节点,4,2
面向5G的空间耦合技术研究_3级_12,编码速率,面向5G的空间耦合技术研究_知识点_945,变量节点,4,2
面向5G的空间耦合技术研究_3级_12,编码速率,面向5G的空间耦合技术研究_知识点_946,l无线,4,1
面向5G的空间耦合技术研究_3级_12,编码速率,面向5G的空间耦合技术研究_知识点_947,损失,4,1
面向5G的空间耦合技术研究_3级_12,编码速率,面向5G的空间耦合技术研究_知识点_948,d'clmdcl,4,1
面向5G的空间耦合技术研究_3级_12,编码速率,面向5G的空间耦合技术研究_知识点_949,码长,4,1
面向5G的空间耦合技术研究_3级_12,编码速率,面向5G的空间耦合技术研究_知识点_950,校验比特,4,1
面向5G的空间耦合技术研究_3级_12,编码速率,面向5G的空间耦合技术研究_知识点_951,信息比特,4,1
面向5G的空间耦合技术研究_3级_12,编码速率,面向5G的空间耦合技术研究_知识点_952,比特,4,1
面向5G的空间耦合技术研究_3级_12,编码速率,面向5G的空间耦合技术研究_知识点_953,节点,4,1
面向5G的空间耦合技术研究_3级_12,编码速率,面向5G的空间耦合技术研究_知识点_954,校验矩阵结构,4,1
面向5G的空间耦合技术研究_2级_16,总结,面向5G的空间耦合技术研究_知识点_955,空间耦合ldpc码,4,5
面向5G的空间耦合技术研究_2级_16,总结,面向5G的空间耦合技术研究_知识点_956,ldpc码,4,4
面向5G的空间耦合技术研究_2级_16,总结,面向5G的空间耦合技术研究_知识点_957,空间耦合,4,3
面向5G的空间耦合技术研究_2级_16,总结,面向5G的空间耦合技术研究_知识点_958,性能,4,2
面向5G的空间耦合技术研究_2级_16,总结,面向5G的空间耦合技术研究_知识点_959,容量,4,2
面向5G的空间耦合技术研究_2级_16,总结,面向5G的空间耦合技术研究_知识点_960,速率,4,2
面向5G的空间耦合技术研究_2级_16,总结,面向5G的空间耦合技术研究_知识点_961,仿真结构,4,1
面向5G的空间耦合技术研究_2级_16,总结,面向5G的空间耦合技术研究_知识点_962,性能仿真,4,1
面向5G的空间耦合技术研究_2级_16,总结,面向5G的空间耦合技术研究_知识点_963,二进制差错信道,4,1
面向5G的空间耦合技术研究_2级_16,总结,面向5G的空间耦合技术研究_知识点_964,bp阈值,4,1
面向5G的空间耦合技术研究_2级_16,总结,面向5G的空间耦合技术研究_知识点_965,收敛速度,4,1
面向5G的空间耦合技术研究_2级_16,总结,面向5G的空间耦合技术研究_知识点_966,差错概率,4,1
面向5G的空间耦合技术研究_2级_16,总结,面向5G的空间耦合技术研究_知识点_967,密度,4,1
面向5G的空间耦合技术研究_2级_16,总结,面向5G的空间耦合技术研究_知识点_968,损失,4,1
面向5G的空间耦合技术研究_2级_16,总结,面向5G的空间耦合技术研究_知识点_969,码长,4,1
面向5G的空间耦合技术研究_2级_16,总结,面向5G的空间耦合技术研究_知识点_970,速率损失,4,1
面向5G的空间耦合技术研究_2级_16,总结,面向5G的空间耦合技术研究_知识点_971,密度演进,4,1
面向5G的空间耦合技术研究_2级_16,总结,面向5G的空间耦合技术研究_知识点_972,编码速率,4,1
面向5G的空间耦合技术研究_2级_16,总结,面向5G的空间耦合技术研究_知识点_973,迭代编码算法,4,1
面向5G的空间耦合技术研究_2级_16,总结,面向5G的空间耦合技术研究_知识点_974,移位寄存器,4,1
面向5G的空间耦合技术研究_2级_16,总结,面向5G的空间耦合技术研究_知识点_975,编码器,4,1
面向5G的空间耦合技术研究_2级_16,总结,面向5G的空间耦合技术研究_知识点_976,低延时迭代编码,4,1
面向5G的空间耦合技术研究_2级_16,总结,面向5G的空间耦合技术研究_知识点_977,低复杂度,4,1
面向5G的空间耦合技术研究_3级_10,密度演进,面向5G的空间耦合技术研究_知识点_978,密度演进,4,3
面向5G的空间耦合技术研究_3级_10,密度演进,面向5G的空间耦合技术研究_知识点_979,阈值,4,2
面向5G的空间耦合技术研究_3级_10,密度演进,面向5G的空间耦合技术研究_知识点_980,码结构,4,1
面向5G的空间耦合技术研究_3级_10,密度演进,面向5G的空间耦合技术研究_知识点_981,译码性能,4,1
面向5G的空间耦合技术研究_3级_10,密度演进,面向5G的空间耦合技术研究_知识点_982,信道编码,4,1
面向5G的空间耦合技术研究_3级_10,密度演进,面向5G的空间耦合技术研究_知识点_983,编译码性能,4,1
面向5G的空间耦合技术研究_3级_10,密度演进,面向5G的空间耦合技术研究_知识点_984,空间耦合ldpc码,4,1
面向5G的空间耦合技术研究_3级_10,密度演进,面向5G的空间耦合技术研究_知识点_985,译码能力,4,1
面向5G的空间耦合技术研究_3级_10,密度演进,面向5G的空间耦合技术研究_知识点_986,ldpc码,4,1
面向5G的空间耦合技术研究_3级_10,密度演进,面向5G的空间耦合技术研究_知识点_987,空间耦合,4,1
面向5G的空间耦合技术研究_3级_10,密度演进,面向5G的空间耦合技术研究_知识点_988,最大噪声程度,4,1
面向5G的空间耦合技术研究_3级_10,密度演进,面向5G的空间耦合技术研究_知识点_989,信道,4,1
面向5G的空间耦合技术研究_3级_10,密度演进,面向5G的空间耦合技术研究_知识点_990,bp算法,4,1
面向5G的空间耦合技术研究_2级_19,具有RA尾部节点终止结构的空间耦合LDPC码性能分析,面向5G的空间耦合技术研究_知识点_991,性能,4,2
面向5G的空间耦合技术研究_2级_19,具有RA尾部节点终止结构的空间耦合LDPC码性能分析,面向5G的空间耦合技术研究_知识点_992,空间耦合ldpc码,4,2
面向5G的空间耦合技术研究_2级_19,具有RA尾部节点终止结构的空间耦合LDPC码性能分析,面向5G的空间耦合技术研究_知识点_993,终止结构,4,2
面向5G的空间耦合技术研究_2级_19,具有RA尾部节点终止结构的空间耦合LDPC码性能分析,面向5G的空间耦合技术研究_知识点_994,尾部节点,4,2
面向5G的空间耦合技术研究_2级_19,具有RA尾部节点终止结构的空间耦合LDPC码性能分析,面向5G的空间耦合技术研究_知识点_995,密度,4,1
面向5G的空间耦合技术研究_2级_19,具有RA尾部节点终止结构的空间耦合LDPC码性能分析,面向5G的空间耦合技术研究_知识点_996,编码速率,4,1
面向5G的空间耦合技术研究_3级_11,EXIT图,面向5G的空间耦合技术研究_知识点_997,exit图,4,5
面向5G的空间耦合技术研究_3级_11,EXIT图,面向5G的空间耦合技术研究_知识点_998,译码,4,3
面向5G的空间耦合技术研究_3级_11,EXIT图,面向5G的空间耦合技术研究_知识点_999,转移特性,4,2
面向5G的空间耦合技术研究_3级_11,EXIT图,面向5G的空间耦合技术研究_知识点_1000,甬道,4,1
面向5G的空间耦合技术研究_3级_11,EXIT图,面向5G的空间耦合技术研究_知识点_1001,信噪比门槛,4,1
面向5G的空间耦合技术研究_3级_11,EXIT图,面向5G的空间耦合技术研究_知识点_1002,瀑布区,4,1
面向5G的空间耦合技术研究_3级_11,EXIT图,面向5G的空间耦合技术研究_知识点_1003,比特率特性曲线,4,1
面向5G的空间耦合技术研究_3级_11,EXIT图,面向5G的空间耦合技术研究_知识点_1004,平均数,4,1
面向5G的空间耦合技术研究_3级_11,EXIT图,面向5G的空间耦合技术研究_知识点_1005,迭代次数,4,1
面向5G的空间耦合技术研究_3级_11,EXIT图,面向5G的空间耦合技术研究_知识点_1006,迭代译码进程,4,1
面向5G的空间耦合技术研究_3级_11,EXIT图,面向5G的空间耦合技术研究_知识点_1007,交织器,4,1
面向5G的空间耦合技术研究_3级_11,EXIT图,面向5G的空间耦合技术研究_知识点_1008,外信息,4,1
面向5G的空间耦合技术研究_3级_11,EXIT图,面向5G的空间耦合技术研究_知识点_1009,分量译码器,4,1
面向5G的空间耦合技术研究_3级_11,EXIT图,面向5G的空间耦合技术研究_知识点_1010,性能,4,1
面向5G的空间耦合技术研究_3级_11,EXIT图,面向5G的空间耦合技术研究_知识点_1011,空间耦合ldpc码,4,1
面向5G的空间耦合技术研究_3级_11,EXIT图,面向5G的空间耦合技术研究_知识点_1012,可视化图形,4,1
面向5G的空间耦合技术研究_3级_11,EXIT图,面向5G的空间耦合技术研究_知识点_1013,译码器性能,4,1
面向5G的空间耦合技术研究_3级_11,EXIT图,面向5G的空间耦合技术研究_知识点_1014,exit,4,1
面向5G的空间耦合技术研究_3级_11,EXIT图,面向5G的空间耦合技术研究_知识点_1015,自信息,4,1
面向5G的空间耦合技术研究_3级_11,EXIT图,面向5G的空间耦合技术研究_知识点_1016,llr,4,1
面向5G的空间耦合技术研究_3级_11,EXIT图,面向5G的空间耦合技术研究_知识点_1017,密度演进,4,1
面向5G的空间耦合技术研究_3级_11,EXIT图,面向5G的空间耦合技术研究_知识点_1018,exit函数图,4,1
面向5G的空间耦合技术研究_3级_11,EXIT图,面向5G的空间耦合技术研究_知识点_1019,迭代译码器,4,1
面向5G的空间耦合技术研究_3级_11,EXIT图,面向5G的空间耦合技术研究_知识点_1020,分量编码器,4,1
面向5G的空间耦合技术研究_3级_11,EXIT图,面向5G的空间耦合技术研究_知识点_1021,外信息转移图,4,1
面向5G的空间耦合技术研究_3级_14,编码速率,面向5G的空间耦合技术研究_知识点_1022,编码速率,4,6
面向5G的空间耦合技术研究_3级_14,编码速率,面向5G的空间耦合技术研究_知识点_1023,空间耦合ldpc码,4,4
面向5G的空间耦合技术研究_3级_14,编码速率,面向5G的空间耦合技术研究_知识点_1024,终止结构,4,3
面向5G的空间耦合技术研究_3级_14,编码速率,面向5G的空间耦合技术研究_知识点_1025,尾部节点,4,3
面向5G的空间耦合技术研究_3级_14,编码速率,面向5G的空间耦合技术研究_知识点_1026,信息,4,2
面向5G的空间耦合技术研究_3级_14,编码速率,面向5G的空间耦合技术研究_知识点_1027,ra尾部比特,4,2
面向5G的空间耦合技术研究_3级_14,编码速率,面向5G的空间耦合技术研究_知识点_1028,校验节点,4,2
面向5G的空间耦合技术研究_3级_14,编码速率,面向5G的空间耦合技术研究_知识点_1029,变量节点,4,2
面向5G的空间耦合技术研究_3级_14,编码速率,面向5G的空间耦合技术研究_知识点_1030,速率,4,1
面向5G的空间耦合技术研究_3级_14,编码速率,面向5G的空间耦合技术研究_知识点_1031,损失,4,1
面向5G的空间耦合技术研究_3级_14,编码速率,面向5G的空间耦合技术研究_知识点_1032,z无线,4,1
面向5G的空间耦合技术研究_3级_14,编码速率,面向5G的空间耦合技术研究_知识点_1033,尾部比特,4,1
面向5G的空间耦合技术研究_3级_14,编码速率,面向5G的空间耦合技术研究_知识点_1034,比特,4,1
面向5G的空间耦合技术研究_3级_14,编码速率,面向5G的空间耦合技术研究_知识点_1035,节点,4,1
面向5G的空间耦合技术研究_2级_5,传统空间耦合LDPC码及其构造方法,面向5G的空间耦合技术研究_知识点_1036,ldpc码,4,22
面向5G的空间耦合技术研究_2级_5,传统空间耦合LDPC码及其构造方法,面向5G的空间耦合技术研究_知识点_1037,空间耦合,4,14
面向5G的空间耦合技术研究_2级_5,传统空间耦合LDPC码及其构造方法,面向5G的空间耦合技术研究_知识点_1038,空间耦合ldpc码,4,13
面向5G的空间耦合技术研究_2级_5,传统空间耦合LDPC码及其构造方法,面向5G的空间耦合技术研究_知识点_1039,ldpc块状码,4,10
面向5G的空间耦合技术研究_2级_5,传统空间耦合LDPC码及其构造方法,面向5G的空间耦合技术研究_知识点_1040,校验节点,4,10
面向5G的空间耦合技术研究_2级_5,传统空间耦合LDPC码及其构造方法,面向5G的空间耦合技术研究_知识点_1041,译码,4,9
面向5G的空间耦合技术研究_2级_5,传统空间耦合LDPC码及其构造方法,面向5G的空间耦合技术研究_知识点_1042,耦合链,4,8
面向5G的空间耦合技术研究_2级_5,传统空间耦合LDPC码及其构造方法,面向5G的空间耦合技术研究_知识点_1043,边界,4,7
面向5G的空间耦合技术研究_2级_5,传统空间耦合LDPC码及其构造方法,面向5G的空间耦合技术研究_知识点_1044,变量节点,4,7
面向5G的空间耦合技术研究_2级_5,传统空间耦合LDPC码及其构造方法,面向5G的空间耦合技术研究_知识点_1045,耦合链长度,4,6
面向5G的空间耦合技术研究_2级_5,传统空间耦合LDPC码及其构造方法,面向5G的空间耦合技术研究_知识点_1046,码率,4,6
面向5G的空间耦合技术研究_2级_5,传统空间耦合LDPC码及其构造方法,面向5G的空间耦合技术研究_知识点_1047,校验矩阵,4,6
面向5G的空间耦合技术研究_2级_5,传统空间耦合LDPC码及其构造方法,面向5G的空间耦合技术研究_知识点_1048,仙农极限,4,5
面向5G的空间耦合技术研究_2级_5,传统空间耦合LDPC码及其构造方法,面向5G的空间耦合技术研究_知识点_1049,译码门限,4,4
面向5G的空间耦合技术研究_2级_5,传统空间耦合LDPC码及其构造方法,面向5G的空间耦合技术研究_知识点_1050,门限饱和,4,4
面向5G的空间耦合技术研究_2级_5,传统空间耦合LDPC码及其构造方法,面向5G的空间耦合技术研究_知识点_1051,参数,4,4
面向5G的空间耦合技术研究_2级_5,传统空间耦合LDPC码及其构造方法,面向5G的空间耦合技术研究_知识点_1052,校验节点度,4,4
面向5G的空间耦合技术研究_2级_5,传统空间耦合LDPC码及其构造方法,面向5G的空间耦合技术研究_知识点_1053,变量节点度,4,4
面向5G的空间耦合技术研究_2级_5,传统空间耦合LDPC码及其构造方法,面向5G的空间耦合技术研究_知识点_1054,信道,4,3
面向5G的空间耦合技术研究_2级_5,传统空间耦合LDPC码及其构造方法,面向5G的空间耦合技术研究_知识点_1055,速率,4,3
面向5G的空间耦合技术研究_2级_5,传统空间耦合LDPC码及其构造方法,面向5G的空间耦合技术研究_知识点_1056,bp译码门限,4,3
面向5G的空间耦合技术研究_2级_5,传统空间耦合LDPC码及其构造方法,面向5G的空间耦合技术研究_知识点_1057,编码,4,3
面向5G的空间耦合技术研究_2级_5,传统空间耦合LDPC码及其构造方法,面向5G的空间耦合技术研究_知识点_1058,信息,4,3
面向5G的空间耦合技术研究_2级_5,传统空间耦合LDPC码及其构造方法,面向5G的空间耦合技术研究_知识点_1059,子矩阵,4,3
面向5G的空间耦合技术研究_2级_5,传统空间耦合LDPC码及其构造方法,面向5G的空间耦合技术研究_知识点_1060,块状ldpc码,4,3
面向5G的空间耦合技术研究_2级_5,传统空间耦合LDPC码及其构造方法,面向5G的空间耦合技术研究_知识点_1061,块状码,4,3
面向5G的空间耦合技术研究_2级_5,传统空间耦合LDPC码及其构造方法,面向5G的空间耦合技术研究_知识点_1062,节点,4,3
面向5G的空间耦合技术研究_2级_5,传统空间耦合LDPC码及其构造方法,面向5G的空间耦合技术研究_知识点_1063,map译码门限,4,2
面向5G的空间耦合技术研究_2级_5,传统空间耦合LDPC码及其构造方法,面向5G的空间耦合技术研究_知识点_1064,exit函数,4,2
面向5G的空间耦合技术研究_2级_5,传统空间耦合LDPC码及其构造方法,面向5G的空间耦合技术研究_知识点_1065,误码概率,4,2
面向5G的空间耦合技术研究_2级_5,传统空间耦合LDPC码及其构造方法,面向5G的空间耦合技术研究_知识点_1066,译码迭代,4,2
面向5G的空间耦合技术研究_2级_5,传统空间耦合LDPC码及其构造方法,面向5G的空间耦合技术研究_知识点_1067,空间,4,2
面向5G的空间耦合技术研究_2级_5,传统空间耦合LDPC码及其构造方法,面向5G的空间耦合技术研究_知识点_1068,ldpc,4,2
面向5G的空间耦合技术研究_2级_5,传统空间耦合LDPC码及其构造方法,面向5G的空间耦合技术研究_知识点_1069,矩阵,4,2
面向5G的空间耦合技术研究_2级_5,传统空间耦合LDPC码及其构造方法,面向5G的空间耦合技术研究_知识点_1070,个数,4,2
面向5G的空间耦合技术研究_2级_5,传统空间耦合LDPC码及其构造方法,面向5G的空间耦合技术研究_知识点_1071,空间耦合结构,4,2
面向5G的空间耦合技术研究_2级_5,传统空间耦合LDPC码及其构造方法,面向5G的空间耦合技术研究_知识点_1072,码块,4,2
面向5G的空间耦合技术研究_2级_5,传统空间耦合LDPC码及其构造方法,面向5G的空间耦合技术研究_知识点_1073,编码结构,4,2
面向5G的空间耦合技术研究_2级_5,传统空间耦合LDPC码及其构造方法,面向5G的空间耦合技术研究_知识点_1074,原模图,4,2
面向5G的空间耦合技术研究_2级_5,传统空间耦合LDPC码及其构造方法,面向5G的空间耦合技术研究_知识点_1075,最优编码,4,1
面向5G的空间耦合技术研究_2级_5,传统空间耦合LDPC码及其构造方法,面向5G的空间耦合技术研究_知识点_1076,渐进,4,1
面向5G的空间耦合技术研究_2级_5,传统空间耦合LDPC码及其构造方法,面向5G的空间耦合技术研究_知识点_1077,仙农容量,4,1
面向5G的空间耦合技术研究_2级_5,传统空间耦合LDPC码及其构造方法,面向5G的空间耦合技术研究_知识点_1078,编码速率,4,1
面向5G的空间耦合技术研究_2级_5,传统空间耦合LDPC码及其构造方法,面向5G的空间耦合技术研究_知识点_1079,map极限,4,1
面向5G的空间耦合技术研究_2级_5,传统空间耦合LDPC码及其构造方法,面向5G的空间耦合技术研究_知识点_1080,节点度,4,1
面向5G的空间耦合技术研究_2级_5,传统空间耦合LDPC码及其构造方法,面向5G的空间耦合技术研究_知识点_1081,密￥七,4,1
面向5G的空间耦合技术研究_2级_5,传统空间耦合LDPC码及其构造方法,面向5G的空间耦合技术研究_知识点_1082,m-,4,1
面向5G的空间耦合技术研究_2级_5,传统空间耦合LDPC码及其构造方法,面向5G的空间耦合技术研究_知识点_1083,bp译码,4,1
面向5G的空间耦合技术研究_2级_5,传统空间耦合LDPC码及其构造方法,面向5G的空间耦合技术研究_知识点_1084,bec信道,4,1
面向5G的空间耦合技术研究_2级_5,传统空间耦合LDPC码及其构造方法,面向5G的空间耦合技术研究_知识点_1085,bp译码门,4,1
面向5G的空间耦合技术研究_2级_5,传统空间耦合LDPC码及其构造方法,面向5G的空间耦合技术研究_知识点_1086,删除概率,4,1
面向5G的空间耦合技术研究_2级_5,传统空间耦合LDPC码及其构造方法,面向5G的空间耦合技术研究_知识点_1087,横轴,4,1
面向5G的空间耦合技术研究_2级_5,传统空间耦合LDPC码及其构造方法,面向5G的空间耦合技术研究_知识点_1088,曲线,4,1
面向5G的空间耦合技术研究_2级_5,传统空间耦合LDPC码及其构造方法,面向5G的空间耦合技术研究_知识点_1089,bec,4,1
面向5G的空间耦合技术研究_2级_5,传统空间耦合LDPC码及其构造方法,面向5G的空间耦合技术研究_知识点_1090,二进制删除信道,4,1
面向5G的空间耦合技术研究_2级_5,传统空间耦合LDPC码及其构造方法,面向5G的空间耦合技术研究_知识点_1091,thresholdsaturation,4,1
面向5G的空间耦合技术研究_2级_5,传统空间耦合LDPC码及其构造方法,面向5G的空间耦合技术研究_知识点_1092,递进,4,1
面向5G的空间耦合技术研究_2级_5,传统空间耦合LDPC码及其构造方法,面向5G的空间耦合技术研究_知识点_1093,性能,4,1
面向5G的空间耦合技术研究_2级_5,传统空间耦合LDPC码及其构造方法,面向5G的空间耦合技术研究_知识点_1094,波浪,4,1
面向5G的空间耦合技术研究_2级_5,传统空间耦合LDPC码及其构造方法,面向5G的空间耦合技术研究_知识点_1095,迭代次数,4,1
面向5G的空间耦合技术研究_2级_5,传统空间耦合LDPC码及其构造方法,面向5G的空间耦合技术研究_知识点_1096,误码率,4,1
面向5G的空间耦合技术研究_2级_5,传统空间耦合LDPC码及其构造方法,面向5G的空间耦合技术研究_知识点_1097,中心位,4,1
面向5G的空间耦合技术研究_2级_5,传统空间耦合LDPC码及其构造方法,面向5G的空间耦合技术研究_知识点_1098,置信传播,4,1
面向5G的空间耦合技术研究_2级_5,传统空间耦合LDPC码及其构造方法,面向5G的空间耦合技术研究_知识点_1099,效应,4,1
面向5G的空间耦合技术研究_2级_5,传统空间耦合LDPC码及其构造方法,面向5G的空间耦合技术研究_知识点_1100,译码性能,4,1
面向5G的空间耦合技术研究_2级_5,传统空间耦合LDPC码及其构造方法,面向5G的空间耦合技术研究_知识点_1101,卷积,4,1
面向5G的空间耦合技术研究_2级_5,传统空间耦合LDPC码及其构造方法,面向5G的空间耦合技术研究_知识点_1102,约束条件,4,1
面向5G的空间耦合技术研究_2级_5,传统空间耦合LDPC码及其构造方法,面向5G的空间耦合技术研究_知识点_1103,耦合,4,1
面向5G的空间耦合技术研究_2级_5,传统空间耦合LDPC码及其构造方法,面向5G的空间耦合技术研究_知识点_1104,三维空间,4,1
面向5G的空间耦合技术研究_2级_5,传统空间耦合LDPC码及其构造方法,面向5G的空间耦合技术研究_知识点_1105,二维,4,1
面向5G的空间耦合技术研究_2级_5,传统空间耦合LDPC码及其构造方法,面向5G的空间耦合技术研究_知识点_1106,二分图,4,1
面向5G的空间耦合技术研究_2级_5,传统空间耦合LDPC码及其构造方法,面向5G的空间耦合技术研究_知识点_1107,损耗,4,1
面向5G的空间耦合技术研究_2级_5,传统空间耦合LDPC码及其构造方法,面向5G的空间耦合技术研究_知识点_1108,构造模块,4,1
面向5G的空间耦合技术研究_2级_5,传统空间耦合LDPC码及其构造方法,面向5G的空间耦合技术研究_知识点_1109,终止耦合,4,1
面向5G的空间耦合技术研究_2级_5,传统空间耦合LDPC码及其构造方法,面向5G的空间耦合技术研究_知识点_1110,有限耦合链长度,4,1
面向5G的空间耦合技术研究_2级_5,传统空间耦合LDPC码及其构造方法,面向5G的空间耦合技术研究_知识点_1111,非零子矩阵,4,1
面向5G的空间耦合技术研究_2级_5,传统空间耦合LDPC码及其构造方法,面向5G的空间耦合技术研究_知识点_1112,跨度,4,1
面向5G的空间耦合技术研究_2级_5,传统空间耦合LDPC码及其构造方法,面向5G的空间耦合技术研究_知识点_1113,码长,4,1
面向5G的空间耦合技术研究_2级_5,传统空间耦合LDPC码及其构造方法,面向5G的空间耦合技术研究_知识点_1114,列数,4,1
面向5G的空间耦合技术研究_2级_5,传统空间耦合LDPC码及其构造方法,面向5G的空间耦合技术研究_知识点_1115,空间耦合链,4,1
面向5G的空间耦合技术研究_2级_5,传统空间耦合LDPC码及其构造方法,面向5G的空间耦合技术研究_知识点_1116,全零子矩阵,4,1
面向5G的空间耦合技术研究_2级_5,传统空间耦合LDPC码及其构造方法,面向5G的空间耦合技术研究_知识点_1117,非零稀疏矩阵,4,1
面向5G的空间耦合技术研究_2级_5,传统空间耦合LDPC码及其构造方法,面向5G的空间耦合技术研究_知识点_1118,带状区,4,1
面向5G的空间耦合技术研究_2级_5,传统空间耦合LDPC码及其构造方法,面向5G的空间耦合技术研究_知识点_1119,对角线,4,1
面向5G的空间耦合技术研究_2级_5,传统空间耦合LDPC码及其构造方法,面向5G的空间耦合技术研究_知识点_1120,稀疏校验矩阵,4,1
面向5G的空间耦合技术研究_2级_5,传统空间耦合LDPC码及其构造方法,面向5G的空间耦合技术研究_知识点_1121,耦合长度,4,1
面向5G的空间耦合技术研究_2级_5,传统空间耦合LDPC码及其构造方法,面向5G的空间耦合技术研究_知识点_1122,长度,4,1
面向5G的空间耦合技术研究_2级_5,传统空间耦合LDPC码及其构造方法,面向5G的空间耦合技术研究_知识点_1123,链式结构,4,1
面向5G的空间耦合技术研究_2级_5,传统空间耦合LDPC码及其构造方法,面向5G的空间耦合技术研究_知识点_1124,总数,4,1
面向5G的空间耦合技术研究_2级_5,传统空间耦合LDPC码及其构造方法,面向5G的空间耦合技术研究_知识点_1125,立体结构,4,1
面向5G的空间耦合技术研究_2级_5,传统空间耦合LDPC码及其构造方法,面向5G的空间耦合技术研究_知识点_1126,平面结构,4,1
面向5G的空间耦合技术研究_2级_5,传统空间耦合LDPC码及其构造方法,面向5G的空间耦合技术研究_知识点_1127,重排,4,1
面向5G的空间耦合技术研究_2级_5,传统空间耦合LDPC码及其构造方法,面向5G的空间耦合技术研究_知识点_1128,模块,4,1
面向5G的空间耦合技术研究_2级_5,传统空间耦合LDPC码及其构造方法,面向5G的空间耦合技术研究_知识点_1129,本模块,4,1
面向5G的空间耦合技术研究_2级_5,传统空间耦合LDPC码及其构造方法,面向5G的空间耦合技术研究_知识点_1130,空间耦合构造,4,1
面向5G的空间耦合技术研究_2级_5,传统空间耦合LDPC码及其构造方法,面向5G的空间耦合技术研究_知识点_1131,度分布,4,1
面向5G的空间耦合技术研究_2级_5,传统空间耦合LDPC码及其构造方法,面向5G的空间耦合技术研究_知识点_1132,符号,4,1
面向5G的空间耦合技术研究_2级_5,传统空间耦合LDPC码及其构造方法,面向5G的空间耦合技术研究_知识点_1133,原模,4,1
面向5G的空间耦合技术研究_2级_5,传统空间耦合LDPC码及其构造方法,面向5G的空间耦合技术研究_知识点_1134,图形化,4,1
面向5G的空间耦合技术研究_2级_5,传统空间耦合LDPC码及其构造方法,面向5G的空间耦合技术研究_知识点_1135,连接,4,1
面向5G的空间耦合技术研究_2级_5,传统空间耦合LDPC码及其构造方法,面向5G的空间耦合技术研究_知识点_1136,约束,4,1
面向5G的空间耦合技术研究_2级_5,传统空间耦合LDPC码及其构造方法,面向5G的空间耦合技术研究_知识点_1137,ldpc码字,4,1
面向5G的空间耦合技术研究_2级_5,传统空间耦合LDPC码及其构造方法,面向5G的空间耦合技术研究_知识点_1138,传统空间耦合,4,1
面向5G的空间耦合技术研究_1级_2,传统空间耦合LDPC码研究,面向5G的空间耦合技术研究_知识点_1139,ldpc码,4,14
面向5G的空间耦合技术研究_1级_2,传统空间耦合LDPC码研究,面向5G的空间耦合技术研究_知识点_1140,空间耦合,4,10
面向5G的空间耦合技术研究_1级_2,传统空间耦合LDPC码研究,面向5G的空间耦合技术研究_知识点_1141,编码,4,7
面向5G的空间耦合技术研究_1级_2,传统空间耦合LDPC码研究,面向5G的空间耦合技术研究_知识点_1142,ldpc卷积码,4,6
面向5G的空间耦合技术研究_1级_2,传统空间耦合LDPC码研究,面向5G的空间耦合技术研究_知识点_1143,sc-ldpc码,4,5
面向5G的空间耦合技术研究_1级_2,传统空间耦合LDPC码研究,面向5G的空间耦合技术研究_知识点_1144,性能,4,4
面向5G的空间耦合技术研究_1级_2,传统空间耦合LDPC码研究,面向5G的空间耦合技术研究_知识点_1145,多址接入,4,3
面向5G的空间耦合技术研究_1级_2,传统空间耦合LDPC码研究,面向5G的空间耦合技术研究_知识点_1146,空间耦合码,4,2
面向5G的空间耦合技术研究_1级_2,传统空间耦合LDPC码研究,面向5G的空间耦合技术研究_知识点_1147,空间耦合ldpc码,4,2
面向5G的空间耦合技术研究_1级_2,传统空间耦合LDPC码研究,面向5G的空间耦合技术研究_知识点_1148,分布式编码,4,2
面向5G的空间耦合技术研究_1级_2,传统空间耦合LDPC码研究,面向5G的空间耦合技术研究_知识点_1149,仙农极限,4,2
面向5G的空间耦合技术研究_1级_2,传统空间耦合LDPC码研究,面向5G的空间耦合技术研究_知识点_1150,译码门限,4,2
面向5G的空间耦合技术研究_1级_2,传统空间耦合LDPC码研究,面向5G的空间耦合技术研究_知识点_1151,译码算法,4,2
面向5G的空间耦合技术研究_1级_2,传统空间耦合LDPC码研究,面向5G的空间耦合技术研究_知识点_1152,香农限,4,2
面向5G的空间耦合技术研究_1级_2,传统空间耦合LDPC码研究,面向5G的空间耦合技术研究_知识点_1153,复杂度,4,2
面向5G的空间耦合技术研究_1级_2,传统空间耦合LDPC码研究,面向5G的空间耦合技术研究_知识点_1154,耦合特性,4,2
面向5G的空间耦合技术研究_1级_2,传统空间耦合LDPC码研究,面向5G的空间耦合技术研究_知识点_1155,ldpc编码,4,2
面向5G的空间耦合技术研究_1级_2,传统空间耦合LDPC码研究,面向5G的空间耦合技术研究_知识点_1156,信源编码,4,2
面向5G的空间耦合技术研究_1级_2,传统空间耦合LDPC码研究,面向5G的空间耦合技术研究_知识点_1157,压缩感知,4,2
面向5G的空间耦合技术研究_1级_2,传统空间耦合LDPC码研究,面向5G的空间耦合技术研究_知识点_1158,空间耦合结构,4,2
面向5G的空间耦合技术研究_1级_2,传统空间耦合LDPC码研究,面向5G的空间耦合技术研究_知识点_1159,窗译码算法,4,1
面向5G的空间耦合技术研究_1级_2,传统空间耦合LDPC码研究,面向5G的空间耦合技术研究_知识点_1160,迭代编码算法,4,1
面向5G的空间耦合技术研究_1级_2,传统空间耦合LDPC码研究,面向5G的空间耦合技术研究_知识点_1161,低复杂度编译码,4,1
面向5G的空间耦合技术研究_1级_2,传统空间耦合LDPC码研究,面向5G的空间耦合技术研究_知识点_1162,校验矩阵,4,1
面向5G的空间耦合技术研究_1级_2,传统空间耦合LDPC码研究,面向5G的空间耦合技术研究_知识点_1163,原模图,4,1
面向5G的空间耦合技术研究_1级_2,传统空间耦合LDPC码研究,面向5G的空间耦合技术研究_知识点_1164,通信系统,4,1
面向5G的空间耦合技术研究_1级_2,传统空间耦合LDPC码研究,面向5G的空间耦合技术研究_知识点_1165,编译码算法,4,1
面向5G的空间耦合技术研究_1级_2,传统空间耦合LDPC码研究,面向5G的空间耦合技术研究_知识点_1166,图像压缩,4,1
面向5G的空间耦合技术研究_1级_2,传统空间耦合LDPC码研究,面向5G的空间耦合技术研究_知识点_1167,结构化打孔,4,1
面向5G的空间耦合技术研究_1级_2,传统空间耦合LDPC码研究,面向5G的空间耦合技术研究_知识点_1168,速率匹配,4,1
面向5G的空间耦合技术研究_1级_2,传统空间耦合LDPC码研究,面向5G的空间耦合技术研究_知识点_1169,低复杂度编码,4,1
面向5G的空间耦合技术研究_1级_2,传统空间耦合LDPC码研究,面向5G的空间耦合技术研究_知识点_1170,中短码长,4,1
面向5G的空间耦合技术研究_1级_2,传统空间耦合LDPC码研究,面向5G的空间耦合技术研究_知识点_1171,ldpc码构造,4,1
面向5G的空间耦合技术研究_1级_2,传统空间耦合LDPC码研究,面向5G的空间耦合技术研究_知识点_1172,理论基础研究,4,1
面向5G的空间耦合技术研究_1级_2,传统空间耦合LDPC码研究,面向5G的空间耦合技术研究_知识点_1173,空间耦合原,4,1
面向5G的空间耦合技术研究_1级_2,传统空间耦合LDPC码研究,面向5G的空间耦合技术研究_知识点_1174,物理层安全,4,1
面向5G的空间耦合技术研究_1级_2,传统空间耦合LDPC码研究,面向5G的空间耦合技术研究_知识点_1175,信源,4,1
面向5G的空间耦合技术研究_1级_2,传统空间耦合LDPC码研究,面向5G的空间耦合技术研究_知识点_1176,双向中继信道,4,1
面向5G的空间耦合技术研究_1级_2,传统空间耦合LDPC码研究,面向5G的空间耦合技术研究_知识点_1177,中继信道,4,1
面向5G的空间耦合技术研究_1级_2,传统空间耦合LDPC码研究,面向5G的空间耦合技术研究_知识点_1178,动态中继,4,1
面向5G的空间耦合技术研究_1级_2,传统空间耦合LDPC码研究,面向5G的空间耦合技术研究_知识点_1179,harq,4,1
面向5G的空间耦合技术研究_1级_2,传统空间耦合LDPC码研究,面向5G的空间耦合技术研究_知识点_1180,速率兼容,4,1
面向5G的空间耦合技术研究_1级_2,传统空间耦合LDPC码研究,面向5G的空间耦合技术研究_知识点_1181,门限饱和,4,1
面向5G的空间耦合技术研究_1级_2,传统空间耦合LDPC码研究,面向5G的空间耦合技术研究_知识点_1182,bms,4,1
面向5G的空间耦合技术研究_1级_2,传统空间耦合LDPC码研究,面向5G的空间耦合技术研究_知识点_1183,二进制无记忆对称信道,4,1
面向5G的空间耦合技术研究_1级_2,传统空间耦合LDPC码研究,面向5G的空间耦合技术研究_知识点_1184,数学,4,1
面向5G的空间耦合技术研究_1级_2,传统空间耦合LDPC码研究,面向5G的空间耦合技术研究_知识点_1185,译码码率,4,1
面向5G的空间耦合技术研究_1级_2,传统空间耦合LDPC码研究,面向5G的空间耦合技术研究_知识点_1186,awgn信道,4,1
面向5G的空间耦合技术研究_1级_2,传统空间耦合LDPC码研究,面向5G的空间耦合技术研究_知识点_1187,密度演进,4,1
面向5G的空间耦合技术研究_1级_2,传统空间耦合LDPC码研究,面向5G的空间耦合技术研究_知识点_1188,ier,4,1
面向5G的空间耦合技术研究_1级_2,传统空间耦合LDPC码研究,面向5G的空间耦合技术研究_知识点_1189,le,4,1
面向5G的空间耦合技术研究_1级_2,传统空间耦合LDPC码研究,面向5G的空间耦合技术研究_知识点_1190,最优性,4,1
面向5G的空间耦合技术研究_1级_2,传统空间耦合LDPC码研究,面向5G的空间耦合技术研究_知识点_1191,收敛性,4,1
面向5G的空间耦合技术研究_1级_2,传统空间耦合LDPC码研究,面向5G的空间耦合技术研究_知识点_1192,译码,4,1
面向5G的空间耦合技术研究_1级_2,传统空间耦合LDPC码研究,面向5G的空间耦合技术研究_知识点_1193,ldpc分组码,4,1
面向5G的空间耦合技术研究_1级_2,传统空间耦合LDPC码研究,面向5G的空间耦合技术研究_知识点_1194,tel,4,1
面向5G的空间耦合技术研究_1级_2,传统空间耦合LDPC码研究,面向5G的空间耦合技术研究_知识点_1195,存储空间,4,1
面向5G的空间耦合技术研究_1级_2,传统空间耦合LDPC码研究,面向5G的空间耦合技术研究_知识点_1196,初始译码时延,4,1
面向5G的空间耦合技术研究_1级_2,传统空间耦合LDPC码研究,面向5G的空间耦合技术研究_知识点_1197,译码速度,4,1
面向5G的空间耦合技术研究_1级_2,传统空间耦合LDPC码研究,面向5G的空间耦合技术研究_知识点_1198,处理器,4,1
面向5G的空间耦合技术研究_1级_2,传统空间耦合LDPC码研究,面向5G的空间耦合技术研究_知识点_1199,流水线迭代译码算法,4,1
面向5G的空间耦合技术研究_1级_2,传统空间耦合LDPC码研究,面向5G的空间耦合技术研究_知识点_1200,香农极限,4,1
面向5G的空间耦合技术研究_1级_2,传统空间耦合LDPC码研究,面向5G的空间耦合技术研究_知识点_1201,结构化编码,4,1
面向5G的空间耦合技术研究_1级_2,传统空间耦合LDPC码研究,面向5G的空间耦合技术研究_知识点_1202,ldpc块状码,4,1
面向5G的空间耦合技术研究_1级_2,传统空间耦合LDPC码研究,面向5G的空间耦合技术研究_知识点_1203,卷积码,4,1
面向5G的空间耦合技术研究_1级_2,传统空间耦合LDPC码研究,面向5G的空间耦合技术研究_知识点_1204,ldpcconvolutionalcode,4,1
面向5G的空间耦合技术研究_1级_2,传统空间耦合LDPC码研究,面向5G的空间耦合技术研究_知识点_1205,巻积码,4,1
面向5G的空间耦合技术研究_1级_2,传统空间耦合LDPC码研究,面向5G的空间耦合技术研究_知识点_1206,线性分组码,4,1
面向5G的空间耦合技术研究_1级_2,传统空间耦合LDPC码研究,面向5G的空间耦合技术研究_知识点_1207,纠错编码,4,1
面向5G的空间耦合技术研究_1级_2,传统空间耦合LDPC码研究,面向5G的空间耦合技术研究_知识点_1208,香农信道编码定理,4,1
面向5G的空间耦合技术研究_1级_2,传统空间耦合LDPC码研究,面向5G的空间耦合技术研究_知识点_1209,编译码,4,1
面向5G的空间耦合技术研究_1级_2,传统空间耦合LDPC码研究,面向5G的空间耦合技术研究_知识点_1210,滑动窗译码,4,1
面向5G的空间耦合技术研究_1级_2,传统空间耦合LDPC码研究,面向5G的空间耦合技术研究_知识点_1211,流水线,4,1
面向5G的空间耦合技术研究_1级_2,传统空间耦合LDPC码研究,面向5G的空间耦合技术研究_知识点_1212,递归编码,4,1
面向5G的空间耦合技术研究_1级_2,传统空间耦合LDPC码研究,面向5G的空间耦合技术研究_知识点_1213,结构化设,4,1
面向5G的空间耦合技术研究_1级_2,传统空间耦合LDPC码研究,面向5G的空间耦合技术研究_知识点_1214,ldpc码结构,4,1
面向5G的空间耦合技术研究_1级_2,传统空间耦合LDPC码研究,面向5G的空间耦合技术研究_知识点_1215,结构模型,4,1
面向5G的空间耦合技术研究_1级_2,传统空间耦合LDPC码研究,面向5G的空间耦合技术研究_知识点_1216,香农容量极限,4,1
面向5G的空间耦合技术研究_1级_2,传统空间耦合LDPC码研究,面向5G的空间耦合技术研究_知识点_1217,效应,4,1
面向5G的空间耦合技术研究_1级_2,传统空间耦合LDPC码研究,面向5G的空间耦合技术研究_知识点_1218,门限,4,1
面向5G的空间耦合技术研究_1级_2,传统空间耦合LDPC码研究,面向5G的空间耦合技术研究_知识点_1219,可构造编码,4,1
面向5G的空间耦合技术研究_1级_2,传统空间耦合LDPC码研究,面向5G的空间耦合技术研究_知识点_1220,传统空间耦合,4,1
面向5G的空间耦合技术研究_2级_20,仿真结果及其分析,面向5G的空间耦合技术研究_知识点_1221,空间耦合ldpc码,4,9
面向5G的空间耦合技术研究_2级_20,仿真结果及其分析,面向5G的空间耦合技术研究_知识点_1222,bp阈值,4,6
面向5G的空间耦合技术研究_2级_20,仿真结果及其分析,面向5G的空间耦合技术研究_知识点_1223,终止结构,4,6
面向5G的空间耦合技术研究_2级_20,仿真结果及其分析,面向5G的空间耦合技术研究_知识点_1224,尾部节点,4,6
面向5G的空间耦合技术研究_2级_20,仿真结果及其分析,面向5G的空间耦合技术研究_知识点_1225,空间耦合,4,5
面向5G的空间耦合技术研究_2级_20,仿真结果及其分析,面向5G的空间耦合技术研究_知识点_1226,bec信道,4,4
面向5G的空间耦合技术研究_2级_20,仿真结果及其分析,面向5G的空间耦合技术研究_知识点_1227,ldpc码,4,4
面向5G的空间耦合技术研究_2级_20,仿真结果及其分析,面向5G的空间耦合技术研究_知识点_1228,香农极限,4,3
面向5G的空间耦合技术研究_2级_20,仿真结果及其分析,面向5G的空间耦合技术研究_知识点_1229,bp阈,4,2
面向5G的空间耦合技术研究_2级_20,仿真结果及其分析,面向5G的空间耦合技术研究_知识点_1230,间隔,4,2
面向5G的空间耦合技术研究_2级_20,仿真结果及其分析,面向5G的空间耦合技术研究_知识点_1231,曲线,4,1
面向5G的空间耦合技术研究_2级_20,仿真结果及其分析,面向5G的空间耦合技术研究_知识点_1232,ber,4,1
面向5G的空间耦合技术研究_2级_20,仿真结果及其分析,面向5G的空间耦合技术研究_知识点_1233,ldpc码比特差错率,4,1
面向5G的空间耦合技术研究_2级_20,仿真结果及其分析,面向5G的空间耦合技术研究_知识点_1234,仿真阈值,4,1
面向5G的空间耦合技术研究_2级_20,仿真结果及其分析,面向5G的空间耦合技术研究_知识点_1235,虚线,4,1
面向5G的空间耦合技术研究_2级_20,仿真结果及其分析,面向5G的空间耦合技术研究_知识点_1236,密度,4,1
面向5G的空间耦合技术研究_2级_20,仿真结果及其分析,面向5G的空间耦合技术研究_知识点_1237,点线,4,1
面向5G的空间耦合技术研究_2级_20,仿真结果及其分析,面向5G的空间耦合技术研究_知识点_1238,实线,4,1
面向5G的空间耦合技术研究_2级_20,仿真结果及其分析,面向5G的空间耦合技术研究_知识点_1239,仿真结构,4,1
面向5G的空间耦合技术研究_2级_20,仿真结果及其分析,面向5G的空间耦合技术研究_知识点_1240,res,4,1
面向5G的空间耦合技术研究_2级_20,仿真结果及其分析,面向5G的空间耦合技术研究_知识点_1241,bp,4,1
面向5G的空间耦合技术研究_2级_20,仿真结果及其分析,面向5G的空间耦合技术研究_知识点_1242,速率损失,4,1
面向5G的空间耦合技术研究_2级_20,仿真结果及其分析,面向5G的空间耦合技术研究_知识点_1243,校验节点,4,1
面向5G的空间耦合技术研究_2级_20,仿真结果及其分析,面向5G的空间耦合技术研究_知识点_1244,变量节点,4,1
面向5G的空间耦合技术研究_2级_20,仿真结果及其分析,面向5G的空间耦合技术研究_知识点_1245,变量节点度,4,1
面向5G的空间耦合技术研究_2级_20,仿真结果及其分析,面向5G的空间耦合技术研究_知识点_1246,校验节点度,4,1
面向5G的空间耦合技术研究_2级_20,仿真结果及其分析,面向5G的空间耦合技术研究_知识点_1247,耦合数目,4,1
面向5G的空间耦合技术研究_2级_20,仿真结果及其分析,面向5G的空间耦合技术研究_知识点_1248,性能仿真曲线,4,1
面向5G的空间耦合技术研究_2级_20,仿真结果及其分析,面向5G的空间耦合技术研究_知识点_1249,bec,4,1
面向5G的空间耦合技术研究_2级_20,仿真结果及其分析,面向5G的空间耦合技术研究_知识点_1250,二进制差错信道,4,1
面向5G的空间耦合技术研究_2级_20,仿真结果及其分析,面向5G的空间耦合技术研究_知识点_1251,置信传播,4,1
面向5G的空间耦合技术研究_2级_20,仿真结果及其分析,面向5G的空间耦合技术研究_知识点_1252,仿真结,4,1
面向5G的空间耦合技术研究_3级_13,密度演进分析,面向5G的空间耦合技术研究_知识点_1253,变量节点,4,12
面向5G的空间耦合技术研究_3级_13,密度演进分析,面向5G的空间耦合技术研究_知识点_1254,校验节点,4,10
面向5G的空间耦合技术研究_3级_13,密度演进分析,面向5G的空间耦合技术研究_知识点_1255,差错概率,4,7
面向5G的空间耦合技术研究_3级_13,密度演进分析,面向5G的空间耦合技术研究_知识点_1256,空间耦合ldpc码,4,7
面向5G的空间耦合技术研究_3级_13,密度演进分析,面向5G的空间耦合技术研究_知识点_1257,ldpc码,4,5
面向5G的空间耦合技术研究_3级_13,密度演进分析,面向5G的空间耦合技术研究_知识点_1258,空间耦合,4,5
面向5G的空间耦合技术研究_3级_13,密度演进分析,面向5G的空间耦合技术研究_知识点_1259,密度,4,2
面向5G的空间耦合技术研究_3级_13,密度演进分析,面向5G的空间耦合技术研究_知识点_1260,bec信道,4,1
面向5G的空间耦合技术研究_3级_13,密度演进分析,面向5G的空间耦合技术研究_知识点_1261,阈值,4,1
面向5G的空间耦合技术研究_3级_13,密度演进分析,面向5G的空间耦合技术研究_知识点_1262,置信传播,4,1
面向5G的空间耦合技术研究_3级_13,密度演进分析,面向5G的空间耦合技术研究_知识点_1263,收敛速度,4,1
面向5G的空间耦合技术研究_3级_13,密度演进分析,面向5G的空间耦合技术研究_知识点_1264,节点,4,1
面向5G的空间耦合技术研究_3级_13,密度演进分析,面向5G的空间耦合技术研究_知识点_1265,迭代,4,1
面向5G的空间耦合技术研究_3级_13,密度演进分析,面向5G的空间耦合技术研究_知识点_1266,虚线,4,1
面向5G的空间耦合技术研究_3级_13,密度演进分析,面向5G的空间耦合技术研究_知识点_1267,实线,4,1
面向5G的空间耦合技术研究_3级_13,密度演进分析,面向5G的空间耦合技术研究_知识点_1268,耦合链,4,1
面向5G的空间耦合技术研究_3级_13,密度演进分析,面向5G的空间耦合技术研究_知识点_1269,残余差错概率,4,1
面向5G的空间耦合技术研究_3级_13,密度演进分析,面向5G的空间耦合技术研究_知识点_1270,迭代次数,4,1
面向5G的空间耦合技术研究_3级_13,密度演进分析,面向5G的空间耦合技术研究_知识点_1271,等式,4,1
面向5G的空间耦合技术研究_3级_13,密度演进分析,面向5G的空间耦合技术研究_知识点_1272,传递差错概率,4,1
面向5G的空间耦合技术研究_3级_13,密度演进分析,面向5G的空间耦合技术研究_知识点_1273,时传递,4,1
面向5G的空间耦合技术研究_3级_13,密度演进分析,面向5G的空间耦合技术研究_知识点_1274,译码,4,1
面向5G的空间耦合技术研究_3级_13,密度演进分析,面向5G的空间耦合技术研究_知识点_1275,tg,4,1
面向5G的空间耦合技术研究_3级_13,密度演进分析,面向5G的空间耦合技术研究_知识点_1276,剩余差错概率,4,1
面向5G的空间耦合技术研究_3级_13,密度演进分析,面向5G的空间耦合技术研究_知识点_1277,bec,4,1
面向5G的空间耦合技术研究_3级_13,密度演进分析,面向5G的空间耦合技术研究_知识点_1278,二进制差错信道,4,1
面向5G的空间耦合技术研究_3级_13,密度演进分析,面向5G的空间耦合技术研究_知识点_1279,密度演进,4,1
面向5G的空间耦合技术研究_2级_17,具有RA尾部节点终止结构的空间耦合LDPC码,面向5G的空间耦合技术研究_知识点_1280,校验节点,4,9
面向5G的空间耦合技术研究_2级_17,具有RA尾部节点终止结构的空间耦合LDPC码,面向5G的空间耦合技术研究_知识点_1281,尾部节点,4,9
面向5G的空间耦合技术研究_2级_17,具有RA尾部节点终止结构的空间耦合LDPC码,面向5G的空间耦合技术研究_知识点_1282,编码,4,8
面向5G的空间耦合技术研究_2级_17,具有RA尾部节点终止结构的空间耦合LDPC码,面向5G的空间耦合技术研究_知识点_1283,ldpc码,4,8
面向5G的空间耦合技术研究_2级_17,具有RA尾部节点终止结构的空间耦合LDPC码,面向5G的空间耦合技术研究_知识点_1284,空间耦合,4,8
面向5G的空间耦合技术研究_2级_17,具有RA尾部节点终止结构的空间耦合LDPC码,面向5G的空间耦合技术研究_知识点_1285,终止结构,4,7
面向5G的空间耦合技术研究_2级_17,具有RA尾部节点终止结构的空间耦合LDPC码,面向5G的空间耦合技术研究_知识点_1286,尾部变量节点,4,5
面向5G的空间耦合技术研究_2级_17,具有RA尾部节点终止结构的空间耦合LDPC码,面向5G的空间耦合技术研究_知识点_1287,序列,4,5
面向5G的空间耦合技术研究_2级_17,具有RA尾部节点终止结构的空间耦合LDPC码,面向5G的空间耦合技术研究_知识点_1288,空间耦合ldpc码,4,5
面向5G的空间耦合技术研究_2级_17,具有RA尾部节点终止结构的空间耦合LDPC码,面向5G的空间耦合技术研究_知识点_1289,变量节点,4,4
面向5G的空间耦合技术研究_2级_17,具有RA尾部节点终止结构的空间耦合LDPC码,面向5G的空间耦合技术研究_知识点_1290,奇偶校验矩阵,4,3
面向5G的空间耦合技术研究_2级_17,具有RA尾部节点终止结构的空间耦合LDPC码,面向5G的空间耦合技术研究_知识点_1291,信息比特,4,3
面向5G的空间耦合技术研究_2级_17,具有RA尾部节点终止结构的空间耦合LDPC码,面向5G的空间耦合技术研究_知识点_1292,校验比特,4,3
面向5G的空间耦合技术研究_2级_17,具有RA尾部节点终止结构的空间耦合LDPC码,面向5G的空间耦合技术研究_知识点_1293,矩阵,4,2
面向5G的空间耦合技术研究_2级_17,具有RA尾部节点终止结构的空间耦合LDPC码,面向5G的空间耦合技术研究_知识点_1294,尾比特,4,2
面向5G的空间耦合技术研究_2级_17,具有RA尾部节点终止结构的空间耦合LDPC码,面向5G的空间耦合技术研究_知识点_1295,奇偶校验子,4,2
面向5G的空间耦合技术研究_2级_17,具有RA尾部节点终止结构的空间耦合LDPC码,面向5G的空间耦合技术研究_知识点_1296,子矩阵,4,2
面向5G的空间耦合技术研究_2级_17,具有RA尾部节点终止结构的空间耦合LDPC码,面向5G的空间耦合技术研究_知识点_1297,灰色,4,2
面向5G的空间耦合技术研究_2级_17,具有RA尾部节点终止结构的空间耦合LDPC码,面向5G的空间耦合技术研究_知识点_1298,原模图,4,2
面向5G的空间耦合技术研究_2级_17,具有RA尾部节点终止结构的空间耦合LDPC码,面向5G的空间耦合技术研究_知识点_1299,信息序列,4,2
面向5G的空间耦合技术研究_2级_17,具有RA尾部节点终止结构的空间耦合LDPC码,面向5G的空间耦合技术研究_知识点_1300,变量节点度,4,2
面向5G的空间耦合技术研究_2级_17,具有RA尾部节点终止结构的空间耦合LDPC码,面向5G的空间耦合技术研究_知识点_1301,尾部比特,4,1
面向5G的空间耦合技术研究_2级_17,具有RA尾部节点终止结构的空间耦合LDPC码,面向5G的空间耦合技术研究_知识点_1302,矩形,4,1
面向5G的空间耦合技术研究_2级_17,具有RA尾部节点终止结构的空间耦合LDPC码,面向5G的空间耦合技术研究_知识点_1303,中子矩阵,4,1
面向5G的空间耦合技术研究_2级_17,具有RA尾部节点终止结构的空间耦合LDPC码,面向5G的空间耦合技术研究_知识点_1304,转置矩阵,4,1
面向5G的空间耦合技术研究_2级_17,具有RA尾部节点终止结构的空间耦合LDPC码,面向5G的空间耦合技术研究_知识点_1305,已编码比特,4,1
面向5G的空间耦合技术研究_2级_17,具有RA尾部节点终止结构的空间耦合LDPC码,面向5G的空间耦合技术研究_知识点_1306,连接,4,1
面向5G的空间耦合技术研究_2级_17,具有RA尾部节点终止结构的空间耦合LDPC码,面向5G的空间耦合技术研究_知识点_1307,检验节点,4,1
面向5G的空间耦合技术研究_2级_17,具有RA尾部节点终止结构的空间耦合LDPC码,面向5G的空间耦合技术研究_知识点_1308,奇偶节点,4,1
面向5G的空间耦合技术研究_2级_17,具有RA尾部节点终止结构的空间耦合LDPC码,面向5G的空间耦合技术研究_知识点_1309,重复积累码,4,1
面向5G的空间耦合技术研究_2级_17,具有RA尾部节点终止结构的空间耦合LDPC码,面向5G的空间耦合技术研究_知识点_1310,节点度,4,1
面向5G的空间耦合技术研究_2级_17,具有RA尾部节点终止结构的空间耦合LDPC码,面向5G的空间耦合技术研究_知识点_1311,尾变量,4,1
面向5G的空间耦合技术研究_2级_17,具有RA尾部节点终止结构的空间耦合LDPC码,面向5G的空间耦合技术研究_知识点_1312,尾变量节点,4,1
面向5G的空间耦合技术研究_2级_17,具有RA尾部节点终止结构的空间耦合LDPC码,面向5G的空间耦合技术研究_知识点_1313,寄存器,4,1
面向5G的空间耦合技术研究_2级_17,具有RA尾部节点终止结构的空间耦合LDPC码,面向5G的空间耦合技术研究_知识点_1314,比特,4,1
面向5G的空间耦合技术研究_2级_17,具有RA尾部节点终止结构的空间耦合LDPC码,面向5G的空间耦合技术研究_知识点_1315,移位寄存器,4,1
面向5G的空间耦合技术研究_2级_17,具有RA尾部节点终止结构的空间耦合LDPC码,面向5G的空间耦合技术研究_知识点_1316,编码过程,4,1
面向5G的空间耦合技术研究_2级_17,具有RA尾部节点终止结构的空间耦合LDPC码,面向5G的空间耦合技术研究_知识点_1317,单位矩阵,4,1
面向5G的空间耦合技术研究_2级_17,具有RA尾部节点终止结构的空间耦合LDPC码,面向5G的空间耦合技术研究_知识点_1318,零向量,4,1
面向5G的空间耦合技术研究_2级_17,具有RA尾部节点终止结构的空间耦合LDPC码,面向5G的空间耦合技术研究_知识点_1319,子等式,4,1
面向5G的空间耦合技术研究_2级_17,具有RA尾部节点终止结构的空间耦合LDPC码,面向5G的空间耦合技术研究_知识点_1320,子序列,4,1
面向5G的空间耦合技术研究_2级_17,具有RA尾部节点终止结构的空间耦合LDPC码,面向5G的空间耦合技术研究_知识点_1321,迭代编码算法,4,1
面向5G的空间耦合技术研究_2级_17,具有RA尾部节点终止结构的空间耦合LDPC码,面向5G的空间耦合技术研究_知识点_1322,mxm转置矩阵,4,1
面向5G的空间耦合技术研究_2级_17,具有RA尾部节点终止结构的空间耦合LDPC码,面向5G的空间耦合技术研究_知识点_1323,二进制,4,1
面向5G的空间耦合技术研究_2级_17,具有RA尾部节点终止结构的空间耦合LDPC码,面向5G的空间耦合技术研究_知识点_1324,校验比特向量,4,1
面向5G的空间耦合技术研究_2级_17,具有RA尾部节点终止结构的空间耦合LDPC码,面向5G的空间耦合技术研究_知识点_1325,编码器,4,1
面向5G的空间耦合技术研究_2级_17,具有RA尾部节点终止结构的空间耦合LDPC码,面向5G的空间耦合技术研究_知识点_1326,原模,4,1
面向5G的空间耦合技术研究_2级_17,具有RA尾部节点终止结构的空间耦合LDPC码,面向5G的空间耦合技术研究_知识点_1327,重复次数,4,1
面向5G的空间耦合技术研究_2级_17,具有RA尾部节点终止结构的空间耦合LDPC码,面向5G的空间耦合技术研究_知识点_1328,扩展系数,4,1
面向5G的空间耦合技术研究_2级_17,具有RA尾部节点终止结构的空间耦合LDPC码,面向5G的空间耦合技术研究_知识点_1329,记忆长度,4,1
面向5G的空间耦合技术研究_2级_17,具有RA尾部节点终止结构的空间耦合LDPC码,面向5G的空间耦合技术研究_知识点_1330,码字,4,1
面向5G的空间耦合技术研究_2级_17,具有RA尾部节点终止结构的空间耦合LDPC码,面向5G的空间耦合技术研究_知识点_1331,耦合数,4,1
面向5G的空间耦合技术研究_2级_17,具有RA尾部节点终止结构的空间耦合LDPC码,面向5G的空间耦合技术研究_知识点_1332,二进制空间耦合,4,1
面向5G的空间耦合技术研究_2级_17,具有RA尾部节点终止结构的空间耦合LDPC码,面向5G的空间耦合技术研究_知识点_1333,速率,4,1
面向5G的空间耦合技术研究_2级_17,具有RA尾部节点终止结构的空间耦合LDPC码,面向5G的空间耦合技术研究_知识点_1334,校验节点度,4,1
面向5G的空间耦合技术研究_1级_4,有限码长空间耦合LDPC码终止方案研究,面向5G的空间耦合技术研究_知识点_1335,ldpc码,4,10
面向5G的空间耦合技术研究_1级_4,有限码长空间耦合LDPC码终止方案研究,面向5G的空间耦合技术研究_知识点_1336,空间耦合,4,8
面向5G的空间耦合技术研究_1级_4,有限码长空间耦合LDPC码终止方案研究,面向5G的空间耦合技术研究_知识点_1337,终止结构,4,6
面向5G的空间耦合技术研究_1级_4,有限码长空间耦合LDPC码终止方案研究,面向5G的空间耦合技术研究_知识点_1338,空间耦合ldpc码,4,6
面向5G的空间耦合技术研究_1级_4,有限码长空间耦合LDPC码终止方案研究,面向5G的空间耦合技术研究_知识点_1339,尾部节点,4,5
面向5G的空间耦合技术研究_1级_4,有限码长空间耦合LDPC码终止方案研究,面向5G的空间耦合技术研究_知识点_1340,复杂度,4,5
面向5G的空间耦合技术研究_1级_4,有限码长空间耦合LDPC码终止方案研究,面向5G的空间耦合技术研究_知识点_1341,尾比特,4,5
面向5G的空间耦合技术研究_1级_4,有限码长空间耦合LDPC码终止方案研究,面向5G的空间耦合技术研究_知识点_1342,扩展系数,4,4
面向5G的空间耦合技术研究_1级_4,有限码长空间耦合LDPC码终止方案研究,面向5G的空间耦合技术研究_知识点_1343,变量节点,4,3
面向5G的空间耦合技术研究_1级_4,有限码长空间耦合LDPC码终止方案研究,面向5G的空间耦合技术研究_知识点_1344,时间延迟,4,3
面向5G的空间耦合技术研究_1级_4,有限码长空间耦合LDPC码终止方案研究,面向5G的空间耦合技术研究_知识点_1345,编码器,4,3
面向5G的空间耦合技术研究_1级_4,有限码长空间耦合LDPC码终止方案研究,面向5G的空间耦合技术研究_知识点_1346,校验节点,4,2
面向5G的空间耦合技术研究_1级_4,有限码长空间耦合LDPC码终止方案研究,面向5G的空间耦合技术研究_知识点_1347,编码,4,2
面向5G的空间耦合技术研究_1级_4,有限码长空间耦合LDPC码终止方案研究,面向5G的空间耦合技术研究_知识点_1348,bp阈值反应,4,1
面向5G的空间耦合技术研究_1级_4,有限码长空间耦合LDPC码终止方案研究,面向5G的空间耦合技术研究_知识点_1349,性能仿真,4,1
面向5G的空间耦合技术研究_1级_4,有限码长空间耦合LDPC码终止方案研究,面向5G的空间耦合技术研究_知识点_1350,bec,4,1
面向5G的空间耦合技术研究_1级_4,有限码长空间耦合LDPC码终止方案研究,面向5G的空间耦合技术研究_知识点_1351,二进制差错信道,4,1
面向5G的空间耦合技术研究_1级_4,有限码长空间耦合LDPC码终止方案研究,面向5G的空间耦合技术研究_知识点_1352,置信传播,4,1
面向5G的空间耦合技术研究_1级_4,有限码长空间耦合LDPC码终止方案研究,面向5G的空间耦合技术研究_知识点_1353,损失,4,1
面向5G的空间耦合技术研究_1级_4,有限码长空间耦合LDPC码终止方案研究,面向5G的空间耦合技术研究_知识点_1354,码长,4,1
面向5G的空间耦合技术研究_1级_4,有限码长空间耦合LDPC码终止方案研究,面向5G的空间耦合技术研究_知识点_1355,速率损失,4,1
面向5G的空间耦合技术研究_1级_4,有限码长空间耦合LDPC码终止方案研究,面向5G的空间耦合技术研究_知识点_1356,密度,4,1
面向5G的空间耦合技术研究_1级_4,有限码长空间耦合LDPC码终止方案研究,面向5G的空间耦合技术研究_知识点_1357,编码速率,4,1
面向5G的空间耦合技术研究_1级_4,有限码长空间耦合LDPC码终止方案研究,面向5G的空间耦合技术研究_知识点_1358,性能,4,1
面向5G的空间耦合技术研究_1级_4,有限码长空间耦合LDPC码终止方案研究,面向5G的空间耦合技术研究_知识点_1359,有限码长空间,4,1
面向5G的空间耦合技术研究_1级_4,有限码长空间耦合LDPC码终止方案研究,面向5G的空间耦合技术研究_知识点_1360,已编码比特,4,1
面向5G的空间耦合技术研究_1级_4,有限码长空间耦合LDPC码终止方案研究,面向5G的空间耦合技术研究_知识点_1361,ra尾比特,4,1
面向5G的空间耦合技术研究_1级_4,有限码长空间耦合LDPC码终止方案研究,面向5G的空间耦合技术研究_知识点_1362,长空间,4,1
面向5G的空间耦合技术研究_1级_4,有限码长空间耦合LDPC码终止方案研究,面向5G的空间耦合技术研究_知识点_1363,有限码,4,1
面向5G的空间耦合技术研究_1级_4,有限码长空间耦合LDPC码终止方案研究,面向5G的空间耦合技术研究_知识点_1364,尾部节点终止结构,4,1
面向5G的空间耦合技术研究_1级_4,有限码长空间耦合LDPC码终止方案研究,面向5G的空间耦合技术研究_知识点_1365,ra,4,1
面向5G的空间耦合技术研究_1级_4,有限码长空间耦合LDPC码终止方案研究,面向5G的空间耦合技术研究_知识点_1366,ra尾部节点,4,1
面向5G的空间耦合技术研究_1级_4,有限码长空间耦合LDPC码终止方案研究,面向5G的空间耦合技术研究_知识点_1367,奇偶节点,4,1
面向5G的空间耦合技术研究_1级_4,有限码长空间耦合LDPC码终止方案研究,面向5G的空间耦合技术研究_知识点_1368,重复积累,4,1
面向5G的空间耦合技术研究_1级_4,有限码长空间耦合LDPC码终止方案研究,面向5G的空间耦合技术研究_知识点_1369,连接,4,1
面向5G的空间耦合技术研究_1级_4,有限码长空间耦合LDPC码终止方案研究,面向5G的空间耦合技术研究_知识点_1370,低延时,4,1
面向5G的空间耦合技术研究_1级_4,有限码长空间耦合LDPC码终止方案研究,面向5G的空间耦合技术研究_知识点_1371,累加器,4,1
面向5G的空间耦合技术研究_1级_4,有限码长空间耦合LDPC码终止方案研究,面向5G的空间耦合技术研究_知识点_1372,尾部改进结构,4,1
面向5G的空间耦合技术研究_1级_4,有限码长空间耦合LDPC码终止方案研究,面向5G的空间耦合技术研究_知识点_1373,计算资源,4,1
面向5G的空间耦合技术研究_1级_4,有限码长空间耦合LDPC码终止方案研究,面向5G的空间耦合技术研究_知识点_1374,编码过程,4,1
面向5G的空间耦合技术研究_1级_4,有限码长空间耦合LDPC码终止方案研究,面向5G的空间耦合技术研究_知识点_1375,尾比特比,4,1
面向5G的空间耦合技术研究_1级_4,有限码长空间耦合LDPC码终止方案研究,面向5G的空间耦合技术研究_知识点_1376,耦合个数,4,1
面向5G的空间耦合技术研究_1级_4,有限码长空间耦合LDPC码终止方案研究,面向5G的空间耦合技术研究_知识点_1377,线性等式,4,1
面向5G的空间耦合技术研究_1级_4,有限码长空间耦合LDPC码终止方案研究,面向5G的空间耦合技术研究_知识点_1378,信息序列,4,1
面向5G的空间耦合技术研究_1级_4,有限码长空间耦合LDPC码终止方案研究,面向5G的空间耦合技术研究_知识点_1379,ldpc码译码,4,1
面向5G的空间耦合技术研究_1级_4,有限码长空间耦合LDPC码终止方案研究,面向5G的空间耦合技术研究_知识点_1380,非零,4,1
面向5G的空间耦合技术研究_1级_4,有限码长空间耦合LDPC码终止方案研究,面向5G的空间耦合技术研究_知识点_1381,低延时迭代编码,4,1
面向5G的空间耦合技术研究_1级_4,有限码长空间耦合LDPC码终止方案研究,面向5G的空间耦合技术研究_知识点_1382,低复杂度,4,1
面向5G的空间耦合技术研究_1级_4,有限码长空间耦合LDPC码终止方案研究,面向5G的空间耦合技术研究_知识点_1383,速率空间,4,1
面向5G的空间耦合技术研究_1级_4,有限码长空间耦合LDPC码终止方案研究,面向5G的空间耦合技术研究_知识点_1384,有限码长空间耦合,4,1
面向5G的空间耦合技术研究_2级_18,具有RA尾部节点终止结构的空间耦合LDPC码编码,面向5G的空间耦合技术研究_知识点_1385,终止结构,4,6
面向5G的空间耦合技术研究_2级_18,具有RA尾部节点终止结构的空间耦合LDPC码编码,面向5G的空间耦合技术研究_知识点_1386,尾部节点,4,6
面向5G的空间耦合技术研究_2级_18,具有RA尾部节点终止结构的空间耦合LDPC码编码,面向5G的空间耦合技术研究_知识点_1387,复杂度,4,4
面向5G的空间耦合技术研究_2级_18,具有RA尾部节点终止结构的空间耦合LDPC码编码,面向5G的空间耦合技术研究_知识点_1388,ra尾比特,4,4
面向5G的空间耦合技术研究_2级_18,具有RA尾部节点终止结构的空间耦合LDPC码编码,面向5G的空间耦合技术研究_知识点_1389,时间消耗,4,3
面向5G的空间耦合技术研究_2级_18,具有RA尾部节点终止结构的空间耦合LDPC码编码,面向5G的空间耦合技术研究_知识点_1390,尾比特,4,3
面向5G的空间耦合技术研究_2级_18,具有RA尾部节点终止结构的空间耦合LDPC码编码,面向5G的空间耦合技术研究_知识点_1391,编码,4,3
面向5G的空间耦合技术研究_2级_18,具有RA尾部节点终止结构的空间耦合LDPC码编码,面向5G的空间耦合技术研究_知识点_1392,ldpc码,4,3
面向5G的空间耦合技术研究_2级_18,具有RA尾部节点终止结构的空间耦合LDPC码编码,面向5G的空间耦合技术研究_知识点_1393,空间耦合,4,3
面向5G的空间耦合技术研究_2级_18,具有RA尾部节点终止结构的空间耦合LDPC码编码,面向5G的空间耦合技术研究_知识点_1394,尾部比特,4,2
面向5G的空间耦合技术研究_2级_18,具有RA尾部节点终止结构的空间耦合LDPC码编码,面向5G的空间耦合技术研究_知识点_1395,子矩阵,4,2
面向5G的空间耦合技术研究_2级_18,具有RA尾部节点终止结构的空间耦合LDPC码编码,面向5G的空间耦合技术研究_知识点_1396,空间耦合ldpc码,4,2
面向5G的空间耦合技术研究_2级_18,具有RA尾部节点终止结构的空间耦合LDPC码编码,面向5G的空间耦合技术研究_知识点_1397,奇偶校验矩阵,4,2
面向5G的空间耦合技术研究_2级_18,具有RA尾部节点终止结构的空间耦合LDPC码编码,面向5G的空间耦合技术研究_知识点_1398,寄存器,4,1
面向5G的空间耦合技术研究_2级_18,具有RA尾部节点终止结构的空间耦合LDPC码编码,面向5G的空间耦合技术研究_知识点_1399,延时,4,1
面向5G的空间耦合技术研究_2级_18,具有RA尾部节点终止结构的空间耦合LDPC码编码,面向5G的空间耦合技术研究_知识点_1400,终止方,4,1
面向5G的空间耦合技术研究_2级_18,具有RA尾部节点终止结构的空间耦合LDPC码编码,面向5G的空间耦合技术研究_知识点_1401,已编码比特,4,1
面向5G的空间耦合技术研究_2级_18,具有RA尾部节点终止结构的空间耦合LDPC码编码,面向5G的空间耦合技术研究_知识点_1402,时间延时,4,1
面向5G的空间耦合技术研究_2级_18,具有RA尾部节点终止结构的空间耦合LDPC码编码,面向5G的空间耦合技术研究_知识点_1403,累加器,4,1
面向5G的空间耦合技术研究_2级_18,具有RA尾部节点终止结构的空间耦合LDPC码编码,面向5G的空间耦合技术研究_知识点_1404,累加单元,4,1
面向5G的空间耦合技术研究_2级_18,具有RA尾部节点终止结构的空间耦合LDPC码编码,面向5G的空间耦合技术研究_知识点_1405,矩阵,4,1
面向5G的空间耦合技术研究_2级_18,具有RA尾部节点终止结构的空间耦合LDPC码编码,面向5G的空间耦合技术研究_知识点_1406,线性方程系统,4,1
面向5G的空间耦合技术研究_2级_18,具有RA尾部节点终止结构的空间耦合LDPC码编码,面向5G的空间耦合技术研究_知识点_1407,终止,4,1
面向5G的空间耦合技术研究_2级_18,具有RA尾部节点终止结构的空间耦合LDPC码编码,面向5G的空间耦合技术研究_知识点_1408,终止方案,4,1
面向5G的空间耦合技术研究_2级_18,具有RA尾部节点终止结构的空间耦合LDPC码编码,面向5G的空间耦合技术研究_知识点_1409,奇偶校验子,4,1
面向5G的空间耦合技术研究_2级_18,具有RA尾部节点终止结构的空间耦合LDPC码编码,面向5G的空间耦合技术研究_知识点_1410,单位矩阵,4,1
面向5G的空间耦合技术研究_2级_18,具有RA尾部节点终止结构的空间耦合LDPC码编码,面向5G的空间耦合技术研究_知识点_1411,校验比特,4,1
面向5G的空间耦合技术研究_2级_18,具有RA尾部节点终止结构的空间耦合LDPC码编码,面向5G的空间耦合技术研究_知识点_1412,信息比特,4,1
面向5G的空间耦合技术研究_2级_18,具有RA尾部节点终止结构的空间耦合LDPC码编码,面向5G的空间耦合技术研究_知识点_1413,ra尾比特向量,4,1
面向5G的空间耦合技术研究_2级_18,具有RA尾部节点终止结构的空间耦合LDPC码编码,面向5G的空间耦合技术研究_知识点_1414,序列,4,1
面向5G的空间耦合技术研究_2级_18,具有RA尾部节点终止结构的空间耦合LDPC码编码,面向5G的空间耦合技术研究_知识点_1415,连接,4,1
面向5G的空间耦合技术研究_2级_18,具有RA尾部节点终止结构的空间耦合LDPC码编码,面向5G的空间耦合技术研究_知识点_1416,尾部变量节点,4,1
面向5G的空间耦合技术研究_2级_18,具有RA尾部节点终止结构的空间耦合LDPC码编码,面向5G的空间耦合技术研究_知识点_1417,空间耦合ldpc码编码,4,1
面向5G的空间耦合技术研究_2级_7,传统空间耦合LDPC码编码,面向5G的空间耦合技术研究_知识点_1418,校验子,4,6
面向5G的空间耦合技术研究_2级_7,传统空间耦合LDPC码编码,面向5G的空间耦合技术研究_知识点_1419,ldpc码,4,3
面向5G的空间耦合技术研究_2级_7,传统空间耦合LDPC码编码,面向5G的空间耦合技术研究_知识点_1420,空间耦合,4,3
面向5G的空间耦合技术研究_2级_7,传统空间耦合LDPC码编码,面向5G的空间耦合技术研究_知识点_1421,周期,4,2
面向5G的空间耦合技术研究_2级_7,传统空间耦合LDPC码编码,面向5G的空间耦合技术研究_知识点_1422,子矩阵,4,2
面向5G的空间耦合技术研究_2级_7,传统空间耦合LDPC码编码,面向5G的空间耦合技术研究_知识点_1423,校验矩阵,4,2
面向5G的空间耦合技术研究_2级_7,传统空间耦合LDPC码编码,面向5G的空间耦合技术研究_知识点_1424,空间耦合ldpc码,4,2
面向5G的空间耦合技术研究_2级_7,传统空间耦合LDPC码编码,面向5G的空间耦合技术研究_知识点_1425,码字序列,4,2
面向5G的空间耦合技术研究_2级_7,传统空间耦合LDPC码编码,面向5G的空间耦合技术研究_知识点_1426,编码器,4,2
面向5G的空间耦合技术研究_2级_7,传统空间耦合LDPC码编码,面向5G的空间耦合技术研究_知识点_1427,信息序列,4,2
面向5G的空间耦合技术研究_2级_7,传统空间耦合LDPC码编码,面向5G的空间耦合技术研究_知识点_1428,编码,4,2
面向5G的空间耦合技术研究_2级_7,传统空间耦合LDPC码编码,面向5G的空间耦合技术研究_知识点_1429,迭代编码,4,1
面向5G的空间耦合技术研究_2级_7,传统空间耦合LDPC码编码,面向5G的空间耦合技术研究_知识点_1430,xfi,4,1
面向5G的空间耦合技术研究_2级_7,传统空间耦合LDPC码编码,面向5G的空间耦合技术研究_知识点_1431,规则,4,1
面向5G的空间耦合技术研究_2级_7,传统空间耦合LDPC码编码,面向5G的空间耦合技术研究_知识点_1432,汉明距离,4,1
面向5G的空间耦合技术研究_2级_7,传统空间耦合LDPC码编码,面向5G的空间耦合技术研究_知识点_1433,稀疏性,4,1
面向5G的空间耦合技术研究_2级_7,传统空间耦合LDPC码编码,面向5G的空间耦合技术研究_知识点_1434,宽度,4,1
面向5G的空间耦合技术研究_2级_7,传统空间耦合LDPC码编码,面向5G的空间耦合技术研究_知识点_1435,非零对角线,4,1
面向5G的空间耦合技术研究_2级_7,传统空间耦合LDPC码编码,面向5G的空间耦合技术研究_知识点_1436,译码约束长度,4,1
面向5G的空间耦合技术研究_2级_7,传统空间耦合LDPC码编码,面向5G的空间耦合技术研究_知识点_1437,记忆,4,1
面向5G的空间耦合技术研究_2级_7,传统空间耦合LDPC码编码,面向5G的空间耦合技术研究_知识点_1438,时间,4,1
面向5G的空间耦合技术研究_2级_7,传统空间耦合LDPC码编码,面向5G的空间耦合技术研究_知识点_1439,特性,4,1
面向5G的空间耦合技术研究_2级_7,传统空间耦合LDPC码编码,面向5G的空间耦合技术研究_知识点_1440,中子矩阵,4,1
面向5G的空间耦合技术研究_2级_7,传统空间耦合LDPC码编码,面向5G的空间耦合技术研究_知识点_1441,奇偶校验矩阵,4,1
面向5G的空间耦合技术研究_2级_7,传统空间耦合LDPC码编码,面向5G的空间耦合技术研究_知识点_1442,网写,4,1
面向5G的空间耦合技术研究_2级_7,传统空间耦合LDPC码编码,面向5G的空间耦合技术研究_知识点_1443,校验比特向量,4,1
面向5G的空间耦合技术研究_2级_7,传统空间耦合LDPC码编码,面向5G的空间耦合技术研究_知识点_1444,长度,4,1
面向5G的空间耦合技术研究_2级_7,传统空间耦合LDPC码编码,面向5G的空间耦合技术研究_知识点_1445,egf,4,1
面向5G的空间耦合技术研究_2级_7,传统空间耦合LDPC码编码,面向5G的空间耦合技术研究_知识点_1446,ldpc,4,1
面向5G的空间耦合技术研究_2级_7,传统空间耦合LDPC码编码,面向5G的空间耦合技术研究_知识点_1447,二进制空间耦合,4,1
面向5G的空间耦合技术研究_2级_7,传统空间耦合LDPC码编码,面向5G的空间耦合技术研究_知识点_1448,码率,4,1
面向5G的空间耦合技术研究_2级_7,传统空间耦合LDPC码编码,面向5G的空间耦合技术研究_知识点_1449,编码过程,4,1
面向5G的空间耦合技术研究_2级_7,传统空间耦合LDPC码编码,面向5G的空间耦合技术研究_知识点_1450,ldpc码编码,4,1
面向5G的空间耦合技术研究_2级_7,传统空间耦合LDPC码编码,面向5G的空间耦合技术研究_知识点_1451,传统空间耦合,4,1
面向5G的空间耦合技术研究_2级_12,任意速率可迭代编码空间耦合LDPC码构造方法,面向5G的空间耦合技术研究_知识点_1452,ldpc码,4,13
面向5G的空间耦合技术研究_2级_12,任意速率可迭代编码空间耦合LDPC码构造方法,面向5G的空间耦合技术研究_知识点_1453,空间耦合,4,12
面向5G的空间耦合技术研究_2级_12,任意速率可迭代编码空间耦合LDPC码构造方法,面向5G的空间耦合技术研究_知识点_1454,子矩阵,4,10
面向5G的空间耦合技术研究_2级_12,任意速率可迭代编码空间耦合LDPC码构造方法,面向5G的空间耦合技术研究_知识点_1455,空间耦合ldpc码,4,9
面向5G的空间耦合技术研究_2级_12,任意速率可迭代编码空间耦合LDPC码构造方法,面向5G的空间耦合技术研究_知识点_1456,校验比特,4,7
面向5G的空间耦合技术研究_2级_12,任意速率可迭代编码空间耦合LDPC码构造方法,面向5G的空间耦合技术研究_知识点_1457,整数,4,5
面向5G的空间耦合技术研究_2级_12,任意速率可迭代编码空间耦合LDPC码构造方法,面向5G的空间耦合技术研究_知识点_1458,迭代编码,4,5
面向5G的空间耦合技术研究_2级_12,任意速率可迭代编码空间耦合LDPC码构造方法,面向5G的空间耦合技术研究_知识点_1459,校验矩阵,4,5
面向5G的空间耦合技术研究_2级_12,任意速率可迭代编码空间耦合LDPC码构造方法,面向5G的空间耦合技术研究_知识点_1460,编码器,4,4
面向5G的空间耦合技术研究_2级_12,任意速率可迭代编码空间耦合LDPC码构造方法,面向5G的空间耦合技术研究_知识点_1461,信息比特,4,4
面向5G的空间耦合技术研究_2级_12,任意速率可迭代编码空间耦合LDPC码构造方法,面向5G的空间耦合技术研究_知识点_1462,信息序列,4,4
面向5G的空间耦合技术研究_2级_12,任意速率可迭代编码空间耦合LDPC码构造方法,面向5G的空间耦合技术研究_知识点_1463,转置矩阵,4,3
面向5G的空间耦合技术研究_2级_12,任意速率可迭代编码空间耦合LDPC码构造方法,面向5G的空间耦合技术研究_知识点_1464,变量节点,4,3
面向5G的空间耦合技术研究_2级_12,任意速率可迭代编码空间耦合LDPC码构造方法,面向5G的空间耦合技术研究_知识点_1465,原模图,4,3
面向5G的空间耦合技术研究_2级_12,任意速率可迭代编码空间耦合LDPC码构造方法,面向5G的空间耦合技术研究_知识点_1466,编码,4,3
面向5G的空间耦合技术研究_2级_12,任意速率可迭代编码空间耦合LDPC码构造方法,面向5G的空间耦合技术研究_知识点_1467,校验节点,4,3
面向5G的空间耦合技术研究_2级_12,任意速率可迭代编码空间耦合LDPC码构造方法,面向5G的空间耦合技术研究_知识点_1468,变量节点度,4,3
面向5G的空间耦合技术研究_2级_12,任意速率可迭代编码空间耦合LDPC码构造方法,面向5G的空间耦合技术研究_知识点_1469,原模,4,2
面向5G的空间耦合技术研究_2级_12,任意速率可迭代编码空间耦合LDPC码构造方法,面向5G的空间耦合技术研究_知识点_1470,编码算法,4,2
面向5G的空间耦合技术研究_2级_12,任意速率可迭代编码空间耦合LDPC码构造方法,面向5G的空间耦合技术研究_知识点_1471,奇偶校验子,4,2
面向5G的空间耦合技术研究_2级_12,任意速率可迭代编码空间耦合LDPC码构造方法,面向5G的空间耦合技术研究_知识点_1472,校验节点度,4,2
面向5G的空间耦合技术研究_2级_12,任意速率可迭代编码空间耦合LDPC码构造方法,面向5G的空间耦合技术研究_知识点_1473,记忆长度,4,2
面向5G的空间耦合技术研究_2级_12,任意速率可迭代编码空间耦合LDPC码构造方法,面向5G的空间耦合技术研究_知识点_1474,速率,4,2
面向5G的空间耦合技术研究_2级_12,任意速率可迭代编码空间耦合LDPC码构造方法,面向5G的空间耦合技术研究_知识点_1475,校验矩阵结构,4,1
面向5G的空间耦合技术研究_2级_12,任意速率可迭代编码空间耦合LDPC码构造方法,面向5G的空间耦合技术研究_知识点_1476,传统子矩阵,4,1
面向5G的空间耦合技术研究_2级_12,任意速率可迭代编码空间耦合LDPC码构造方法,面向5G的空间耦合技术研究_知识点_1477,子矩阵结构,4,1
面向5G的空间耦合技术研究_2级_12,任意速率可迭代编码空间耦合LDPC码构造方法,面向5G的空间耦合技术研究_知识点_1478,单位转置矩阵,4,1
面向5G的空间耦合技术研究_2级_12,任意速率可迭代编码空间耦合LDPC码构造方法,面向5G的空间耦合技术研究_知识点_1479,传统结构,4,1
面向5G的空间耦合技术研究_2级_12,任意速率可迭代编码空间耦合LDPC码构造方法,面向5G的空间耦合技术研究_知识点_1480,虚线,4,1
面向5G的空间耦合技术研究_2级_12,任意速率可迭代编码空间耦合LDPC码构造方法,面向5G的空间耦合技术研究_知识点_1481,奇偶校验矩阵,4,1
面向5G的空间耦合技术研究_2级_12,任意速率可迭代编码空间耦合LDPC码构造方法,面向5G的空间耦合技术研究_知识点_1482,已编码比特,4,1
面向5G的空间耦合技术研究_2级_12,任意速率可迭代编码空间耦合LDPC码构造方法,面向5G的空间耦合技术研究_知识点_1483,比特,4,1
面向5G的空间耦合技术研究_2级_12,任意速率可迭代编码空间耦合LDPC码构造方法,面向5G的空间耦合技术研究_知识点_1484,速率空间,4,1
面向5G的空间耦合技术研究_2级_12,任意速率可迭代编码空间耦合LDPC码构造方法,面向5G的空间耦合技术研究_知识点_1485,构造结构,4,1
面向5G的空间耦合技术研究_2级_12,任意速率可迭代编码空间耦合LDPC码构造方法,面向5G的空间耦合技术研究_知识点_1486,迭代编码算法,4,1
面向5G的空间耦合技术研究_2级_12,任意速率可迭代编码空间耦合LDPC码构造方法,面向5G的空间耦合技术研究_知识点_1487,复杂度,4,1
面向5G的空间耦合技术研究_2级_12,任意速率可迭代编码空间耦合LDPC码构造方法,面向5G的空间耦合技术研究_知识点_1488,延时,4,1
面向5G的空间耦合技术研究_2级_12,任意速率可迭代编码空间耦合LDPC码构造方法,面向5G的空间耦合技术研究_知识点_1489,块状码,4,1
面向5G的空间耦合技术研究_2级_12,任意速率可迭代编码空间耦合LDPC码构造方法,面向5G的空间耦合技术研究_知识点_1490,ldpc,4,1
面向5G的空间耦合技术研究_2级_12,任意速率可迭代编码空间耦合LDPC码构造方法,面向5G的空间耦合技术研究_知识点_1491,编码过,4,1
面向5G的空间耦合技术研究_2级_12,任意速率可迭代编码空间耦合LDPC码构造方法,面向5G的空间耦合技术研究_知识点_1492,移位寄存器,4,1
面向5G的空间耦合技术研究_2级_12,任意速率可迭代编码空间耦合LDPC码构造方法,面向5G的空间耦合技术研究_知识点_1493,空间,4,1
面向5G的空间耦合技术研究_2级_12,任意速率可迭代编码空间耦合LDPC码构造方法,面向5G的空间耦合技术研究_知识点_1494,ldpc编码器,4,1
面向5G的空间耦合技术研究_2级_12,任意速率可迭代编码空间耦合LDPC码构造方法,面向5G的空间耦合技术研究_知识点_1495,二进制单位矩阵,4,1
面向5G的空间耦合技术研究_2级_12,任意速率可迭代编码空间耦合LDPC码构造方法,面向5G的空间耦合技术研究_知识点_1496,奇偶校验子点,4,1
面向5G的空间耦合技术研究_2级_12,任意速率可迭代编码空间耦合LDPC码构造方法,面向5G的空间耦合技术研究_知识点_1497,零向量,4,1
面向5G的空间耦合技术研究_2级_12,任意速率可迭代编码空间耦合LDPC码构造方法,面向5G的空间耦合技术研究_知识点_1498,编码序列,4,1
面向5G的空间耦合技术研究_2级_12,任意速率可迭代编码空间耦合LDPC码构造方法,面向5G的空间耦合技术研究_知识点_1499,校验比特向量,4,1
面向5G的空间耦合技术研究_2级_12,任意速率可迭代编码空间耦合LDPC码构造方法,面向5G的空间耦合技术研究_知识点_1500,码字序列,4,1
面向5G的空间耦合技术研究_2级_12,任意速率可迭代编码空间耦合LDPC码构造方法,面向5G的空间耦合技术研究_知识点_1501,系统编码器,4,1
面向5G的空间耦合技术研究_2级_12,任意速率可迭代编码空间耦合LDPC码构造方法,面向5G的空间耦合技术研究_知识点_1502,迭代编码过,4,1
面向5G的空间耦合技术研究_2级_12,任意速率可迭代编码空间耦合LDPC码构造方法,面向5G的空间耦合技术研究_知识点_1503,置换矩阵,4,1
面向5G的空间耦合技术研究_2级_12,任意速率可迭代编码空间耦合LDPC码构造方法,面向5G的空间耦合技术研究_知识点_1504,二进制单位,4,1
面向5G的空间耦合技术研究_2级_12,任意速率可迭代编码空间耦合LDPC码构造方法,面向5G的空间耦合技术研究_知识点_1505,mxm,4,1
面向5G的空间耦合技术研究_2级_12,任意速率可迭代编码空间耦合LDPC码构造方法,面向5G的空间耦合技术研究_知识点_1506,校验矩,4,1
面向5G的空间耦合技术研究_2级_12,任意速率可迭代编码空间耦合LDPC码构造方法,面向5G的空间耦合技术研究_知识点_1507,h&s,4,1
面向5G的空间耦合技术研究_2级_12,任意速率可迭代编码空间耦合LDPC码构造方法,面向5G的空间耦合技术研究_知识点_1508,码字,4,1
面向5G的空间耦合技术研究_2级_12,任意速率可迭代编码空间耦合LDPC码构造方法,面向5G的空间耦合技术研究_知识点_1509,序列,4,1
面向5G的空间耦合技术研究_2级_12,任意速率可迭代编码空间耦合LDPC码构造方法,面向5G的空间耦合技术研究_知识点_1510,复制次数,4,1
面向5G的空间耦合技术研究_2级_12,任意速率可迭代编码空间耦合LDPC码构造方法,面向5G的空间耦合技术研究_知识点_1511,扩展系数,4,1
面向5G的空间耦合技术研究_2级_12,任意速率可迭代编码空间耦合LDPC码构造方法,面向5G的空间耦合技术研究_知识点_1512,egf,4,1
面向5G的空间耦合技术研究_2级_12,任意速率可迭代编码空间耦合LDPC码构造方法,面向5G的空间耦合技术研究_知识点_1513,正整数,4,1
面向5G的空间耦合技术研究_2级_12,任意速率可迭代编码空间耦合LDPC码构造方法,面向5G的空间耦合技术研究_知识点_1514,公约数,4,1
面向5G的空间耦合技术研究_2级_12,任意速率可迭代编码空间耦合LDPC码构造方法,面向5G的空间耦合技术研究_知识点_1515,长度,4,1
面向5G的空间耦合技术研究_2级_12,任意速率可迭代编码空间耦合LDPC码构造方法,面向5G的空间耦合技术研究_知识点_1516,耦合链,4,1
面向5G的空间耦合技术研究_2级_12,任意速率可迭代编码空间耦合LDPC码构造方法,面向5G的空间耦合技术研究_知识点_1517,耦合,4,1
面向5G的空间耦合技术研究_2级_12,任意速率可迭代编码空间耦合LDPC码构造方法,面向5G的空间耦合技术研究_知识点_1518,编码空间,4,1
