,摘要,关键词,第一章,第二章,第三章,第四章,第五章,第六章,总词频,加权得分
室内定位技术,2,0,15,1,0,0,0,1,19,4.18125
接收器,5,0,21,92,21,21,22,15,197,33.44375
定位,7,0,14,17,11,5,5,5,64,15.587499999999999
可见光室内定位算法,6,0,34,28,15,3,24,14,124,23.9
可见光信号,1,0,9,16,5,3,3,2,39,6.481249999999999
发射器,3,0,14,37,28,5,11,15,113,20.06875
可见光室内定位系统,0,0,5,4,1,2,4,0,16,2.39375
信号,0,0,6,26,1,1,11,2,47,6.71875
物理参数,0,0,4,0,0,0,0,0,4,0.5
图像传感器,0,0,5,54,0,0,0,0,59,7.375
室内定位,0,1,5,1,1,1,0,0,9,3.1125
vlc,1,0,3,10,3,2,0,1,20,3.7125
可见光室内定位技术,1,0,3,2,0,0,0,3,9,2.16875
精度,0,0,3,4,1,1,0,0,9,1.2375
室内环境,0,0,3,1,0,0,0,0,4,0.5
算法,0,0,9,0,6,5,0,0,20,3.11875
参数,0,0,2,1,4,3,4,0,14,2.36875
可见光信道模型,0,0,2,1,0,0,0,0,3,0.375
定位算法,3,0,12,12,47,1,21,2,98,18.86875
led,0,0,6,16,18,6,6,1,53,8.368749999999999
定位精度,0,0,10,6,24,11,11,2,64,10.7
室内定位系统,0,0,2,1,0,0,0,0,3,0.375
多径传播,0,0,2,0,0,0,0,0,2,0.25
室内,0,0,2,1,0,0,0,0,3,0.375
rf室内定位技术,0,0,2,0,0,0,0,0,2,0.25
uwb,0,0,2,0,0,0,0,0,2,0.25
zigbee,0,0,2,0,0,0,0,0,2,0.25
wlan,0,0,2,0,0,0,0,0,2,0.25
超声波室内定位技术,0,0,2,0,0,0,0,0,2,0.25
红外室内定位技术,0,0,2,0,0,0,0,0,2,0.25
无线通信技术,0,0,2,1,0,0,0,0,3,0.375
gps,0,0,2,0,0,0,0,0,2,0.25
室内lbs,1,0,2,0,0,0,0,0,3,1.25
矿井,0,0,2,1,0,0,0,0,3,0.375
lbs,1,0,2,0,0,0,0,0,3,1.25
无线通信,1,0,2,0,0,0,0,0,3,1.25
测量误差,0,0,1,2,2,1,2,0,8,1.28125
电子罗盘,0,0,1,1,0,0,0,0,2,0.25
陀螺仪,0,0,1,2,0,0,0,0,3,0.375
加速度计,0,0,1,1,0,0,0,0,2,0.25
传感器,0,0,2,5,2,1,2,4,16,2.5062499999999996
定位目标,0,0,1,0,0,0,0,0,1,0.125
可见光传播,0,0,1,1,1,0,0,0,3,0.43125
定位误差,0,0,2,5,31,15,10,1,64,11.206249999999999
噪声,0,0,3,6,8,8,4,0,29,4.75
fov,0,0,2,6,5,4,0,0,17,2.6312499999999996
视场角,0,0,1,1,1,1,0,0,4,0.6125
厘米级,0,0,1,1,0,2,3,1,8,1.3375
pd,0,0,1,3,2,4,3,0,13,2.1312499999999996
性能,0,0,1,1,1,0,0,0,3,0.43125
单pd接收器,0,0,1,1,0,1,0,0,3,0.43125
pd阵列印,0,0,1,0,0,0,0,0,1,0.125
led阵列,0,0,1,3,0,0,0,0,4,0.5
参量,0,0,1,0,0,0,0,0,1,0.125
可见光室,0,0,3,3,0,0,0,0,6,0.75
rss法,0,0,3,6,0,0,0,0,9,1.125
imagesensing,0,0,1,0,0,0,0,0,1,0.125
arri,0,0,1,0,0,0,0,0,1,0.125
angle,0,0,1,0,0,0,0,0,1,0.125
到达角度,0,0,1,0,0,0,0,0,1,0.125
法刃,0,0,1,0,0,0,0,0,1,0.125
ivedsignals,0,0,1,0,0,0,0,0,1,0.125
re,0,0,1,0,0,0,0,0,1,0.125
接收信号强度,0,1,1,0,0,0,0,0,2,2.125
tdoa,0,0,1,12,0,0,0,0,13,1.625
ri,0,0,1,0,0,0,0,0,1,0.125
timedifference,0,0,1,0,0,0,0,0,1,0.125
到达时间差,0,0,1,2,0,0,0,0,3,0.375
arrival,0,0,1,0,0,0,0,0,1,0.125
time,0,0,1,0,0,0,0,0,1,0.125
到达时间,0,0,1,3,0,0,0,0,4,0.5
fingerprinting,0,0,1,0,0,0,0,0,1,0.125
指纹法,0,0,2,10,0,0,0,0,12,1.5
proximity,0,0,1,0,0,0,0,0,1,0.125
近邻法,0,0,2,10,0,0,0,0,12,1.5
定位技术,0,0,1,1,0,0,0,1,3,0.43125
水下,0,0,1,0,0,0,0,0,1,0.125
矿井口,0,0,1,0,0,0,0,0,1,0.125
电磁信号,1,0,1,2,0,0,0,1,5,1.55625
可可见光,0,0,1,0,0,0,0,0,1,0.125
可见光,0,0,7,2,6,3,3,4,25,4.025
密度,0,0,1,2,0,0,0,0,3,0.375
照明设备,0,0,1,0,0,0,0,0,1,0.125
待定位,0,0,1,5,3,3,4,0,16,2.5625
vlc系统,0,0,3,26,1,0,0,0,30,3.80625
接收,0,0,2,5,0,2,4,1,14,2.14375
photodio,0,0,1,0,0,0,0,0,1,0.125
光电二极管,1,0,1,0,0,0,0,0,2,1.125
接收端,0,0,6,15,0,2,7,2,32,4.61875
信息,0,0,1,8,1,2,0,0,12,1.66875
速闪烁,0,0,1,0,0,0,0,0,1,0.125
通信,0,0,1,4,0,0,0,0,5,0.625
照明,0,0,1,4,0,0,0,0,5,0.625
信号发射器,0,0,1,0,0,0,0,0,1,0.125
高速调制能力,0,0,1,0,0,0,0,0,1,0.125
lightemittingdiode,1,0,1,0,0,0,0,0,2,1.125
发光二极管,1,0,1,0,0,0,0,0,2,1.125
无线接入,0,0,1,0,0,0,0,0,1,0.125
visiblelightcommunication,1,0,1,0,0,0,0,0,2,1.125
可见光通信,1,1,1,1,1,1,0,1,7,3.79375
硬件,0,0,1,3,0,0,0,0,4,0.5
定位结,1,0,1,1,2,0,0,0,5,1.6125
rf,0,0,1,1,0,0,0,1,3,0.43125
rf信号,0,0,1,0,0,0,0,0,1,0.125
rf通信,0,0,1,0,0,0,0,0,1,0.125
radiofrequency,0,0,1,0,0,0,0,0,1,0.125
射频,0,0,1,1,0,0,0,1,3,0.43125
rhd,0,0,1,0,0,0,0,0,1,0.125
蓝牙,0,0,1,0,0,0,0,0,1,0.125
通信辅助,0,0,1,0,0,0,0,0,1,0.125
通信技术,0,0,1,0,0,0,0,0,1,0.125
ultra-wideband,0,0,1,0,0,0,0,0,1,0.125
超宽带,0,0,1,0,0,0,0,0,1,0.125
radiofrequencyident,0,0,1,0,0,0,0,0,1,0.125
射频识别,0,0,1,0,0,0,0,0,1,0.125
蓝牙室内定位技术,0,0,1,0,0,0,0,0,1,0.125
wirelesslocalare,0,0,1,0,0,0,0,0,1,0.125
无线局域网,0,0,1,0,0,0,0,0,1,0.125
无线室内定位技术,0,0,1,0,0,0,0,1,2,0.30625
无线信号媒介,0,0,1,0,0,0,0,0,1,0.125
定位技,0,0,1,0,0,0,0,0,1,0.125
室外定位技术,0,0,1,0,0,0,0,0,1,0.125
室外环境,0,0,1,0,0,0,0,0,1,0.125
室外定位,0,0,1,0,0,0,0,0,1,0.125
卫星,0,0,1,0,0,0,0,0,1,0.125
终端,0,0,1,0,0,0,0,0,1,0.125
建筑物,0,0,1,0,0,0,0,0,1,0.125
卫星信号,0,0,1,0,0,0,0,0,1,0.125
的定位系,0,0,1,0,0,0,0,0,1,0.125
globalpositioningsyste,0,0,1,0,0,0,0,0,1,0.125
全球定位系统,0,0,1,0,0,0,0,0,1,0.125
工业流水线自动化生产,0,0,1,0,0,0,0,0,1,0.125
物流管理,0,0,1,0,0,0,0,0,1,0.125
应急响应,0,0,1,0,0,0,0,0,1,0.125
安全监控,0,0,1,0,0,0,0,0,1,0.125
个性化精准推送,0,0,1,0,0,0,0,0,1,0.125
情景感知,0,0,1,0,0,0,0,0,1,0.125
行迹记录,0,0,1,0,0,0,0,0,1,0.125
运动跟踪,0,0,1,0,0,0,0,0,1,0.125
人员定位,0,0,1,0,0,0,0,0,1,0.125
内导航,0,0,1,0,0,0,0,0,1,0.125
大型建筑物,0,0,1,0,0,0,0,0,1,0.125
作业,0,0,1,0,0,0,0,0,1,0.125
隧道,0,0,1,1,0,0,0,0,2,0.25
地下,0,0,1,1,0,0,0,0,2,0.25
大型建筑,0,0,1,0,0,0,0,0,1,0.125
城镇化,0,0,1,0,0,0,0,0,1,0.125
社会,0,0,1,0,0,0,0,0,1,0.125
locationbasedservice,1,0,1,0,0,0,0,0,2,1.125
位置,2,0,3,1,9,6,2,1,24,5.762499999999999
智能移动终端,0,0,1,0,0,0,0,0,1,0.125
mdpa,8,0,33,0,0,76,72,17,206,42.03125
mdla,8,0,29,0,72,7,62,14,192,39.71875
仿真,0,0,10,0,11,8,11,5,45,7.59375
多模定位机制,2,0,8,0,0,0,18,3,31,6.80625
发射端,0,0,5,9,1,0,3,3,21,3.01875
mdla-mdpa,1,0,6,0,0,0,11,2,20,4.106249999999999
倾斜角,4,0,4,1,26,15,11,4,65,14.775
误差,3,0,4,0,8,2,2,3,22,6.21875
单模算法,2,0,3,0,0,0,3,0,8,2.91875
全局坐标系,0,0,7,0,0,24,6,4,41,7.0375
接收器坐标系,0,0,6,0,0,22,4,3,35,6.00625
入射角,3,0,5,6,1,13,10,2,40,9.087499999999999
3-d定位,3,0,3,3,23,3,6,4,45,10.274999999999999
rssr,1,0,4,4,20,7,6,0,42,7.98125
la,1,0,3,0,4,0,10,0,18,3.9125
定位系统,1,0,2,4,1,1,3,2,14,3.01875
厘米,0,0,2,0,0,1,0,0,3,0.43125
单led发射器,0,0,2,1,3,0,0,1,7,1.1
辐射角,1,0,3,4,3,1,11,1,24,4.775
定位条件,0,0,1,0,0,0,0,0,1,0.125
信号接收,1,0,1,0,0,0,2,0,4,1.4875
定位模型,0,0,1,0,0,0,1,0,2,0.30625
pa,1,0,1,0,0,2,7,0,11,2.7562499999999996
定位系统模型,0,0,4,0,1,1,2,6,14,2.3125
多模定位机,0,0,1,0,0,0,0,1,2,0.30625
mdba,0,0,1,0,0,0,0,0,1,0.125
系统模型,0,0,1,0,0,0,3,0,4,0.66875
杂度,0,0,1,0,0,0,1,0,2,0.30625
迭代,0,0,1,0,0,0,1,0,2,0.30625
定位过程,0,0,1,0,0,3,1,3,8,1.39375
mdpa接收器,0,0,1,0,0,0,0,0,1,0.125
mdla发射器,0,0,1,0,0,0,0,0,1,0.125
directionalpdarray,0,0,1,0,0,0,0,0,1,0.125
multi,0,0,1,1,0,0,0,0,2,0.25
th,0,0,1,0,0,0,0,0,1,0.125
lightlocalizational,0,0,1,0,0,0,0,0,1,0.125
orvisible,0,0,1,0,0,0,0,0,1,0.125
in,0,0,1,0,0,0,0,0,1,0.125
局坐标系,0,0,1,0,0,0,2,0,3,0.4875
待定位目标,0,0,1,3,0,1,0,0,5,0.68125
multi-directionalpdarray,0,0,1,0,0,0,0,0,1,0.125
多角度pd阵列,1,0,2,0,0,3,2,1,9,2.3375
三边定位法,1,0,1,6,2,0,0,1,11,2.41875
2-d定位,0,0,1,3,21,0,0,2,27,4.66875
仿真显示,3,0,1,0,1,1,1,0,7,3.66875
量化,0,0,1,0,0,0,0,0,1,0.125
averageangleacceptra,0,0,1,0,0,0,0,0,1,0.125
平均角度接受率,0,0,2,0,1,0,0,0,3,0.43125
coveragerat,0,0,1,0,0,0,0,0,1,0.125
位置覆盖率,0,0,2,0,3,0,1,0,6,0.975
算法模型,0,0,1,0,0,0,0,0,1,0.125
ledlocationcorrection,0,0,1,0,1,0,0,0,2,0.30625
led位置校正,0,0,1,0,0,0,0,0,1,0.125
dimension,1,0,1,0,0,0,0,0,2,1.125
mension,0,0,1,0,0,0,0,0,1,0.125
信道模型,0,0,4,10,1,0,1,0,16,2.1125
比值,0,0,1,0,0,0,0,1,2,0.30625
engthra,1,0,1,0,0,0,0,0,2,1.125
ignals,2,0,1,0,0,0,0,0,3,2.125
强度比,1,0,1,1,2,1,0,1,7,1.975
接收信号,2,0,1,8,4,2,2,2,21,4.9375
单pd,0,0,1,1,0,0,1,0,3,0.43125
pd接,0,0,1,0,0,0,0,0,1,0.125
单角度led阵列,0,0,1,0,1,0,0,0,2,0.30625
multi-directionalledarray,0,0,1,0,0,0,0,0,1,0.125
多角度led阵列,1,0,2,0,3,1,1,1,9,2.3375
innovation,1,0,1,0,0,0,0,0,2,1.125
huawei,1,0,1,0,0,0,0,0,2,1.125
华为创新研究,1,0,1,0,0,0,0,0,2,1.125
噪声模型,0,0,1,0,1,1,1,0,4,0.66875
覆盖,1,0,1,1,3,0,0,0,6,1.79375
评价系统,0,0,1,0,0,0,0,0,1,0.125
aaar,0,0,1,0,3,0,0,0,4,0.66875
评价指标,0,0,1,0,0,0,0,0,1,0.125
3-d定位场,0,0,1,0,0,0,0,0,1,0.125
llc,0,0,1,0,0,0,0,0,1,0.125
位置校正,0,0,1,0,1,0,0,0,2,0.30625
2-d定位算法,0,0,1,0,1,0,0,0,2,0.30625
定位原理,0,0,1,3,0,0,0,0,4,0.5
aoa法,0,0,1,3,0,0,0,0,4,0.5
tdoa法,0,0,1,9,0,0,0,0,10,1.25
toa法,0,0,1,10,0,0,0,0,11,1.375
可见光通信系统,0,0,1,3,0,0,0,0,4,0.5
电信号,0,0,0,10,0,0,0,0,10,1.25
光信号,0,0,0,17,0,0,0,0,17,2.125
可见光室内定位,0,0,0,6,0,0,0,1,7,0.93125
自由空间,0,0,0,3,0,0,0,0,3,0.375
室内定位技,0,0,0,1,0,0,0,0,1,0.125
调光技术,0,0,0,5,0,0,0,0,5,0.625
mimo,0,0,0,1,0,0,0,0,1,0.125
output,0,0,0,1,0,0,0,0,1,0.125
multiple,0,0,0,1,0,0,0,0,1,0.125
put,0,0,0,1,0,0,0,0,1,0.125
多输入多输出,0,0,0,1,0,0,0,0,1,0.125
均衡技术,0,0,0,6,0,0,0,0,6,0.75
信道编码技术,0,0,0,1,0,0,0,0,1,0.125
调制技术,0,0,0,1,0,0,0,0,1,0.125
信道,0,0,0,7,0,0,0,0,7,0.875
aoa,0,0,0,13,0,0,0,0,13,1.625
到达角,0,0,0,3,0,0,0,0,3,0.375
强度,1,0,0,7,3,1,1,1,14,2.9625
toda,0,0,0,1,0,0,0,0,1,0.125
toa,0,0,0,11,0,0,0,0,11,1.375
传递,0,0,0,1,0,0,0,0,1,0.125
解调,0,0,0,2,0,0,0,0,2,0.25
再生,0,0,0,1,0,0,0,0,1,0.125
调制,0,0,0,5,1,1,2,0,9,1.35
directdetection,0,0,0,1,0,0,0,0,1,0.125
直接检测,0,0,0,1,0,0,0,0,1,0.125
intensitymodulation,0,0,0,1,0,0,0,0,1,0.125
强度调制,0,0,0,1,0,0,0,0,1,0.125
光电器件,0,0,0,1,0,0,0,0,1,0.125
接收天线,0,0,0,1,0,0,0,0,1,0.125
发射天线,0,0,0,1,0,0,0,0,1,0.125
通信系统,0,0,0,1,0,0,0,0,1,0.125
数据传输,0,0,0,2,0,0,0,0,2,0.25
可见光波段,0,0,0,1,0,0,0,0,1,0.125
数据传输速率,0,0,0,8,0,0,0,0,8,1.0
cmos图像传感器,0,0,0,5,0,0,0,0,5,0.625
pin-pd,0,0,0,5,0,0,0,0,5,0.625
光效,0,0,0,5,0,0,0,0,5,0.625
pn结,0,0,0,5,0,0,0,0,5,0.625
链路,0,0,0,4,0,0,0,0,4,0.5
光电流,0,0,0,4,0,0,0,0,4,0.5
光电转化,0,0,0,4,0,0,0,0,4,0.5
白光led,0,0,0,4,0,0,0,0,4,0.5
背景光,0,0,0,4,0,0,0,0,4,0.5
los链路,0,0,0,3,0,0,0,0,3,0.375
放大器,0,0,0,3,1,1,1,0,6,0.91875
apd,0,0,0,3,0,0,0,0,3,0.375
白光,0,0,0,3,0,0,0,0,3,0.375
光学滤波器,0,0,0,3,1,1,1,0,6,0.91875
噪声带宽因子,0,0,0,2,2,2,2,0,8,1.3375
热噪声,0,0,0,2,2,2,2,0,8,1.3375
散粒噪声,0,0,0,2,2,2,2,0,8,1.3375
接收光功率,0,0,0,2,7,1,3,0,13,2.24375
可见光无线信道,0,0,0,2,0,0,0,0,2,0.25
图像传感器法,0,0,0,3,0,0,0,0,3,0.375
帧率,0,0,0,2,0,0,0,0,2,0.25
采样率,0,0,0,2,0,0,0,0,2,0.25
功耗,0,0,0,2,0,0,0,0,2,0.25
成像质量,0,0,0,2,0,0,0,0,2,0.25
像素,0,0,0,2,0,0,0,0,2,0.25
放大,0,0,0,2,0,0,0,0,2,0.25
电荷,0,0,0,2,0,0,0,0,2,0.25
ccd图像传感器,0,0,0,2,0,0,0,0,2,0.25
响应速度,0,0,0,3,0,0,0,0,3,0.375
雪崩效应,0,0,0,2,0,0,0,0,2,0.25
强电场,0,0,0,2,0,0,0,0,2,0.25
接收面积,0,0,0,2,1,1,1,0,5,0.79375
光电转化效率,0,0,0,2,0,0,0,0,2,0.25
耗尽层,0,0,0,2,0,0,0,0,2,0.25
电流,0,0,0,2,0,0,0,0,2,0.25
负载电阻,0,0,0,2,0,0,0,0,2,0.25
光生载流子,0,0,0,2,0,0,0,0,2,0.25
反向偏压,0,0,0,2,0,0,0,0,2,0.25
红绿蓝荧光粉,0,0,0,2,0,0,0,0,2,0.25
黄光,0,0,0,2,0,0,0,0,2,0.25
黄色荧光粉,0,0,0,2,0,0,0,0,2,0.25
蓝光led,0,0,0,2,0,0,0,0,2,0.25
驱动电路,0,0,0,2,0,0,0,0,2,0.25
调制带宽,0,0,0,3,0,0,0,0,3,0.375
载流子,0,0,0,2,0,0,0,0,2,0.25
pn,0,0,0,2,0,0,0,0,2,0.25
晶片,0,0,0,2,0,0,0,0,2,0.25
n型半导体,0,0,0,2,0,0,0,0,2,0.25
p型半导体,0,0,0,2,0,0,0,0,2,0.25
聚光器,0,0,0,2,0,0,0,0,2,0.25
snr,0,0,0,1,11,2,3,0,17,3.025
noiserati,0,0,0,1,0,0,0,0,1,0.125
to,0,0,0,1,0,0,0,0,1,0.125
signal,0,0,0,1,0,0,0,0,1,0.125
信噪比,0,0,0,1,1,1,1,0,4,0.66875
噪声总方差,0,0,0,1,0,0,0,0,1,0.125
fet跨导,0,0,0,1,0,0,0,0,1,0.125
信道噪声系数,0,0,0,1,1,1,1,0,4,0.66875
field-effecttra,0,0,0,1,0,0,0,0,1,0.125
场效应管,0,0,0,1,1,1,1,0,4,0.66875
单位面积电容,0,0,0,1,1,1,1,0,4,0.66875
开环电压增益,0,0,0,1,1,1,1,0,4,0.66875
绝对温度,0,0,0,1,1,1,1,0,4,0.66875
玻尔兹曼常数,0,0,0,1,0,0,0,0,1,0.125
热噪声方差,0,0,0,1,0,0,0,0,1,0.125
前置放大器,0,0,0,1,0,0,0,0,1,0.125
等效噪声带宽,0,0,0,1,1,1,1,0,4,0.66875
电子电荷,0,0,0,1,0,0,0,0,1,0.125
散粒噪声方差,0,0,0,1,0,0,0,0,1,0.125
additivewhitegaus,0,0,0,1,0,0,0,0,1,0.125
加性高斯白噪声,0,0,0,1,1,1,1,0,4,0.66875
转化关,0,0,0,1,0,0,0,0,1,0.125
发射光功率,0,0,0,1,2,1,1,0,5,0.85
聚光器增益,0,0,0,1,0,0,0,0,1,0.125
增益,0,0,0,1,1,1,1,0,4,0.66875
pd法线,0,0,0,1,0,0,0,0,1,0.125
光入射,0,0,0,1,0,0,0,0,1,0.125
led法线,0,0,0,1,0,0,0,0,1,0.125
光发射,0,0,0,1,0,0,0,0,1,0.125
距离,0,0,0,25,3,3,3,0,34,4.75625
半功率,0,0,0,1,1,0,0,0,2,0.30625
发光指向性,0,0,0,1,0,0,0,0,1,0.125
朗伯阶数,0,0,0,1,1,1,0,0,3,0.4875
直流增益,0,0,0,1,1,1,1,0,4,0.66875
朗伯辐射模型,0,0,0,1,0,0,0,0,1,0.125
可见光传播模型,0,0,0,1,0,0,0,0,1,0.125
接收总功率,0,0,0,1,0,0,0,0,1,0.125
los链路功率,0,0,0,1,0,0,0,0,1,0.125
反射,0,0,0,3,0,0,0,0,3,0.375
障碍物,0,0,0,1,0,0,0,0,1,0.125
直线路径,0,0,0,1,0,0,0,0,1,0.125
nlos链路,0,0,0,1,0,0,0,0,1,0.125
直线传播,0,0,0,1,0,0,0,0,1,0.125
nlos,0,0,0,1,0,0,0,0,1,0.125
nonlineof,0,0,0,1,0,0,0,0,1,0.125
非视距,0,0,0,1,0,0,0,0,1,0.125
lineofsight,0,0,0,1,0,0,0,0,1,0.125
视距,0,0,0,1,0,0,0,0,1,0.125
直线通路,0,0,0,1,0,0,0,0,1,0.125
时间测量,0,0,0,4,0,0,0,0,4,0.5
扫描图像,0,0,0,1,0,0,0,0,1,0.125
效应,0,0,0,1,0,0,0,0,1,0.125
rollingshutter,0,0,0,1,0,0,0,0,1,0.125
卷帘快门,0,0,0,1,0,0,0,0,1,0.125
图像,0,0,0,2,0,0,0,0,2,0.25
阵列,0,0,0,3,1,0,0,1,5,0.7375
高速图像传感器,0,0,0,1,0,0,0,0,1,0.125
智能手机,0,0,0,1,0,0,0,0,1,0.125
复用技术,0,0,0,1,0,0,0,0,1,0.125
抗噪性能,0,0,0,1,0,0,0,0,1,0.125
读取速度,0,0,0,1,0,0,0,0,1,0.125
集成,0,0,0,1,0,0,0,0,1,0.125
灵敏度,0,0,0,1,0,0,0,0,1,0.125
模数转换,0,0,0,1,0,0,0,0,1,0.125
数字信号,0,0,0,1,0,0,0,0,1,0.125
digitalcon,0,0,0,1,0,0,0,0,1,0.125
模数转换器,0,0,0,1,0,0,0,0,1,0.125
电荷耦合结构,0,0,0,1,0,0,0,0,1,0.125
semiconductor,0,0,0,1,0,0,0,0,1,0.125
complementarymetaloxide,0,0,0,1,0,0,0,0,1,0.125
互补金属氧化物半导体,0,0,0,1,0,0,0,0,1,0.125
chargecoupledevice,0,0,0,1,0,0,0,0,1,0.125
电荷耦合器件,0,0,0,1,0,0,0,0,1,0.125
接收灵敏度,0,0,0,1,0,0,0,0,1,0.125
调制带宽宽,0,0,0,1,0,0,0,0,1,0.125
线性输出,0,0,0,1,0,0,0,0,1,0.125
i层,0,0,0,1,0,0,0,0,1,0.125
本征半导体层,0,0,0,1,0,0,0,0,1,0.125
光生电流,0,0,0,1,0,0,0,0,1,0.125
定向漂移,0,0,0,1,0,0,0,0,1,0.125
外部偏压,0,0,0,1,0,0,0,0,1,0.125
pn结耗尽层,0,0,0,1,0,0,0,0,1,0.125
有光照,0,0,0,1,0,0,0,0,1,0.125
opin-pd,0,0,0,1,0,0,0,0,1,0.125
avalanchephotodiode,0,0,0,1,0,0,0,0,1,0.125
雪崩型光电二极管,0,0,0,1,0,0,0,0,1,0.125
negativephotodiode,0,0,0,1,0,0,0,0,1,0.125
intrinsic-,0,0,0,1,0,0,0,0,1,0.125
ve,0,0,0,1,0,0,0,0,1,0.125
pos,0,0,0,1,0,0,0,0,1,0.125
pin型光电二极管,0,0,0,1,0,0,0,0,1,0.125
光电转化元件,0,0,0,1,0,0,0,0,1,0.125
能量损耗,0,0,0,1,0,0,0,0,1,0.125
基色光,0,0,0,1,0,0,0,0,1,0.125
紫外led,0,0,0,1,0,0,0,0,1,0.125
紫外led晶片,0,0,0,1,0,0,0,0,1,0.125
led照明,0,0,0,2,0,0,0,0,2,0.25
蓝光,0,0,0,1,0,0,0,0,1,0.125
单色led晶片,0,0,0,1,0,0,0,0,1,0.125
显色性,0,0,0,1,0,0,0,0,1,0.125
蓝光led晶片,0,0,0,1,0,0,0,0,1,0.125
三基色原理,0,0,0,1,0,0,0,0,1,0.125
色度学,0,0,0,1,0,0,0,0,1,0.125
白光发光,0,0,0,1,0,0,0,0,1,0.125
led闪烁,0,0,0,1,0,0,0,0,1,0.125
余晖效应,0,0,0,1,0,0,0,0,1,0.125
高速调制,0,0,0,1,0,0,0,0,1,0.125
闪烁频率,0,0,0,1,0,0,0,0,1,0.125
纳秒,0,0,0,1,0,0,0,0,1,0.125
响应时间,0,0,0,1,0,0,0,0,1,0.125
寿命,0,0,0,1,0,0,0,0,1,0.125
能耗,0,0,0,1,0,0,0,0,1,0.125
照明光源,0,0,0,1,0,0,0,0,1,0.125
白炽灯,0,0,0,1,0,0,0,0,1,0.125
荧光灯,0,0,0,1,0,0,0,0,1,0.125
光源,0,0,0,2,0,0,0,1,3,0.43125
亮度,0,0,0,3,0,0,0,0,3,0.375
单色光,0,0,0,1,0,0,0,0,1,0.125
新型材料,0,0,0,1,0,0,0,0,1,0.125
制造工艺,0,0,0,1,0,0,0,0,1,0.125
红光,0,0,0,1,0,0,0,0,1,0.125
材料,0,0,0,1,0,0,0,0,1,0.125
半导体,0,0,0,1,0,0,0,0,1,0.125
颜色,0,0,0,1,0,0,0,0,1,0.125
波长,0,0,0,1,0,0,0,0,1,0.125
电光转化,0,0,0,1,0,0,0,0,1,0.125
能量,0,0,0,1,0,0,0,0,1,0.125
正向偏压,0,0,0,1,0,0,0,0,1,0.125
半导体发光器件,0,0,0,1,0,0,0,0,1,0.125
解码,0,0,0,1,0,0,0,0,1,0.125
编码,0,0,0,1,0,0,0,0,1,0.125
原始电信号,0,0,0,1,0,0,0,0,1,0.125
调光,0,0,0,4,0,0,0,0,4,0.5
数字调光,0,0,0,4,0,0,0,0,4,0.5
ofdm,0,0,0,4,0,0,0,0,4,0.5
模拟调光,0,0,0,3,0,0,0,0,3,0.375
非成像mimo,0,0,0,3,0,0,0,0,3,0.375
成像mimo,0,0,0,3,0,0,0,0,3,0.375
mimo技术,0,0,0,3,0,0,0,0,3,0.375
预均衡技术,0,0,0,3,0,0,0,0,3,0.375
补偿,0,0,0,3,0,0,0,0,3,0.375
o-ofdm,0,0,0,3,0,0,0,0,3,0.375
码间干扰,0,0,0,3,0,0,0,0,3,0.375
帧周期,0,0,0,3,0,0,0,0,3,0.375
脉冲,0,0,0,3,0,0,0,0,3,0.375
pwm,0,0,0,3,0,0,0,0,3,0.375
色度漂移,0,0,0,2,0,0,0,0,2,0.25
sc-ppm,0,0,0,2,0,0,0,0,2,0.25
驱动信号,0,0,0,2,0,0,0,0,2,0.25
成像透镜,0,0,0,2,0,0,0,0,2,0.25
室内照明,0,0,0,2,0,0,0,1,3,0.43125
fir滤波器,0,0,0,2,0,0,0,0,2,0.25
模拟电路,0,0,0,2,0,0,0,0,2,0.25
均衡,0,0,0,2,0,0,0,0,2,0.25
后均衡技术,0,0,0,2,0,0,0,0,2,0.25
多径效应,0,0,0,2,0,0,0,0,2,0.25
时隙,0,0,0,2,1,1,0,0,4,0.6125
l-ppm,0,0,0,2,0,0,0,0,2,0.25
ppm,0,0,0,2,0,0,0,0,2,0.25
占空比,0,0,0,2,0,0,0,0,2,0.25
im/dd,0,0,0,2,0,0,0,0,2,0.25
调制技,0,0,0,2,0,0,0,0,2,0.25
多径干扰,0,0,0,1,0,0,0,0,1,0.125
rf定位,0,0,0,3,0,0,0,0,3,0.375
测量,0,0,0,2,3,3,2,0,10,1.7
编号,0,0,0,1,0,0,0,0,1,0.125
可见光定位技术,0,0,0,3,0,0,0,0,3,0.375
led驱动电路,0,0,0,1,0,0,0,0,1,0.125
开关频率,0,0,0,1,0,0,0,0,1,0.125
电磁干扰,0,0,0,1,0,0,0,0,1,0.125
pwm波形,0,0,0,1,0,0,0,0,1,0.125
sc-ppm波形,0,0,0,1,0,0,0,0,1,0.125
传输波形,0,0,0,1,0,0,0,0,1,0.125
pwm调光,0,0,0,1,0,0,0,0,1,0.125
输数据,0,0,0,1,0,0,0,0,1,0.125
subcarrierppm,0,0,0,1,0,0,0,0,1,0.125
位置调制,0,0,0,1,0,0,0,0,1,0.125
副载波脉冲,0,0,0,1,0,0,0,0,1,0.125
vppm,0,0,0,1,0,0,0,0,1,0.125
variableppm,0,0,0,1,0,0,0,0,1,0.125
可变脉冲位置调制,0,0,0,1,0,0,0,0,1,0.125
pwm技术,0,0,0,1,0,0,0,0,1,0.125
幅值,0,0,0,1,0,0,0,0,1,0.125
通信过程,0,0,0,1,0,0,0,0,1,0.125
重功能,0,0,0,1,0,0,0,0,1,0.125
发射器led,0,0,0,1,0,0,0,1,2,0.30625
rf通信系统,0,0,0,1,0,0,0,0,1,0.125
接收端算法,0,0,0,1,0,0,0,0,1,0.125
收发端,0,0,0,1,0,0,0,0,1,0.125
聚光透镜,0,0,0,1,0,0,0,0,1,0.125
通道,0,0,0,1,0,0,0,0,1,0.125
成像原理,0,0,0,1,0,0,0,0,1,0.125
成像接收机,0,0,0,1,0,0,0,0,1,0.125
可见光mimo,0,0,0,1,0,0,0,0,1,0.125
接收机,0,0,0,1,0,0,0,0,1,0.125
频带,0,0,0,1,0,0,0,0,1,0.125
高速数据传输,0,0,0,1,0,0,0,0,1,0.125
频域响应,0,0,0,1,0,0,0,0,1,0.125
补偿信道,0,0,0,1,0,0,0,0,1,0.125
频域,0,0,0,1,0,0,0,0,1,0.125
频域均衡,0,0,0,1,0,0,0,0,1,0.125
响应波形,0,0,0,1,0,0,0,0,1,0.125
直接校正系统,0,0,0,1,0,0,0,0,1,0.125
时域,0,0,0,1,0,0,0,0,1,0.125
时域均衡,0,0,0,1,0,0,0,0,1,0.125
相位噪声,0,0,0,1,0,0,0,0,1,0.125
频率偏移,0,0,0,1,0,0,0,0,1,0.125
带宽,0,0,0,1,0,0,0,0,1,0.125
衰减,0,0,0,1,0,0,0,0,1,0.125
传输速率,0,0,0,1,0,0,0,0,1,0.125
led调制带宽,0,0,0,1,0,0,0,0,1,0.125
特性,0,0,0,1,0,0,0,0,1,0.125
通信质量,0,0,0,1,0,0,0,0,1,0.125
误码率,0,0,0,1,1,0,1,0,3,0.4875
折射,0,0,0,1,0,0,0,0,1,0.125
直射,0,0,0,1,0,0,0,0,1,0.125
口-ofdm,0,0,0,1,0,0,0,0,1,0.125
flip-ofdm,0,0,0,1,0,0,0,0,1,0.125
aco-ofdm,0,0,0,1,0,0,0,0,1,0.125
dm,0,0,0,1,0,0,0,0,1,0.125
asymmetricallyclippedoptical,0,0,0,1,0,0,0,0,1,0.125
非对称修剪,0,0,0,1,0,0,0,0,1,0.125
dco-ofdm,0,0,0,1,0,0,0,0,1,0.125
dc-biasedoptical,0,0,0,1,0,0,0,0,1,0.125
直流偏置,0,0,0,1,0,0,0,0,1,0.125
optical-ofdm,0,0,0,1,0,0,0,0,1,0.125
光ofdm,0,0,0,1,0,0,0,0,1,0.125
非负实信号,0,0,0,1,0,0,0,0,1,0.125
实值性,0,0,0,1,0,0,0,0,1,0.125
非负性,0,0,0,1,0,0,0,0,1,0.125
双极性复信号,0,0,0,1,0,0,0,0,1,0.125
ofdm信号,0,0,0,1,0,0,0,0,1,0.125
子信道,0,0,0,1,0,0,0,0,1,0.125
并行数据,0,0,0,1,0,0,0,0,1,0.125
串行数据,0,0,0,1,0,0,0,0,1,0.125
速率,0,0,0,1,0,0,0,0,1,0.125
正交子信道,0,0,0,1,0,0,0,0,1,0.125
多载波调制技术,0,0,0,1,0,0,0,0,1,0.125
multiplexing,0,0,0,1,0,0,0,0,1,0.125
division,0,0,0,1,0,0,0,0,1,0.125
orthogonalfrequency,0,0,0,1,0,0,0,0,1,0.125
正交频分复用调制,0,0,0,1,0,0,0,0,1,0.125
频谱效率,0,0,0,1,0,0,0,0,1,0.125
脉冲信号,0,0,0,1,0,0,0,0,1,0.125
脉冲调制,0,0,0,1,0,0,0,0,1,0.125
mppm,0,0,0,1,0,0,0,0,1,0.125
multipleppm,0,0,0,1,0,0,0,0,1,0.125
多脉冲位置调制,0,0,0,1,0,0,0,0,1,0.125
带宽效率,0,0,0,1,0,0,0,0,1,0.125
无脉冲时隙,0,0,0,1,0,0,0,0,1,0.125
脉冲时隙,0,0,0,1,0,0,0,0,1,0.125
dppm,0,0,0,1,0,0,0,0,1,0.125
differentialppm,0,0,0,1,0,0,0,0,1,0.125
差分脉冲位置调制,0,0,0,1,0,0,0,0,1,0.125
单脉冲信号,0,0,0,1,0,0,0,0,1,0.125
单脉冲位置调制,0,0,0,1,0,0,0,0,1,0.125
pulsepositionmodulation,0,0,0,1,0,0,0,0,1,0.125
脉冲位置调制,0,0,0,1,0,0,0,0,1,0.125
pulsewidthmodulation,0,0,0,1,0,0,0,0,1,0.125
脉冲宽度调制,0,0,0,1,0,0,0,0,1,0.125
keying,0,0,0,1,0,0,0,0,1,0.125
on-o,0,0,0,1,0,0,0,0,1,0.125
开关键控,0,0,0,1,1,1,1,0,4,0.66875
载波,0,0,0,1,0,0,0,0,1,0.125
相位,0,0,0,1,0,0,0,0,1,0.125
频率,0,0,0,2,0,0,0,0,2,0.25
非相干光,0,0,0,1,0,0,0,0,1,0.125
照射区域,0,0,0,3,0,0,0,0,3,0.375
6轴传感器,0,0,0,2,0,0,0,0,2,0.25
照射区,0,0,0,2,0,0,0,0,2,0.25
凸透镜,0,0,0,2,0,0,0,0,2,0.25
近邻,0,0,0,3,0,0,0,0,3,0.375
方位角,0,0,0,1,5,1,0,0,7,1.2125
led照射,0,0,0,1,0,0,0,0,1,0.125
led照射区,0,0,0,1,0,0,0,0,1,0.125
近似位置,0,0,0,1,0,0,0,0,1,0.125
id法,0,0,0,1,0,0,0,0,1,0.125
指纹,0,0,0,8,0,0,0,0,8,1.0
位置指纹库,0,0,0,3,0,0,0,0,3,0.375
指纹向量,0,0,0,3,0,0,0,0,3,0.375
匹配算法,0,0,0,3,0,0,0,0,3,0.375
位置指纹数据库,0,0,0,4,0,0,0,0,4,0.5
特征向量,0,0,0,2,0,1,2,0,5,0.79375
后验概率,0,0,0,2,0,0,0,0,2,0.25
贝叶斯概率法,0,0,0,2,0,0,0,0,2,0.25
灵活性,0,0,0,2,0,0,0,0,2,0.25
可移植性,0,0,0,1,0,0,0,0,1,0.125
室内场景,0,0,0,1,1,1,2,0,5,0.85
理论模型,0,0,0,1,0,0,0,0,1,0.125
测量量,0,0,0,1,0,0,0,0,1,0.125
发射信号,0,0,0,1,1,0,0,0,2,0.30625
混合信号,0,0,0,1,0,0,0,0,1,0.125
相似度,0,0,0,1,0,0,0,0,1,0.125
曼哈顿距离,0,0,0,1,0,0,0,0,1,0.125
欧几里得距离,0,0,0,1,1,0,0,0,2,0.30625
置指纹库,0,0,0,1,0,0,0,0,1,0.125
k-nn法,0,0,0,1,0,0,0,0,1,0.125
参考点,0,0,0,2,0,0,0,0,2,0.25
贝叶斯定理,0,0,0,1,0,0,0,0,1,0.125
在线定位,0,0,0,1,0,0,0,0,1,0.125
指纹库,0,0,0,1,0,0,0,0,1,0.125
离线训练,0,0,0,1,0,0,0,0,1,0.125
-nn,0,0,0,1,0,0,0,0,1,0.125
neighbor,0,0,0,1,0,0,0,0,1,0.125
nearest,0,0,0,1,0,0,0,0,1,0.125
匹配算,0,0,0,1,0,0,0,0,1,0.125
匹配,0,0,0,1,0,0,0,0,1,0.125
在线定位阶段,0,0,0,1,0,0,0,0,1,0.125
位置指纹记录,0,0,0,1,0,0,0,0,1,0.125
位置坐标,0,0,0,1,3,2,0,0,6,1.03125
收集,0,0,0,1,0,0,0,0,1,0.125
离线训练阶,0,0,0,1,0,0,0,0,1,0.125
定位流程,0,0,0,1,0,0,0,0,1,0.125
消光比,0,0,0,1,0,0,0,0,1,0.125
冲击响应时间,0,0,0,1,0,0,0,0,1,0.125
强度差,0,0,0,2,0,0,0,0,2,0.25
场景分析法,0,0,0,1,0,0,0,0,1,0.125
双曲线,0,0,0,5,0,0,0,0,5,0.625
相位差,0,0,0,4,0,0,0,0,4,0.5
时间同步,0,0,0,4,0,0,0,0,4,0.5
双曲面,0,0,0,3,0,0,0,0,3,0.375
球面,0,0,0,3,0,0,0,0,3,0.375
ledi,0,0,0,3,13,4,14,0,34,5.9937499999999995
传播速度,0,0,0,3,0,0,0,0,3,0.375
时间,0,0,0,3,0,0,0,0,3,0.375
正弦光信号,0,0,0,2,0,0,0,0,2,0.25
复用机制,0,0,0,2,0,0,0,0,2,0.25
fdm,0,0,0,2,0,0,0,0,2,0.25
multiplex,0,0,0,2,0,0,0,0,2,0.25
3-d空间,0,0,0,2,0,0,0,0,2,0.25
2-d平面,0,0,0,2,0,0,0,0,2,0.25
光速,0,0,0,2,0,0,0,0,2,0.25
传播时间,0,0,0,2,0,0,0,0,2,0.25
测距,0,0,0,2,0,0,0,0,2,0.25
时间测量误差,0,0,0,1,0,0,0,0,1,0.125
传播距离,0,0,0,2,0,0,0,0,2,0.25
-峰波幅,0,0,0,1,0,0,0,0,1,0.125
正弦信号,0,0,0,1,0,0,0,0,1,0.125
调制频率,0,0,0,1,0,0,0,0,1,0.125
对信号,0,0,0,1,0,0,0,0,1,0.125
正交分量,0,0,0,1,0,0,0,0,1,0.125
同相分量,0,0,0,1,0,0,0,0,1,0.125
希尔伯特变换,0,0,0,1,0,0,0,0,1,0.125
td,0,0,0,1,0,0,0,0,1,0.125
frequencydivision,0,0,0,1,0,0,0,0,1,0.125
频分复用,0,0,0,1,0,0,0,0,1,0.125
tdm,0,0,0,1,0,0,0,0,1,0.125
timedivision,0,0,0,1,0,0,0,0,1,0.125
时分复用,0,0,0,1,0,0,0,0,1,0.125
a法,0,0,0,1,0,0,0,0,1,0.125
d-dyf,0,0,0,1,0,0,0,0,1,0.125
差值,0,0,0,1,0,0,0,0,1,0.125
绝对值,0,0,0,1,0,0,0,1,2,0.30625
二乘法,0,0,0,2,2,0,0,0,4,0.6125
半径,0,0,0,3,6,6,2,0,17,2.9125
val,0,0,0,1,0,0,0,0,1,0.125
发射时间,0,0,0,1,0,0,0,0,1,0.125
ledi信号,0,0,0,1,0,0,0,0,1,0.125
信号传播时间,0,0,0,1,0,0,0,0,1,0.125
收器,0,0,0,2,0,0,0,0,2,0.25
发送时间戳,0,0,0,1,0,0,0,0,1,0.125
本地时间戳,0,0,0,1,0,0,0,0,1,0.125
发送时间,0,0,0,1,0,0,0,0,1,0.125
发送信号,0,0,0,1,0,0,0,0,1,0.125
似然法,0,0,0,2,0,0,0,0,2,0.25
三边定位,0,0,0,2,0,0,0,0,2,0.25
rss差值,0,0,0,1,0,0,0,0,1,0.125
高度差,0,0,0,1,0,0,0,0,1,0.125
rss,0,0,0,2,0,0,0,1,3,0.43125
复杂度,0,0,0,1,0,0,0,0,1,0.125
最小二乘法,0,0,0,1,0,0,0,0,1,0.125
未知量,0,0,0,1,1,2,2,0,6,1.03125
三边定位原理,0,0,0,1,0,0,0,0,1,0.125
入射角余弦值,0,0,0,1,0,0,0,0,1,0.125
辐射角余弦值,0,0,0,1,0,0,0,0,1,0.125
角度,0,0,0,3,1,1,0,0,5,0.7375
可见光定位,0,0,0,2,0,0,0,0,2,0.25
pd阵列,0,0,0,2,0,1,0,0,3,0.43125
aoa测量差异,0,0,0,1,0,0,0,0,1,0.125
阵列天线,0,0,0,1,0,0,0,0,1,0.125
方向性天线,0,0,0,1,0,0,0,0,1,0.125
加权,0,0,0,1,0,0,0,0,1,0.125
pd角度,0,0,0,1,0,0,0,0,1,0.125
加权因子,0,0,0,3,0,0,0,0,3,0.375
环状pd阵列,0,0,0,1,0,0,0,0,1,0.125
坐标,0,0,0,5,5,5,4,0,19,3.1625
相机坐标系,0,0,0,4,0,0,0,0,4,0.5
坐标系,0,0,0,4,0,7,2,0,13,2.1312499999999996
世界坐标系,0,0,0,3,0,0,0,0,3,0.375
比例因子,0,0,0,2,0,0,0,0,2,0.25
成像,0,0,0,2,0,0,0,0,2,0.25
透镜,0,0,0,2,0,0,0,0,2,0.25
图像坐标系,0,0,0,2,0,0,0,0,2,0.25
共线方程,0,0,0,1,0,0,0,0,1,0.125
共线条件,0,0,0,1,0,0,0,0,1,0.125
参考系,0,0,0,1,0,1,0,0,2,0.30625
相机,0,0,0,1,0,0,0,0,1,0.125
真实世界,0,0,0,1,0,0,0,0,1,0.125
vlc信号,0,0,0,1,0,0,0,0,1,0.125
定位区域,0,0,0,1,0,0,0,0,1,0.125
图像处理技,0,0,0,1,0,0,0,0,1,0.125
计算机视觉几何,0,0,0,1,0,0,0,0,1,0.125
多视图几何理论,0,0,0,1,0,0,0,0,1,0.125
计算机视觉,0,0,0,1,0,0,0,0,1,0.125
同步,0,0,0,3,0,0,0,0,3,0.375
复用,0,0,0,1,0,0,0,0,1,0.125
aoa测量误差,0,0,0,1,0,0,0,0,1,0.125
rss测量,0,0,0,1,0,0,0,0,1,0.125
tdoa法精度,0,0,0,1,0,0,0,0,1,0.125
toa法精度,0,0,0,1,0,0,0,0,1,0.125
可移植性差,0,0,0,1,0,0,0,0,1,0.125
超声波定位,0,0,0,1,0,0,0,0,1,0.125
红外定位,0,0,0,1,0,0,0,0,1,0.125
视觉几何,0,0,0,1,0,0,0,0,1,0.125
无线定位算法,0,0,0,1,0,0,0,0,1,0.125
孔径,0,0,0,4,0,0,0,0,4,0.5
天花板,0,0,0,3,4,2,3,0,12,2.0062499999999996
单元,0,0,0,2,0,0,0,0,2,0.25
偏移,0,0,0,2,0,0,0,0,2,0.25
补偿机制,0,0,0,2,0,0,0,0,2,0.25
待定位目,0,0,0,1,0,0,0,0,1,0.125
辅助测量,0,0,0,1,0,0,0,0,1,0.125
多pd阵列接收器,0,0,0,1,0,0,0,0,1,0.125
平台,0,0,0,1,0,0,0,0,1,0.125
水平旋转,0,0,0,1,0,0,0,0,1,0.125
rss差,0,0,0,1,0,0,0,0,1,0.125
有效接收面积,0,0,0,1,0,0,0,0,1,0.125
重合面积,0,0,0,1,0,0,0,0,1,0.125
光圈,0,0,0,1,0,0,0,0,1,0.125
角度分集,0,0,0,1,0,0,0,0,1,0.125
尺寸,0,0,0,1,2,0,0,0,3,0.4875
环形pd阵列,0,0,0,1,0,0,0,0,1,0.125
法定位,0,0,0,1,0,0,0,0,1,0.125
底面,0,0,0,1,0,1,0,0,2,0.30625
多pd阵列,0,0,0,1,0,0,0,0,1,0.125
单led,0,0,0,1,0,1,2,1,5,0.85
多led阵列,0,0,0,1,0,0,0,0,1,0.125
可见光信道建模技术,0,0,0,1,0,0,0,0,1,0.125
覆盖率,0,0,0,1,0,0,0,0,1,0.125
遮挡,0,0,0,1,0,0,0,0,1,0.125
路径损耗模型,0,0,0,1,0,0,0,0,1,0.125
信道建模,0,0,0,1,0,0,0,0,1,0.125
定位精度口,0,0,0,1,0,0,0,0,1,0.125
精度定位,1,0,0,0,1,0,0,1,3,1.3625
区分性,0,0,0,0,1,0,0,0,1,0.18125
照明场景,0,0,0,0,2,1,0,0,3,0.54375
中心法线,0,0,0,0,1,1,0,0,2,0.3625
圆均匀分布,0,0,0,0,1,0,0,0,1,0.18125
半球型表面,0,0,0,0,1,0,0,0,1,0.18125
辐射,0,0,0,0,2,0,0,0,2,0.3625
los传播,0,0,0,0,1,0,0,0,1,0.18125
传播,0,0,0,0,1,0,0,0,1,0.18125
可见光定位算法,1,0,0,0,1,0,0,0,2,1.18125
dla,0,0,0,0,1,0,1,0,2,0.3625
常数,0,0,0,0,1,1,1,0,3,0.54375
小黑,0,0,0,0,1,0,0,0,1,0.18125
los光链路,0,0,0,0,1,1,1,0,3,0.54375
ihermal,0,0,0,0,1,0,0,0,1,0.18125
幼叫,0,0,0,0,1,0,0,0,1,0.18125
总噪声,0,0,0,0,1,1,1,0,3,0.54375
丘里哦,0,0,0,0,1,0,0,0,1,0.18125
窄似朋,0,0,0,0,1,0,0,0,1,0.18125
awgn,0,0,0,0,1,1,1,0,3,0.54375
单位法向量,0,0,0,0,4,3,5,0,12,2.175
可见光室内定位系统模型,0,0,0,0,2,0,0,0,2,0.3625
七工,0,0,0,0,1,0,0,0,1,0.18125
余弦值,0,0,0,0,1,1,4,0,6,1.0875
向量,0,0,0,0,7,5,6,0,18,3.2624999999999997
方向,0,0,0,0,1,1,0,0,2,0.3625
叫皿,0,0,0,0,1,0,0,0,1,0.18125
zlediy,0,0,0,0,1,0,0,0,1,0.18125
3-d位,0,0,0,0,1,0,0,0,1,0.18125
3-d,0,0,0,0,1,0,0,0,1,0.18125
vlc系统模型,0,0,0,0,1,1,0,0,2,0.3625
系统,0,0,0,0,1,1,2,0,4,0.725
最小二乘,0,0,0,0,4,2,0,0,6,1.0875
二乘,0,0,0,0,4,2,2,0,8,1.45
rssr方程组,0,0,0,0,3,0,0,0,3,0.54375
zled,0,0,0,0,2,0,0,0,2,0.3625
己知信息,0,0,0,0,1,0,0,0,1,0.18125
rsin6,0,0,0,0,1,0,0,0,1,0.18125
zledi,0,0,0,0,1,0,0,0,1,0.18125
llc机制,0,0,0,0,5,0,0,0,5,0.90625
迭代求,0,0,0,0,2,1,0,0,3,0.54375
marquardt算法,0,0,0,0,2,1,0,0,3,0.54375
berg,0,0,0,0,2,1,0,0,3,0.54375
le,0,0,0,0,2,1,0,0,3,0.54375
非线性,0,0,0,0,2,1,1,0,4,0.725
min尸,0,0,0,0,1,0,0,0,1,0.18125
j轴坐标,0,0,0,0,1,0,0,0,1,0.18125
z轴坐标,0,0,0,0,2,1,0,0,3,0.54375
zpd,0,0,0,0,3,0,0,0,3,0.54375
jq,0,0,0,0,1,0,0,0,1,0.18125
几何中心,0,0,0,0,1,0,0,0,1,0.18125
pfi,0,0,0,0,1,0,0,0,1,0.18125
21d定位场景,0,0,0,0,1,0,0,0,1,0.18125
3-d定位场景,0,0,0,0,2,0,0,0,2,0.3625
mf,0,0,0,0,1,0,0,0,1,0.18125
rssr方程,0,0,0,0,1,2,0,0,3,0.54375
vfd-v,0,0,0,0,1,0,0,0,1,0.18125
3-d定位算法,0,0,0,0,1,0,0,0,1,0.18125
中心,0,0,0,0,1,0,0,0,1,0.18125
mdlaz,0,0,0,0,1,0,1,0,2,0.3625
rssro,0,0,0,0,1,0,0,0,1,0.18125
ov,0,0,0,0,1,0,0,0,1,0.18125
法向量,0,0,0,0,3,1,0,0,4,0.725
fet,0,0,0,0,2,2,2,0,6,1.0875
cos,0,0,0,0,1,0,0,0,1,0.18125
sinacossinasin,0,0,0,0,1,0,0,0,1,0.18125
npd,0,0,0,0,1,0,0,0,1,0.18125
投影,0,0,0,0,1,1,0,0,2,0.3625
y平面,0,0,0,0,1,0,0,0,1,0.18125
极角,0,0,0,0,4,0,0,0,4,0.725
室内空间,0,0,0,0,1,2,2,0,5,0.90625
一山丝针,0,0,0,0,1,0,0,0,1,0.18125
法线,0,0,0,0,1,1,0,0,2,0.3625
跨导,0,0,0,0,1,1,1,0,3,0.54375
背景光电流,0,0,0,0,1,1,1,0,3,0.54375
pd光电转化效率,0,0,0,0,1,1,1,0,3,0.54375
聚光器折射率,0,0,0,0,1,1,1,0,3,0.54375
pd法向量,0,0,0,0,3,0,0,0,3,0.54375
pd法向量极角,0,0,0,0,1,0,0,0,1,0.18125
半功率角,0,0,0,0,1,2,2,0,5,0.90625
空间,0,0,0,0,2,2,2,0,6,1.0875
调制机制,0,0,0,0,1,1,2,0,4,0.725
00k,0,0,0,0,1,0,1,0,2,0.3625
仿真设,0,0,0,0,1,1,0,0,2,0.3625
定位样本,0,0,0,0,9,3,2,0,14,2.5375
aar,0,0,0,0,3,0,0,0,3,0.54375
se,0,0,0,0,2,0,0,0,2,0.3625
angleacceptancerati,0,0,0,0,1,0,0,0,1,0.18125
角度可接受率,0,0,0,0,1,0,0,0,1,0.18125
评估标准,0,0,0,0,1,0,0,0,1,0.18125
平均角度,0,0,0,0,2,0,0,0,2,0.3625
定位误差cdf,0,0,0,0,1,4,0,0,5,0.90625
误差cdf,0,0,0,0,1,0,0,0,1,0.18125
总数量,0,0,0,0,1,0,0,0,1,0.18125
squareerror,0,0,0,0,1,0,0,0,1,0.18125
均方根误差,0,0,0,0,1,0,0,0,1,0.18125
cumulativedistributionfunction,0,0,0,0,1,0,0,0,1,0.18125
误差累积分布函数,0,0,0,0,1,0,0,0,1,0.18125
性能评价,0,0,0,0,1,0,0,0,1,0.18125
百分位数,0,0,0,0,8,2,2,0,12,2.175
mdla半径,0,0,0,0,8,2,1,0,11,1.99375
数量,0,0,0,0,8,6,0,0,14,2.5375
空间分布,0,0,0,0,5,1,2,0,8,1.45
半径尺,0,0,0,0,5,3,0,0,8,1.45
离散步长,0,0,0,0,2,0,1,0,3,0.54375
最小数量,0,0,0,0,2,0,0,0,2,0.3625
led倾斜角,0,0,0,0,1,0,2,0,3,0.54375
单角度,0,0,0,0,1,0,0,0,1,0.18125
d定,0,0,0,0,1,0,0,0,1,0.18125
led覆盖,0,0,0,0,1,0,0,0,1,0.18125
无倾斜,0,0,0,0,1,0,0,0,1,0.18125
t-3-d定位,0,0,0,0,1,0,0,0,1,0.18125
ber,0,0,0,0,1,0,1,0,2,0.3625
ook调制,0,0,0,0,1,0,1,0,2,0.3625
小数量,0,0,0,0,1,0,0,0,1,0.18125
余弦,0,0,0,0,1,0,0,0,1,0.18125
空间中心,0,0,0,0,1,0,0,0,1,0.18125
定位空间,0,0,0,0,1,3,0,0,4,0.725
三照,0,0,0,0,1,0,0,0,1,0.18125
泄咚*仪,0,0,0,0,1,0,0,0,1,0.18125
mdla模型,0,0,0,0,1,0,0,0,1,0.18125
rss测量误差,0,0,0,0,1,0,0,0,1,0.18125
cdf,0,0,0,0,1,1,1,0,3,0.54375
偏差,0,0,0,0,1,1,0,0,2,0.3625
轴坐标,0,0,0,0,1,0,0,0,1,0.18125
球心,0,0,0,0,1,2,0,0,3,0.54375
半球结构,0,0,0,0,1,0,0,0,1,0.18125
d定位,0,0,0,0,2,0,0,0,2,0.3625
2-d,0,0,0,0,1,0,0,0,1,0.18125
的误,0,0,0,0,1,0,0,0,1,0.18125
本模型,0,0,0,0,1,0,0,0,1,0.18125
11,0,0,0,0,0,1,0,0,1,0.18125
接收光功率匕力,0,0,0,0,0,1,0,0,1,0.18125
丫丫,0,0,0,0,0,1,0,0,1,0.18125
侧视图,0,0,0,0,0,1,0,0,1,0.18125
仰视图,0,0,0,0,0,1,0,0,1,0.18125
半球表面,0,0,0,0,0,1,0,0,1,0.18125
半球型结构,0,0,0,0,0,1,0,0,1,0.18125
3mdpa,0,0,0,0,0,1,0,0,1,0.18125
pdj,0,0,0,0,0,3,5,0,8,1.45
光功率,0,0,0,0,0,2,1,0,3,0.54375
ggj,0,0,0,0,0,1,0,0,1,0.18125
421信道模型,0,0,0,0,0,1,0,0,1,0.18125
mmi,0,0,0,0,0,1,0,0,1,0.18125
产口,0,0,0,0,0,1,0,0,1,0.18125
旋转,0,0,0,0,0,5,0,0,5,0.90625
旋转矩阵,0,0,0,0,0,3,0,0,3,0.54375
平面,0,0,0,0,0,3,0,0,3,0.54375
坐标轴,0,0,0,0,0,2,0,0,2,0.3625
旋转角,0,0,0,0,0,5,2,0,7,1.26875
刚体,0,0,0,0,0,2,0,0,2,0.3625
旋转变换,0,0,0,0,0,2,0,0,2,0.3625
直角坐标系,0,0,0,0,0,2,0,0,2,0.3625
单位矩阵,0,0,0,0,0,1,0,0,1,0.18125
正交矩阵,0,0,0,0,0,1,0,0,1,0.18125
九角,0,0,0,0,0,1,0,0,1,0.18125
八角,0,0,0,0,0,1,0,0,1,0.18125
ny,0,0,0,0,0,1,0,0,1,0.18125
逆时针,0,0,0,0,0,1,0,0,1,0.18125
定轴,0,0,0,0,0,1,0,0,1,0.18125
欧拉角,0,0,0,0,0,1,0,0,1,0.18125
定轴旋转,0,0,0,0,0,1,0,0,1,0.18125
平移变换,0,0,0,0,0,1,0,0,1,0.18125
平移向量,0,0,0,0,0,1,0,0,1,0.18125
严力力,0,0,0,0,0,1,0,0,1,0.18125
坐标转换,0,0,0,0,0,1,0,0,1,0.18125
平移,0,0,0,0,0,1,0,0,1,0.18125
初始时刻,0,0,0,0,0,1,0,0,1,0.18125
正半轴,0,0,0,0,0,1,0,0,1,0.18125
器坐标系,0,0,0,0,0,1,0,0,1,0.18125
pd单位法向量,0,0,0,0,0,1,0,0,1,0.18125
反重力,0,0,0,0,0,1,0,0,1,0.18125
水平延伸,0,0,0,0,0,1,0,0,1,0.18125
入射角余弦,0,0,0,0,0,1,0,0,1,0.18125
cosdj20,0,0,0,0,0,1,0,0,1,0.18125
特征值,0,0,0,0,0,1,2,0,3,0.54375
矩阵,0,0,0,0,0,1,0,0,1,0.18125
二乘解,0,0,0,0,0,1,1,0,2,0.3625
齐次线性方程组,0,0,0,0,0,1,2,0,3,0.54375
程组,0,0,0,0,0,1,0,0,1,0.18125
齐次线性,0,0,0,0,0,1,0,0,1,0.18125
留暇,0,0,0,0,0,1,0,0,1,0.18125
pd1,0,0,0,0,0,1,0,0,1,0.18125
血厂,0,0,0,0,0,1,0,0,1,0.18125
ledz,0,0,0,0,0,1,0,0,1,0.18125
入射角估计,0,0,0,0,0,1,0,0,1,0.18125
平均值,0,0,0,0,0,1,0,0,1,0.18125
ccos,0,0,0,0,0,1,0,0,1,0.18125
耳内,0,0,0,0,0,1,0,0,1,0.18125
os,0,0,0,0,0,1,0,0,1,0.18125
累积分布函数,0,0,0,0,0,1,1,0,2,0.3625
mdpa半径,0,0,0,0,0,4,1,0,5,0.90625
pd数量,0,0,0,0,0,4,0,0,4,0.725
分布,0,0,0,0,0,2,2,0,4,0.725
pd倾斜角,0,0,0,0,0,2,3,0,5,0.90625
mdpa半径尺,0,0,0,0,0,2,0,0,2,0.3625
zmdpa,0,0,0,0,0,1,0,0,1,0.18125
图形,0,0,0,0,0,1,0,0,1,0.18125
位误差空间分布,0,0,0,0,0,1,0,0,1,0.18125
半径火,0,0,0,0,0,1,0,0,1,0.18125
误差来,0,0,0,0,0,1,0,0,1,0.18125
md,0,0,0,0,0,1,0,0,1,0.18125
mdpa模型,0,0,0,0,0,1,0,0,1,0.18125
cdfor,0,0,0,0,0,1,0,0,1,0.18125
单模定位算法,0,0,0,0,0,0,6,2,8,1.45
怨仇,0,0,0,0,0,0,1,0,1,0.18125
接收光功率耳,0,0,0,0,0,0,1,0,1,0.18125
靖山,0,0,0,0,0,0,1,0,1,0.18125
皿竺,0,0,0,0,0,0,1,0,1,0.18125
rthermal,0,0,0,0,0,0,1,0,1,0.18125
pd/,0,0,0,0,0,0,1,0,1,0.18125
ai,0,0,0,0,0,0,1,0,1,0.18125
虹口,0,0,0,0,0,0,1,0,1,0.18125
rmdpa,0,0,0,0,0,0,1,0,1,0.18125
飞加叶,0,0,0,0,0,0,1,0,1,0.18125
传输,0,0,0,0,0,0,2,0,2,0.3625
二乘解心,0,0,0,0,0,0,1,0,1,0.18125
暇鹏,0,0,0,0,0,0,1,0,1,0.18125
迭代求解过程,0,0,0,0,0,0,1,0,1,0.18125
线性,0,0,0,0,0,0,1,0,1,0.18125
内积,0,0,0,0,0,0,1,0,1,0.18125
单位向量,0,0,0,0,0,0,1,0,1,0.18125
辐射角余弦,0,0,0,0,0,0,1,0,1,0.18125
?-cosm,0,0,0,0,0,0,1,0,1,0.18125
如心优,0,0,0,0,0,0,1,0,1,0.18125
-d定位,0,0,0,0,0,0,1,0,1,0.18125
工学,0,0,0,0,0,0,1,0,1,0.18125
邮电大,0,0,0,0,0,0,1,0,1,0.18125
下额度,0,0,0,0,0,0,1,0,1,0.18125
倾斜角斗,0,0,0,0,0,0,1,0,1,0.18125
y轴旋转角片,0,0,0,0,0,0,1,0,1,0.18125
x轴旋转角片,0,0,0,0,0,0,1,0,1,0.18125
0pdo,0,0,0,0,0,0,1,0,1,0.18125
01en,0,0,0,0,0,0,1,0,1,0.18125
drrn,0,0,0,0,0,0,1,0,1,0.18125
gpz,0,0,0,0,0,0,1,0,1,0.18125
仿真模型,0,0,0,0,0,0,1,0,1,0.18125
优先级,0,0,0,0,0,0,1,0,1,0.18125
非线性最小二乘,0,0,0,0,0,0,1,0,1,0.18125
仿真结,0,0,0,0,0,0,1,0,1,0.18125
mdla-,0,0,0,0,0,0,1,0,1,0.18125
机制,0,0,0,0,0,0,1,0,1,0.18125
可见光方向性,0,0,0,0,0,0,0,1,1,0.18125
阵列mdpa,0,0,0,0,0,0,0,1,1,0.18125
pd接收,0,0,0,0,0,0,0,1,1,0.18125
lc,0,0,0,0,0,0,0,1,1,0.18125
多角度LED 阵列,0,1,0,0,0,0,0,0,1,2.0
多角度PD阵列,0,1,0,0,0,0,0,0,1,2.0
厘米级精度,2,0,0,0,0,0,0,0,2,2.0
multipledirectionalpdarray,1,0,0,0,0,0,0,0,1,1.0
multipledirectionalledarray,1,0,0,0,0,0,0,0,1,1.0
photodiode,1,0,0,0,0,0,0,0,1,1.0
2-dimension,1,0,0,0,0,0,0,0,1,1.0
ear,1,0,0,0,0,0,0,0,1,1.0
移动终端,1,0,0,0,0,0,0,0,1,1.0
基础设施,1,0,0,0,0,0,0,0,1,1.0
