dissertation,name,this_url,language,word_frequency
智能家居系统中设备管理与通讯机制研究,智能家居,智能家居系统中设备管理与通讯机制研究_摘要_1,中文,3
智能家居系统中设备管理与通讯机制研究,allseen,智能家居系统中设备管理与通讯机制研究_摘要_2,中文,2
智能家居系统中设备管理与通讯机制研究,zigbee协议,智能家居系统中设备管理与通讯机制研究_摘要_3,中文,2
智能家居系统中设备管理与通讯机制研究,allseen服务框架,智能家居系统中设备管理与通讯机制研究_摘要_4,中文,2
智能家居系统中设备管理与通讯机制研究,通讯机制,智能家居系统中设备管理与通讯机制研究_摘要_5,中文,2
智能家居系统中设备管理与通讯机制研究,物联网行业,智能家居系统中设备管理与通讯机制研究_摘要_6,中文,2
智能家居系统中设备管理与通讯机制研究,基础服务框架,智能家居系统中设备管理与通讯机制研究_摘要_7,中文,1
智能家居系统中设备管理与通讯机制研究,通信,智能家居系统中设备管理与通讯机制研究_摘要_8,中文,1
智能家居系统中设备管理与通讯机制研究,adseen服务框架,智能家居系统中设备管理与通讯机制研究_摘要_9,中文,1
智能家居系统中设备管理与通讯机制研究,事件,智能家居系统中设备管理与通讯机制研究_摘要_10,中文,1
智能家居系统中设备管理与通讯机制研究,动作机制,智能家居系统中设备管理与通讯机制研究_摘要_11,中文,1
智能家居系统中设备管理与通讯机制研究,crud,智能家居系统中设备管理与通讯机制研究_摘要_12,中文,1
智能家居系统中设备管理与通讯机制研究,增删改查,智能家居系统中设备管理与通讯机制研究_摘要_13,中文,1
智能家居系统中设备管理与通讯机制研究,异步触发机制,智能家居系统中设备管理与通讯机制研究_摘要_14,中文,1
智能家居系统中设备管理与通讯机制研究,多点通信会话,智能家居系统中设备管理与通讯机制研究_摘要_15,中文,1
智能家居系统中设备管理与通讯机制研究,分布式代理,智能家居系统中设备管理与通讯机制研究_摘要_16,中文,1
智能家居系统中设备管理与通讯机制研究,资源配置,智能家居系统中设备管理与通讯机制研究_摘要_17,中文,1
智能家居系统中设备管理与通讯机制研究,wi-fi设备组网,智能家居系统中设备管理与通讯机制研究_摘要_18,中文,1
智能家居系统中设备管理与通讯机制研究,蓝牙哑设备组网,智能家居系统中设备管理与通讯机制研究_摘要_19,中文,1
智能家居系统中设备管理与通讯机制研究,图形输入界面,智能家居系统中设备管理与通讯机制研究_摘要_20,中文,1
智能家居系统中设备管理与通讯机制研究,标准设备,智能家居系统中设备管理与通讯机制研究_摘要_21,中文,1
智能家居系统中设备管理与通讯机制研究,蓝牙哑设备,智能家居系统中设备管理与通讯机制研究_摘要_22,中文,1
智能家居系统中设备管理与通讯机制研究,动态组网,智能家居系统中设备管理与通讯机制研究_摘要_23,中文,1
智能家居系统中设备管理与通讯机制研究,蓝牙微微网,智能家居系统中设备管理与通讯机制研究_摘要_24,中文,1
智能家居系统中设备管理与通讯机制研究,散射网,智能家居系统中设备管理与通讯机制研究_摘要_25,中文,1
智能家居系统中设备管理与通讯机制研究,定制网关,智能家居系统中设备管理与通讯机制研究_摘要_26,中文,1
智能家居系统中设备管理与通讯机制研究,虚拟allseen设备,智能家居系统中设备管理与通讯机制研究_摘要_27,中文,1
智能家居系统中设备管理与通讯机制研究,虚拟设备,智能家居系统中设备管理与通讯机制研究_摘要_28,中文,1
智能家居系统中设备管理与通讯机制研究,wi-fi协议,智能家居系统中设备管理与通讯机制研究_摘要_29,中文,1
智能家居系统中设备管理与通讯机制研究,底层基础通信机制,智能家居系统中设备管理与通讯机制研究_摘要_30,中文,1
智能家居系统中设备管理与通讯机制研究,wi-fi设备,智能家居系统中设备管理与通讯机制研究_摘要_31,中文,1
智能家居系统中设备管理与通讯机制研究,zigbee设备,智能家居系统中设备管理与通讯机制研究_摘要_32,中文,1
智能家居系统中设备管理与通讯机制研究,联网,智能家居系统中设备管理与通讯机制研究_摘要_33,中文,1
智能家居系统中设备管理与通讯机制研究,通讯,智能家居系统中设备管理与通讯机制研究_摘要_34,中文,1
智能家居系统中设备管理与通讯机制研究,心跳检测机,智能家居系统中设备管理与通讯机制研究_摘要_35,中文,1
智能家居系统中设备管理与通讯机制研究,智能家居产品,智能家居系统中设备管理与通讯机制研究_摘要_36,中文,1
智能家居系统中设备管理与通讯机制研究,通信标准,智能家居系统中设备管理与通讯机制研究_摘要_37,中文,1
智能家居系统中设备管理与通讯机制研究,通信协议,智能家居系统中设备管理与通讯机制研究_摘要_38,中文,1
智能家居系统中设备管理与通讯机制研究,智能设备,智能家居系统中设备管理与通讯机制研究_摘要_39,中文,1
智能家居系统中设备管理与通讯机制研究,通讯协议,智能家居系统中设备管理与通讯机制研究_摘要_40,中文,1
智能家居系统中设备管理与通讯机制研究,智能家居系统,智能家居系统中设备管理与通讯机制研究_摘要_41,中文,1
智能家居系统中设备管理与通讯机制研究,设备管理,智能家居系统中设备管理与通讯机制研究_摘要_42,中文,1
智能家居系统中设备管理与通讯机制研究,communication,智能家居系统中设备管理与通讯机制研究_摘要_43,英文,4
智能家居系统中设备管理与通讯机制研究,management,智能家居系统中设备管理与通讯机制研究_摘要_44,英文,3
智能家居系统中设备管理与通讯机制研究,et,智能家居系统中设备管理与通讯机制研究_摘要_45,英文,2
智能家居系统中设备管理与通讯机制研究,ame,智能家居系统中设备管理与通讯机制研究_摘要_46,英文,2
智能家居系统中设备管理与通讯机制研究,intelligent,智能家居系统中设备管理与通讯机制研究_摘要_47,英文,2
智能家居系统中设备管理与通讯机制研究,seenservice,智能家居系统中设备管理与通讯机制研究_摘要_48,英文,1
智能家居系统中设备管理与通讯机制研究,actionmechanism,智能家居系统中设备管理与通讯机制研究_摘要_49,英文,1
智能家居系统中设备管理与通讯机制研究,anasynchronous,智能家居系统中设备管理与通讯机制研究_摘要_50,英文,1
智能家居系统中设备管理与通讯机制研究,withcrud,智能家居系统中设备管理与通讯机制研究_摘要_51,英文,1
智能家居系统中设备管理与通讯机制研究,ributed,智能家居系统中设备管理与通讯机制研究_摘要_52,英文,1
智能家居系统中设备管理与通讯机制研究,multi,智能家居系统中设备管理与通讯机制研究_摘要_53,英文,1
智能家居系统中设备管理与通讯机制研究,pointsession,智能家居系统中设备管理与通讯机制研究_摘要_54,英文,1
智能家居系统中设备管理与通讯机制研究,er,智能家居系统中设备管理与通讯机制研究_摘要_55,英文,1
智能家居系统中设备管理与通讯机制研究,timize,智能家居系统中设备管理与通讯机制研究_摘要_56,英文,1
智能家居系统中设备管理与通讯机制研究,ation,智能家居系统中设备管理与通讯机制研究_摘要_57,英文,1
智能家居系统中设备管理与通讯机制研究,devices,智能家居系统中设备管理与通讯机制研究_摘要_58,英文,1
智能家居系统中设备管理与通讯机制研究,withthecurrentnetworkings,智能家居系统中设备管理与通讯机制研究_摘要_59,英文,1
智能家居系统中设备管理与通讯机制研究,wi-fidevices,智能家居系统中设备管理与通讯机制研究_摘要_60,英文,1
智能家居系统中设备管理与通讯机制研究,thestandarddevice,智能家居系统中设备管理与通讯机制研究_摘要_61,英文,1
智能家居系统中设备管理与通讯机制研究,ownsgraphicaluserinputinterface,智能家居系统中设备管理与通讯机制研究_摘要_62,英文,1
智能家居系统中设备管理与通讯机制研究,proposeds,智能家居系统中设备管理与通讯机制研究_摘要_63,英文,1
智能家居系统中设备管理与通讯机制研究,merealize,智能家居系统中设备管理与通讯机制研究_摘要_64,英文,1
智能家居系统中设备管理与通讯机制研究,dynamicnetwork,智能家居系统中设备管理与通讯机制研究_摘要_65,英文,1
智能家居系统中设备管理与通讯机制研究,oothdummydevice,智能家居系统中设备管理与通讯机制研究_摘要_66,英文,1
智能家居系统中设备管理与通讯机制研究,thecommunication,智能家居系统中设备管理与通讯机制研究_摘要_67,英文,1
智能家居系统中设备管理与通讯机制研究,mechanis,智能家居系统中设备管理与通讯机制研究_摘要_68,英文,1
智能家居系统中设备管理与通讯机制研究,hp,智能家居系统中设备管理与通讯机制研究_摘要_69,英文,1
智能家居系统中设备管理与通讯机制研究,at,智能家居系统中设备管理与通讯机制研究_摘要_70,英文,1
智能家居系统中设备管理与通讯机制研究,metb,智能家居系统中设备管理与通讯机制研究_摘要_71,英文,1
智能家居系统中设备管理与通讯机制研究,ervice,智能家居系统中设备管理与通讯机制研究_摘要_72,英文,1
智能家居系统中设备管理与通讯机制研究,se,智能家居系统中设备管理与通讯机制研究_摘要_73,英文,1
智能家居系统中设备管理与通讯机制研究,hd,智能家居系统中设备管理与通讯机制研究_摘要_74,英文,1
智能家居系统中设备管理与通讯机制研究,tom,智能家居系统中设备管理与通讯机制研究_摘要_75,英文,1
智能家居系统中设备管理与通讯机制研究,tag,智能家居系统中设备管理与通讯机制研究_摘要_76,英文,1
智能家居系统中设备管理与通讯机制研究,virtualdevice,智能家居系统中设备管理与通讯机制研究_摘要_77,英文,1
智能家居系统中设备管理与通讯机制研究,zigbeedevice,智能家居系统中设备管理与通讯机制研究_摘要_78,英文,1
智能家居系统中设备管理与通讯机制研究,an,智能家居系统中设备管理与通讯机制研究_摘要_79,英文,1
智能家居系统中设备管理与通讯机制研究,ir,智能家居系统中设备管理与通讯机制研究_摘要_80,英文,1
智能家居系统中设备管理与通讯机制研究,wi-fidevice,智能家居系统中设备管理与通讯机制研究_摘要_81,英文,1
智能家居系统中设备管理与通讯机制研究,enservice,智能家居系统中设备管理与通讯机制研究_摘要_82,英文,1
智能家居系统中设备管理与通讯机制研究,zigbeeprotoco,智能家居系统中设备管理与通讯机制研究_摘要_83,英文,1
智能家居系统中设备管理与通讯机制研究,networking,智能家居系统中设备管理与通讯机制研究_摘要_84,英文,1
智能家居系统中设备管理与通讯机制研究,aswellastheheart,智能家居系统中设备管理与通讯机制研究_摘要_85,英文,1
智能家居系统中设备管理与通讯机制研究,detection,智能家居系统中设备管理与通讯机制研究_摘要_86,英文,1
智能家居系统中设备管理与通讯机制研究,cha,智能家居系统中设备管理与通讯机制研究_摘要_87,英文,1
智能家居系统中设备管理与通讯机制研究,fiandzigbeedevice,智能家居系统中设备管理与通讯机制研究_摘要_88,英文,1
智能家居系统中设备管理与通讯机制研究,inrecentye,智能家居系统中设备管理与通讯机制研究_摘要_89,英文,1
智能家居系统中设备管理与通讯机制研究,technology,智能家居系统中设备管理与通讯机制研究_摘要_90,英文,1
智能家居系统中设备管理与通讯机制研究,internetofthings,智能家居系统中设备管理与通讯机制研究_摘要_91,英文,1
智能家居系统中设备管理与通讯机制研究,industry,智能家居系统中设备管理与通讯机制研究_摘要_92,英文,1
智能家居系统中设备管理与通讯机制研究,ere,智能家居系统中设备管理与通讯机制研究_摘要_93,英文,1
智能家居系统中设备管理与通讯机制研究,nits,智能家居系统中设备管理与通讯机制研究_摘要_94,英文,1
智能家居系统中设备管理与通讯机制研究,mo,智能家居系统中设备管理与通讯机制研究_摘要_95,英文,1
智能家居系统中设备管理与通讯机制研究,application,智能家居系统中设备管理与通讯机制研究_摘要_96,英文,1
智能家居系统中设备管理与通讯机制研究,lotindustry,智能家居系统中设备管理与通讯机制研究_摘要_97,英文,1
智能家居系统中设备管理与通讯机制研究,communications,智能家居系统中设备管理与通讯机制研究_摘要_98,英文,1
智能家居系统中设备管理与通讯机制研究,tandards,智能家居系统中设备管理与通讯机制研究_摘要_99,英文,1
智能家居系统中设备管理与通讯机制研究,service,智能家居系统中设备管理与通讯机制研究_摘要_100,英文,1
智能家居系统中设备管理与通讯机制研究,amework,智能家居系统中设备管理与通讯机制研究_摘要_101,英文,1
智能家居系统中设备管理与通讯机制研究,market,智能家居系统中设备管理与通讯机制研究_摘要_102,英文,1
智能家居系统中设备管理与通讯机制研究,complexity,智能家居系统中设备管理与通讯机制研究_摘要_103,英文,1
智能家居系统中设备管理与通讯机制研究,tocols,智能家居系统中设备管理与通讯机制研究_摘要_104,英文,1
智能家居系统中设备管理与通讯机制研究,nda,智能家居系统中设备管理与通讯机制研究_摘要_105,英文,1
智能家居系统中设备管理与通讯机制研究,hemarket,智能家居系统中设备管理与通讯机制研究_摘要_106,英文,1
智能家居系统中设备管理与通讯机制研究,mecha,智能家居系统中设备管理与通讯机制研究_摘要_107,英文,1
智能家居系统中设备管理与通讯机制研究,intelligentdevice,智能家居系统中设备管理与通讯机制研究_摘要_108,英文,1
智能家居系统中设备管理与通讯机制研究,inworkis,智能家居系统中设备管理与通讯机制研究_摘要_109,英文,1
智能家居系统中设备管理与通讯机制研究,mma,智能家居系统中设备管理与通讯机制研究_摘要_110,英文,1
智能家居系统中设备管理与通讯机制研究,vice,智能家居系统中设备管理与通讯机制研究_摘要_111,英文,1
智能家居系统中设备管理与通讯机制研究,hetandcommunication,智能家居系统中设备管理与通讯机制研究_摘要_112,英文,1
智能家居系统中设备管理与通讯机制研究,th,智能家居系统中设备管理与通讯机制研究_摘要_113,英文,1
