parent_url,parent_name,this_url,name,level,word_frequency
基于迁移学习的缺失值插补算法研究_2级_1,研究背景与意义,基于迁移学习的缺失值插补算法研究_知识点_1,缺失值,4,12
基于迁移学习的缺失值插补算法研究_2级_1,研究背景与意义,基于迁移学习的缺失值插补算法研究_知识点_2,数据,4,12
基于迁移学习的缺失值插补算法研究_2级_1,研究背景与意义,基于迁移学习的缺失值插补算法研究_知识点_3,信息,4,10
基于迁移学习的缺失值插补算法研究_2级_1,研究背景与意义,基于迁移学习的缺失值插补算法研究_知识点_4,数据集,4,7
基于迁移学习的缺失值插补算法研究_2级_1,研究背景与意义,基于迁移学习的缺失值插补算法研究_知识点_5,缺失值插补,4,4
基于迁移学习的缺失值插补算法研究_2级_1,研究背景与意义,基于迁移学习的缺失值插补算法研究_知识点_6,源数据集,4,3
基于迁移学习的缺失值插补算法研究_2级_1,研究背景与意义,基于迁移学习的缺失值插补算法研究_知识点_7,缺失信息,4,3
基于迁移学习的缺失值插补算法研究_2级_1,研究背景与意义,基于迁移学习的缺失值插补算法研究_知识点_8,性能,4,3
基于迁移学习的缺失值插补算法研究_2级_1,研究背景与意义,基于迁移学习的缺失值插补算法研究_知识点_9,数据分析,4,3
基于迁移学习的缺失值插补算法研究_2级_1,研究背景与意义,基于迁移学习的缺失值插补算法研究_知识点_10,数据挖掘,4,3
基于迁移学习的缺失值插补算法研究_2级_1,研究背景与意义,基于迁移学习的缺失值插补算法研究_知识点_11,互联网,4,3
基于迁移学习的缺失值插补算法研究_2级_1,研究背景与意义,基于迁移学习的缺失值插补算法研究_知识点_12,噪声影响,4,2
基于迁移学习的缺失值插补算法研究_2级_1,研究背景与意义,基于迁移学习的缺失值插补算法研究_知识点_13,算法,4,2
基于迁移学习的缺失值插补算法研究_2级_1,研究背景与意义,基于迁移学习的缺失值插补算法研究_知识点_14,数据预处理,4,2
基于迁移学习的缺失值插补算法研究_2级_1,研究背景与意义,基于迁移学习的缺失值插补算法研究_知识点_15,医疗数据,4,2
基于迁移学习的缺失值插补算法研究_2级_1,研究背景与意义,基于迁移学习的缺失值插补算法研究_知识点_16,信息量,4,1
基于迁移学习的缺失值插补算法研究_2级_1,研究背景与意义,基于迁移学习的缺失值插补算法研究_知识点_17,缺失值插补模型,4,1
基于迁移学习的缺失值插补算法研究_2级_1,研究背景与意义,基于迁移学习的缺失值插补算法研究_知识点_18,目标数据集,4,1
基于迁移学习的缺失值插补算法研究_2级_1,研究背景与意义,基于迁移学习的缺失值插补算法研究_知识点_19,迁移学习,4,1
基于迁移学习的缺失值插补算法研究_2级_1,研究背景与意义,基于迁移学习的缺失值插补算法研究_知识点_20,数据分析模型,4,1
基于迁移学习的缺失值插补算法研究_2级_1,研究背景与意义,基于迁移学习的缺失值插补算法研究_知识点_21,插补缺失值,4,1
基于迁移学习的缺失值插补算法研究_2级_1,研究背景与意义,基于迁移学习的缺失值插补算法研究_知识点_22,香农,4,1
基于迁移学习的缺失值插补算法研究_2级_1,研究背景与意义,基于迁移学习的缺失值插补算法研究_知识点_23,插补,4,1
基于迁移学习的缺失值插补算法研究_2级_1,研究背景与意义,基于迁移学习的缺失值插补算法研究_知识点_24,不插补,4,1
基于迁移学习的缺失值插补算法研究_2级_1,研究背景与意义,基于迁移学习的缺失值插补算法研究_知识点_25,数学矩阵,4,1
基于迁移学习的缺失值插补算法研究_2级_1,研究背景与意义,基于迁移学习的缺失值插补算法研究_知识点_26,参数,4,1
基于迁移学习的缺失值插补算法研究_2级_1,研究背景与意义,基于迁移学习的缺失值插补算法研究_知识点_27,数据缺失问题,4,1
基于迁移学习的缺失值插补算法研究_2级_1,研究背景与意义,基于迁移学习的缺失值插补算法研究_知识点_28,数据科学,4,1
基于迁移学习的缺失值插补算法研究_2级_1,研究背景与意义,基于迁移学习的缺失值插补算法研究_知识点_29,关联规则,4,1
基于迁移学习的缺失值插补算法研究_2级_1,研究背景与意义,基于迁移学习的缺失值插补算法研究_知识点_30,置信度,4,1
基于迁移学习的缺失值插补算法研究_2级_1,研究背景与意义,基于迁移学习的缺失值插补算法研究_知识点_31,关联规则算法,4,1
基于迁移学习的缺失值插补算法研究_2级_1,研究背景与意义,基于迁移学习的缺失值插补算法研究_知识点_32,叶子结点,4,1
基于迁移学习的缺失值插补算法研究_2级_1,研究背景与意义,基于迁移学习的缺失值插补算法研究_知识点_33,决策树分类算法,4,1
基于迁移学习的缺失值插补算法研究_2级_1,研究背景与意义,基于迁移学习的缺失值插补算法研究_知识点_34,聚类结,4,1
基于迁移学习的缺失值插补算法研究_2级_1,研究背景与意义,基于迁移学习的缺失值插补算法研究_知识点_35,度量,4,1
基于迁移学习的缺失值插补算法研究_2级_1,研究背景与意义,基于迁移学习的缺失值插补算法研究_知识点_36,距离函数,4,1
基于迁移学习的缺失值插补算法研究_2级_1,研究背景与意义,基于迁移学习的缺失值插补算法研究_知识点_37,聚类算法,4,1
基于迁移学习的缺失值插补算法研究_2级_1,研究背景与意义,基于迁移学习的缺失值插补算法研究_知识点_38,信息学,4,1
基于迁移学习的缺失值插补算法研究_2级_1,研究背景与意义,基于迁移学习的缺失值插补算法研究_知识点_39,统计学,4,1
基于迁移学习的缺失值插补算法研究_2级_1,研究背景与意义,基于迁移学习的缺失值插补算法研究_知识点_40,统计特征丢失,4,1
基于迁移学习的缺失值插补算法研究_2级_1,研究背景与意义,基于迁移学习的缺失值插补算法研究_知识点_41,信息缺失,4,1
基于迁移学习的缺失值插补算法研究_2级_1,研究背景与意义,基于迁移学习的缺失值插补算法研究_知识点_42,数据缺失,4,1
基于迁移学习的缺失值插补算法研究_2级_1,研究背景与意义,基于迁移学习的缺失值插补算法研究_知识点_43,数据丢失率,4,1
基于迁移学习的缺失值插补算法研究_2级_1,研究背景与意义,基于迁移学习的缺失值插补算法研究_知识点_44,医疗,4,1
基于迁移学习的缺失值插补算法研究_2级_1,研究背景与意义,基于迁移学习的缺失值插补算法研究_知识点_45,缺失,4,1
基于迁移学习的缺失值插补算法研究_2级_1,研究背景与意义,基于迁移学习的缺失值插补算法研究_知识点_46,数据库,4,1
基于迁移学习的缺失值插补算法研究_2级_1,研究背景与意义,基于迁移学习的缺失值插补算法研究_知识点_47,设备,4,1
基于迁移学习的缺失值插补算法研究_2级_1,研究背景与意义,基于迁移学习的缺失值插补算法研究_知识点_48,honeywell,4,1
基于迁移学习的缺失值插补算法研究_2级_1,研究背景与意义,基于迁移学习的缺失值插补算法研究_知识点_49,有缺失,4,1
基于迁移学习的缺失值插补算法研究_2级_1,研究背景与意义,基于迁移学习的缺失值插补算法研究_知识点_50,预处理,4,1
基于迁移学习的缺失值插补算法研究_2级_1,研究背景与意义,基于迁移学习的缺失值插补算法研究_知识点_51,大数据挖掘,4,1
基于迁移学习的缺失值插补算法研究_2级_1,研究背景与意义,基于迁移学习的缺失值插补算法研究_知识点_52,生产,4,1
基于迁移学习的缺失值插补算法研究_2级_1,研究背景与意义,基于迁移学习的缺失值插补算法研究_知识点_53,客户数据,4,1
基于迁移学习的缺失值插补算法研究_2级_1,研究背景与意义,基于迁移学习的缺失值插补算法研究_知识点_54,商铺,4,1
基于迁移学习的缺失值插补算法研究_2级_1,研究背景与意义,基于迁移学习的缺失值插补算法研究_知识点_55,消费信息,4,1
基于迁移学习的缺失值插补算法研究_2级_1,研究背景与意义,基于迁移学习的缺失值插补算法研究_知识点_56,违法记录,4,1
基于迁移学习的缺失值插补算法研究_2级_1,研究背景与意义,基于迁移学习的缺失值插补算法研究_知识点_57,多源数据融合,4,1
基于迁移学习的缺失值插补算法研究_2级_1,研究背景与意义,基于迁移学习的缺失值插补算法研究_知识点_58,信息交流,4,1
基于迁移学习的缺失值插补算法研究_2级_1,研究背景与意义,基于迁移学习的缺失值插补算法研究_知识点_59,数据管理,4,1
基于迁移学习的缺失值插补算法研究_2级_1,研究背景与意义,基于迁移学习的缺失值插补算法研究_知识点_60,指数,4,1
基于迁移学习的缺失值插补算法研究_2级_1,研究背景与意义,基于迁移学习的缺失值插补算法研究_知识点_61,数据量,4,1
基于迁移学习的缺失值插补算法研究_2级_1,研究背景与意义,基于迁移学习的缺失值插补算法研究_知识点_62,血液,4,1
基于迁移学习的缺失值插补算法研究_2级_1,研究背景与意义,基于迁移学习的缺失值插补算法研究_知识点_63,信息时代,4,1
基于迁移学习的缺失值插补算法研究_2级_1,研究背景与意义,基于迁移学习的缺失值插补算法研究_知识点_64,新技术,4,1
基于迁移学习的缺失值插补算法研究_2级_1,研究背景与意义,基于迁移学习的缺失值插补算法研究_知识点_65,大数据,4,1
基于迁移学习的缺失值插补算法研究_3级_1,缺失值的定义及产生原因,基于迁移学习的缺失值插补算法研究_知识点_66,缺失值,4,8
基于迁移学习的缺失值插补算法研究_3级_1,缺失值的定义及产生原因,基于迁移学习的缺失值插补算法研究_知识点_67,数据,4,5
基于迁移学习的缺失值插补算法研究_3级_1,缺失值的定义及产生原因,基于迁移学习的缺失值插补算法研究_知识点_68,数据缺失,4,3
基于迁移学习的缺失值插补算法研究_3级_1,缺失值的定义及产生原因,基于迁移学习的缺失值插补算法研究_知识点_69,信息,4,3
基于迁移学习的缺失值插补算法研究_3级_1,缺失值的定义及产生原因,基于迁移学习的缺失值插补算法研究_知识点_70,数据库,4,2
基于迁移学习的缺失值插补算法研究_3级_1,缺失值的定义及产生原因,基于迁移学习的缺失值插补算法研究_知识点_71,数据集,4,2
基于迁移学习的缺失值插补算法研究_3级_1,缺失值的定义及产生原因,基于迁移学习的缺失值插补算法研究_知识点_72,属性,4,1
基于迁移学习的缺失值插补算法研究_3级_1,缺失值的定义及产生原因,基于迁移学习的缺失值插补算法研究_知识点_73,深海,4,1
基于迁移学习的缺失值插补算法研究_3级_1,缺失值的定义及产生原因,基于迁移学习的缺失值插补算法研究_知识点_74,特征信息,4,1
基于迁移学习的缺失值插补算法研究_3级_1,缺失值的定义及产生原因,基于迁移学习的缺失值插补算法研究_知识点_75,电商,4,1
基于迁移学习的缺失值插补算法研究_3级_1,缺失值的定义及产生原因,基于迁移学习的缺失值插补算法研究_知识点_76,硬盘磁头损坏,4,1
基于迁移学习的缺失值插补算法研究_3级_1,缺失值的定义及产生原因,基于迁移学习的缺失值插补算法研究_知识点_77,机器,4,1
基于迁移学习的缺失值插补算法研究_3级_1,缺失值的定义及产生原因,基于迁移学习的缺失值插补算法研究_知识点_78,云平台,4,1
基于迁移学习的缺失值插补算法研究_3级_1,缺失值的定义及产生原因,基于迁移学习的缺失值插补算法研究_知识点_79,电商公司,4,1
基于迁移学习的缺失值插补算法研究_3级_1,缺失值的定义及产生原因,基于迁移学习的缺失值插补算法研究_知识点_80,机器故障,4,1
基于迁移学习的缺失值插补算法研究_3级_1,缺失值的定义及产生原因,基于迁移学习的缺失值插补算法研究_知识点_81,计算机,4,1
基于迁移学习的缺失值插补算法研究_3级_1,缺失值的定义及产生原因,基于迁移学习的缺失值插补算法研究_知识点_82,硬盘,4,1
基于迁移学习的缺失值插补算法研究_3级_1,缺失值的定义及产生原因,基于迁移学习的缺失值插补算法研究_知识点_83,为因素,4,1
基于迁移学习的缺失值插补算法研究_3级_1,缺失值的定义及产生原因,基于迁移学习的缺失值插补算法研究_知识点_84,缺失,4,1
基于迁移学习的缺失值插补算法研究_3级_1,缺失值的定义及产生原因,基于迁移学习的缺失值插补算法研究_知识点_85,普通数据,4,1
基于迁移学习的缺失值插补算法研究_3级_1,缺失值的定义及产生原因,基于迁移学习的缺失值插补算法研究_知识点_86,电脑磁盘,4,1
基于迁移学习的缺失值插补算法研究_3级_1,缺失值的定义及产生原因,基于迁移学习的缺失值插补算法研究_知识点_87,数据挖掘算法,4,1
基于迁移学习的缺失值插补算法研究_3级_1,缺失值的定义及产生原因,基于迁移学习的缺失值插补算法研究_知识点_88,模型,4,1
基于迁移学习的缺失值插补算法研究_3级_1,缺失值的定义及产生原因,基于迁移学习的缺失值插补算法研究_知识点_89,数据分析算法,4,1
基于迁移学习的缺失值插补算法研究_3级_1,缺失值的定义及产生原因,基于迁移学习的缺失值插补算法研究_知识点_90,无可信度,4,1
基于迁移学习的缺失值插补算法研究_3级_1,缺失值的定义及产生原因,基于迁移学习的缺失值插补算法研究_知识点_91,挖掘,4,1
基于迁移学习的缺失值插补算法研究_3级_1,缺失值的定义及产生原因,基于迁移学习的缺失值插补算法研究_知识点_92,不确定因素,4,1
基于迁移学习的缺失值插补算法研究_3级_1,缺失值的定义及产生原因,基于迁移学习的缺失值插补算法研究_知识点_93,粗糙数据集,4,1
基于迁移学习的缺失值插补算法研究_3级_2,数据缺失的类型,基于迁移学习的缺失值插补算法研究_知识点_94,数据缺失,4,6
基于迁移学习的缺失值插补算法研究_3级_2,数据缺失的类型,基于迁移学习的缺失值插补算法研究_知识点_95,数据,4,4
基于迁移学习的缺失值插补算法研究_3级_2,数据缺失的类型,基于迁移学习的缺失值插补算法研究_知识点_96,随机缺失,4,3
基于迁移学习的缺失值插补算法研究_3级_2,数据缺失的类型,基于迁移学习的缺失值插补算法研究_知识点_97,缺失值,4,3
基于迁移学习的缺失值插补算法研究_3级_2,数据缺失的类型,基于迁移学习的缺失值插补算法研究_知识点_98,随机性,4,2
基于迁移学习的缺失值插补算法研究_3级_2,数据缺失的类型,基于迁移学习的缺失值插补算法研究_知识点_99,缺失,4,2
基于迁移学习的缺失值插补算法研究_3级_2,数据缺失的类型,基于迁移学习的缺失值插补算法研究_知识点_100,完全非随机缺失,4,2
基于迁移学习的缺失值插补算法研究_3级_2,数据缺失的类型,基于迁移学习的缺失值插补算法研究_知识点_101,完全随机缺失,4,2
基于迁移学习的缺失值插补算法研究_3级_2,数据缺失的类型,基于迁移学习的缺失值插补算法研究_知识点_102,缺失机制,4,2
基于迁移学习的缺失值插补算法研究_3级_2,数据缺失的类型,基于迁移学习的缺失值插补算法研究_知识点_103,数据集,4,2
基于迁移学习的缺失值插补算法研究_3级_2,数据缺失的类型,基于迁移学习的缺失值插补算法研究_知识点_104,信息,4,1
基于迁移学习的缺失值插补算法研究_3级_2,数据缺失的类型,基于迁移学习的缺失值插补算法研究_知识点_105,收入信息,4,1
基于迁移学习的缺失值插补算法研究_3级_2,数据缺失的类型,基于迁移学习的缺失值插补算法研究_知识点_106,属性,4,1
基于迁移学习的缺失值插补算法研究_3级_2,数据缺失的类型,基于迁移学习的缺失值插补算法研究_知识点_107,nmar,4,1
基于迁移学习的缺失值插补算法研究_3级_2,数据缺失的类型,基于迁移学习的缺失值插补算法研究_知识点_108,身体特征,4,1
基于迁移学习的缺失值插补算法研究_3级_2,数据缺失的类型,基于迁移学习的缺失值插补算法研究_知识点_109,观测数据,4,1
基于迁移学习的缺失值插补算法研究_3级_2,数据缺失的类型,基于迁移学习的缺失值插补算法研究_知识点_110,机器,4,1
基于迁移学习的缺失值插补算法研究_3级_2,数据缺失的类型,基于迁移学习的缺失值插补算法研究_知识点_111,mcar,4,1
基于迁移学习的缺失值插补算法研究_3级_2,数据缺失的类型,基于迁移学习的缺失值插补算法研究_知识点_112,notmissingatrandom,4,1
基于迁移学习的缺失值插补算法研究_3级_2,数据缺失的类型,基于迁移学习的缺失值插补算法研究_知识点_113,missingatrandom,4,1
基于迁移学习的缺失值插补算法研究_3级_2,数据缺失的类型,基于迁移学习的缺失值插补算法研究_知识点_114,missingcompletelyatrandom,4,1
基于迁移学习的缺失值插补算法研究_3级_2,数据缺失的类型,基于迁移学习的缺失值插补算法研究_知识点_115,属性变量,4,1
基于迁移学习的缺失值插补算法研究_3级_2,数据缺失的类型,基于迁移学习的缺失值插补算法研究_知识点_116,缺失数据,4,1
基于迁移学习的缺失值插补算法研究_3级_3,缺失值处理的必要性,基于迁移学习的缺失值插补算法研究_知识点_117,缺失值,4,7
基于迁移学习的缺失值插补算法研究_3级_3,缺失值处理的必要性,基于迁移学习的缺失值插补算法研究_知识点_118,模型,4,3
基于迁移学习的缺失值插补算法研究_3级_3,缺失值处理的必要性,基于迁移学习的缺失值插补算法研究_知识点_119,数据挖掘,4,2
基于迁移学习的缺失值插补算法研究_3级_3,缺失值处理的必要性,基于迁移学习的缺失值插补算法研究_知识点_120,数据,4,2
基于迁移学习的缺失值插补算法研究_3级_3,缺失值处理的必要性,基于迁移学习的缺失值插补算法研究_知识点_121,缺失值插补算法,4,1
基于迁移学习的缺失值插补算法研究_3级_3,缺失值处理的必要性,基于迁移学习的缺失值插补算法研究_知识点_122,缺失值插补,4,1
基于迁移学习的缺失值插补算法研究_3级_3,缺失值处理的必要性,基于迁移学习的缺失值插补算法研究_知识点_123,算法模型,4,1
基于迁移学习的缺失值插补算法研究_3级_3,缺失值处理的必要性,基于迁移学习的缺失值插补算法研究_知识点_124,分布,4,1
基于迁移学习的缺失值插补算法研究_3级_3,缺失值处理的必要性,基于迁移学习的缺失值插补算法研究_知识点_125,内容,4,1
基于迁移学习的缺失值插补算法研究_3级_3,缺失值处理的必要性,基于迁移学习的缺失值插补算法研究_知识点_126,信息,4,1
基于迁移学习的缺失值插补算法研究_3级_3,缺失值处理的必要性,基于迁移学习的缺失值插补算法研究_知识点_127,机器学习模型,4,1
基于迁移学习的缺失值插补算法研究_3级_3,缺失值处理的必要性,基于迁移学习的缺失值插补算法研究_知识点_128,缺失数据,4,1
基于迁移学习的缺失值插补算法研究_3级_3,缺失值处理的必要性,基于迁移学习的缺失值插补算法研究_知识点_129,节点,4,1
基于迁移学习的缺失值插补算法研究_3级_3,缺失值处理的必要性,基于迁移学习的缺失值插补算法研究_知识点_130,决策树,4,1
基于迁移学习的缺失值插补算法研究_3级_3,缺失值处理的必要性,基于迁移学习的缺失值插补算法研究_知识点_131,数据集,4,1
基于迁移学习的缺失值插补算法研究_3级_3,缺失值处理的必要性,基于迁移学习的缺失值插补算法研究_知识点_132,随机森林,4,1
基于迁移学习的缺失值插补算法研究_3级_3,缺失值处理的必要性,基于迁移学习的缺失值插补算法研究_知识点_133,gbdt,4,1
基于迁移学习的缺失值插补算法研究_3级_3,缺失值处理的必要性,基于迁移学习的缺失值插补算法研究_知识点_134,树模型,4,1
基于迁移学习的缺失值插补算法研究_3级_3,缺失值处理的必要性,基于迁移学习的缺失值插补算法研究_知识点_135,参数迭代,4,1
基于迁移学习的缺失值插补算法研究_3级_3,缺失值处理的必要性,基于迁移学习的缺失值插补算法研究_知识点_136,深度学习模型,4,1
基于迁移学习的缺失值插补算法研究_3级_3,缺失值处理的必要性,基于迁移学习的缺失值插补算法研究_知识点_137,神经网络,4,1
基于迁移学习的缺失值插补算法研究_3级_3,缺失值处理的必要性,基于迁移学习的缺失值插补算法研究_知识点_138,数据线性,4,1
基于迁移学习的缺失值插补算法研究_3级_3,缺失值处理的必要性,基于迁移学习的缺失值插补算法研究_知识点_139,噪声,4,1
基于迁移学习的缺失值插补算法研究_3级_3,缺失值处理的必要性,基于迁移学习的缺失值插补算法研究_知识点_140,数据缺失值,4,1
基于迁移学习的缺失值插补算法研究_3级_3,缺失值处理的必要性,基于迁移学习的缺失值插补算法研究_知识点_141,线性模型,4,1
基于迁移学习的缺失值插补算法研究_3级_3,缺失值处理的必要性,基于迁移学习的缺失值插补算法研究_知识点_142,向量机,4,1
基于迁移学习的缺失值插补算法研究_3级_3,缺失值处理的必要性,基于迁移学习的缺失值插补算法研究_知识点_143,逻辑回归,4,1
基于迁移学习的缺失值插补算法研究_3级_3,缺失值处理的必要性,基于迁移学习的缺失值插补算法研究_知识点_144,数据挖掘模型,4,1
基于迁移学习的缺失值插补算法研究_3级_3,缺失值处理的必要性,基于迁移学习的缺失值插补算法研究_知识点_145,数据挖掘过程,4,1
基于迁移学习的缺失值插补算法研究_3级_3,缺失值处理的必要性,基于迁移学习的缺失值插补算法研究_知识点_146,数据缺失,4,1
基于迁移学习的缺失值插补算法研究_3级_4,单一插补法,基于迁移学习的缺失值插补算法研究_知识点_147,缺失值,4,11
基于迁移学习的缺失值插补算法研究_3级_4,单一插补法,基于迁移学习的缺失值插补算法研究_知识点_148,em算法,4,6
基于迁移学习的缺失值插补算法研究_3级_4,单一插补法,基于迁移学习的缺失值插补算法研究_知识点_149,权重,4,6
基于迁移学习的缺失值插补算法研究_3级_4,单一插补法,基于迁移学习的缺失值插补算法研究_知识点_150,均值插补,4,6
基于迁移学习的缺失值插补算法研究_3级_4,单一插补法,基于迁移学习的缺失值插补算法研究_知识点_151,权重法,4,5
基于迁移学习的缺失值插补算法研究_3级_4,单一插补法,基于迁移学习的缺失值插补算法研究_知识点_152,核函数,4,4
基于迁移学习的缺失值插补算法研究_3级_4,单一插补法,基于迁移学习的缺失值插补算法研究_知识点_153,数据,4,4
基于迁移学习的缺失值插补算法研究_3级_4,单一插补法,基于迁移学习的缺失值插补算法研究_知识点_154,属性,4,4
基于迁移学习的缺失值插补算法研究_3级_4,单一插补法,基于迁移学习的缺失值插补算法研究_知识点_155,knn算法,4,3
基于迁移学习的缺失值插补算法研究_3级_4,单一插补法,基于迁移学习的缺失值插补算法研究_知识点_156,m步,4,3
基于迁移学习的缺失值插补算法研究_3级_4,单一插补法,基于迁移学习的缺失值插补算法研究_知识点_157,随机效应模型,4,2
基于迁移学习的缺失值插补算法研究_3级_4,单一插补法,基于迁移学习的缺失值插补算法研究_知识点_158,参数,4,2
基于迁移学习的缺失值插补算法研究_3级_4,单一插补法,基于迁移学习的缺失值插补算法研究_知识点_159,似然函数,4,2
基于迁移学习的缺失值插补算法研究_3级_4,单一插补法,基于迁移学习的缺失值插补算法研究_知识点_160,e步,4,2
基于迁移学习的缺失值插补算法研究_3级_4,单一插补法,基于迁移学习的缺失值插补算法研究_知识点_161,收敛速度,4,2
基于迁移学习的缺失值插补算法研究_3级_4,单一插补法,基于迁移学习的缺失值插补算法研究_知识点_162,似然估计,4,2
基于迁移学习的缺失值插补算法研究_3级_4,单一插补法,基于迁移学习的缺失值插补算法研究_知识点_163,数据量,4,2
基于迁移学习的缺失值插补算法研究_3级_4,单一插补法,基于迁移学习的缺失值插补算法研究_知识点_164,缺失值插补,4,2
基于迁移学习的缺失值插补算法研究_3级_4,单一插补法,基于迁移学习的缺失值插补算法研究_知识点_165,均值,4,2
基于迁移学习的缺失值插补算法研究_3级_4,单一插补法,基于迁移学习的缺失值插补算法研究_知识点_166,信息,4,2
基于迁移学习的缺失值插补算法研究_3级_4,单一插补法,基于迁移学习的缺失值插补算法研究_知识点_167,缺失值信息,4,2
基于迁移学习的缺失值插补算法研究_3级_4,单一插补法,基于迁移学习的缺失值插补算法研究_知识点_168,插补,4,2
基于迁移学习的缺失值插补算法研究_3级_4,单一插补法,基于迁移学习的缺失值插补算法研究_知识点_169,单一插补法,4,2
基于迁移学习的缺失值插补算法研究_3级_4,单一插补法,基于迁移学习的缺失值插补算法研究_知识点_170,随机效应插补模型,4,1
基于迁移学习的缺失值插补算法研究_3级_4,单一插补法,基于迁移学习的缺失值插补算法研究_知识点_171,部相关,4,1
基于迁移学习的缺失值插补算法研究_3级_4,单一插补法,基于迁移学习的缺失值插补算法研究_知识点_172,数据集,4,1
基于迁移学习的缺失值插补算法研究_3级_4,单一插补法,基于迁移学习的缺失值插补算法研究_知识点_173,缺失比,4,1
基于迁移学习的缺失值插补算法研究_3级_4,单一插补法,基于迁移学习的缺失值插补算法研究_知识点_174,固定效应模型,4,1
基于迁移学习的缺失值插补算法研究_3级_4,单一插补法,基于迁移学习的缺失值插补算法研究_知识点_175,插补缺失值模型,4,1
基于迁移学习的缺失值插补算法研究_3级_4,单一插补法,基于迁移学习的缺失值插补算法研究_知识点_176,效应模型,4,1
基于迁移学习的缺失值插补算法研究_3级_4,单一插补法,基于迁移学习的缺失值插补算法研究_知识点_177,插补模型,4,1
基于迁移学习的缺失值插补算法研究_3级_4,单一插补法,基于迁移学习的缺失值插补算法研究_知识点_178,进口刃,4,1
基于迁移学习的缺失值插补算法研究_3级_4,单一插补法,基于迁移学习的缺失值插补算法研究_知识点_179,性能,4,1
基于迁移学习的缺失值插补算法研究_3级_4,单一插补法,基于迁移学习的缺失值插补算法研究_知识点_180,效率,4,1
基于迁移学习的缺失值插补算法研究_3级_4,单一插补法,基于迁移学习的缺失值插补算法研究_知识点_181,聚类算法,4,1
基于迁移学习的缺失值插补算法研究_3级_4,单一插补法,基于迁移学习的缺失值插补算法研究_知识点_182,填充,4,1
基于迁移学习的缺失值插补算法研究_3级_4,单一插补法,基于迁移学习的缺失值插补算法研究_知识点_183,特性,4,1
基于迁移学习的缺失值插补算法研究_3级_4,单一插补法,基于迁移学习的缺失值插补算法研究_知识点_184,初始参数,4,1
基于迁移学习的缺失值插补算法研究_3级_4,单一插补法,基于迁移学习的缺失值插补算法研究_知识点_185,初始值,4,1
基于迁移学习的缺失值插补算法研究_3级_4,单一插补法,基于迁移学习的缺失值插补算法研究_知识点_186,算法,4,1
基于迁移学习的缺失值插补算法研究_3级_4,单一插补法,基于迁移学习的缺失值插补算法研究_知识点_187,阈值,4,1
基于迁移学习的缺失值插补算法研究_3级_4,单一插补法,基于迁移学习的缺失值插补算法研究_知识点_188,迭代循环,4,1
基于迁移学习的缺失值插补算法研究_3级_4,单一插补法,基于迁移学习的缺失值插补算法研究_知识点_189,迭代算法,4,1
基于迁移学习的缺失值插补算法研究_3级_4,单一插补法,基于迁移学习的缺失值插补算法研究_知识点_190,后验分布,4,1
基于迁移学习的缺失值插补算法研究_3级_4,单一插补法,基于迁移学习的缺失值插补算法研究_知识点_191,无偏估计,4,1
基于迁移学习的缺失值插补算法研究_3级_4,单一插补法,基于迁移学习的缺失值插补算法研究_知识点_192,边际分布,4,1
基于迁移学习的缺失值插补算法研究_3级_4,单一插补法,基于迁移学习的缺失值插补算法研究_知识点_193,观测数据,4,1
基于迁移学习的缺失值插补算法研究_3级_4,单一插补法,基于迁移学习的缺失值插补算法研究_知识点_194,随机缺失,4,1
基于迁移学习的缺失值插补算法研究_3级_4,单一插补法,基于迁移学习的缺失值插补算法研究_知识点_195,数据缺失,4,1
基于迁移学习的缺失值插补算法研究_3级_4,单一插补法,基于迁移学习的缺失值插补算法研究_知识点_196,缺失值插补场,4,1
基于迁移学习的缺失值插补算法研究_3级_4,单一插补法,基于迁移学习的缺失值插补算法研究_知识点_197,缺失机制,4,1
基于迁移学习的缺失值插补算法研究_3级_4,单一插补法,基于迁移学习的缺失值插补算法研究_知识点_198,多重缺失值插补,4,1
基于迁移学习的缺失值插补算法研究_3级_4,单一插补法,基于迁移学习的缺失值插补算法研究_知识点_199,缺失值插补算法,4,1
基于迁移学习的缺失值插补算法研究_3级_4,单一插补法,基于迁移学习的缺失值插补算法研究_知识点_200,连续性数据,4,1
基于迁移学习的缺失值插补算法研究_3级_4,单一插补法,基于迁移学习的缺失值插补算法研究_知识点_201,离散数据,4,1
基于迁移学习的缺失值插补算法研究_3级_4,单一插补法,基于迁移学习的缺失值插补算法研究_知识点_202,混合核函数,4,1
基于迁移学习的缺失值插补算法研究_3级_4,单一插补法,基于迁移学习的缺失值插补算法研究_知识点_203,二乘法插补,4,1
基于迁移学习的缺失值插补算法研究_3级_4,单一插补法,基于迁移学习的缺失值插补算法研究_知识点_204,knn,4,1
基于迁移学习的缺失值插补算法研究_3级_4,单一插补法,基于迁移学习的缺失值插补算法研究_知识点_205,sigmoid核函数,4,1
基于迁移学习的缺失值插补算法研究_3级_4,单一插补法,基于迁移学习的缺失值插补算法研究_知识点_206,数学,4,1
基于迁移学习的缺失值插补算法研究_3级_4,单一插补法,基于迁移学习的缺失值插补算法研究_知识点_207,数学方法,4,1
基于迁移学习的缺失值插补算法研究_3级_4,单一插补法,基于迁移学习的缺失值插补算法研究_知识点_208,均值插补算法,4,1
基于迁移学习的缺失值插补算法研究_3级_4,单一插补法,基于迁移学习的缺失值插补算法研究_知识点_209,场景数据分布,4,1
基于迁移学习的缺失值插补算法研究_3级_4,单一插补法,基于迁移学习的缺失值插补算法研究_知识点_210,偏差,4,1
基于迁移学习的缺失值插补算法研究_3级_4,单一插补法,基于迁移学习的缺失值插补算法研究_知识点_211,低权重,4,1
基于迁移学习的缺失值插补算法研究_3级_4,单一插补法,基于迁移学习的缺失值插补算法研究_知识点_212,机器学习算法,4,1
基于迁移学习的缺失值插补算法研究_3级_4,单一插补法,基于迁移学习的缺失值插补算法研究_知识点_213,logistic回归,4,1
基于迁移学习的缺失值插补算法研究_3级_4,单一插补法,基于迁移学习的缺失值插补算法研究_知识点_214,学习效率,4,1
基于迁移学习的缺失值插补算法研究_3级_4,单一插补法,基于迁移学习的缺失值插补算法研究_知识点_215,数据样本,4,1
基于迁移学习的缺失值插补算法研究_3级_4,单一插补法,基于迁移学习的缺失值插补算法研究_知识点_216,众数,4,1
基于迁移学习的缺失值插补算法研究_3级_4,单一插补法,基于迁移学习的缺失值插补算法研究_知识点_217,平均值,4,1
基于迁移学习的缺失值插补算法研究_3级_4,单一插补法,基于迁移学习的缺失值插补算法研究_知识点_218,特征,4,1
基于迁移学习的缺失值插补算法研究_3级_4,单一插补法,基于迁移学习的缺失值插补算法研究_知识点_219,数据库,4,1
基于迁移学习的缺失值插补算法研究_3级_4,单一插补法,基于迁移学习的缺失值插补算法研究_知识点_220,插补法,4,1
基于迁移学习的缺失值插补算法研究_3级_4,单一插补法,基于迁移学习的缺失值插补算法研究_知识点_221,插补算法,4,1
基于迁移学习的缺失值插补算法研究_3级_5,多重插补法,基于迁移学习的缺失值插补算法研究_知识点_222,缺失值,4,6
基于迁移学习的缺失值插补算法研究_3级_5,多重插补法,基于迁移学习的缺失值插补算法研究_知识点_223,多重插补法,4,6
基于迁移学习的缺失值插补算法研究_3级_5,多重插补法,基于迁移学习的缺失值插补算法研究_知识点_224,插补值,4,5
基于迁移学习的缺失值插补算法研究_3级_5,多重插补法,基于迁移学习的缺失值插补算法研究_知识点_225,参数,4,4
基于迁移学习的缺失值插补算法研究_3级_5,多重插补法,基于迁移学习的缺失值插补算法研究_知识点_226,回归模型,4,4
基于迁移学习的缺失值插补算法研究_3级_5,多重插补法,基于迁移学习的缺失值插补算法研究_知识点_227,随机填补法,4,4
基于迁移学习的缺失值插补算法研究_3级_5,多重插补法,基于迁移学习的缺失值插补算法研究_知识点_228,多重插补算法,4,4
基于迁移学习的缺失值插补算法研究_3级_5,多重插补法,基于迁移学习的缺失值插补算法研究_知识点_229,多重插补,4,4
基于迁移学习的缺失值插补算法研究_3级_5,多重插补法,基于迁移学习的缺失值插补算法研究_知识点_230,插补,4,2
基于迁移学习的缺失值插补算法研究_3级_5,多重插补法,基于迁移学习的缺失值插补算法研究_知识点_231,数据集,4,2
基于迁移学习的缺失值插补算法研究_3级_5,多重插补法,基于迁移学习的缺失值插补算法研究_知识点_232,正态分布,4,2
基于迁移学习的缺失值插补算法研究_3级_5,多重插补法,基于迁移学习的缺失值插补算法研究_知识点_233,协方差矩阵,4,2
基于迁移学习的缺失值插补算法研究_3级_5,多重插补法,基于迁移学习的缺失值插补算法研究_知识点_234,变量,4,2
基于迁移学习的缺失值插补算法研究_3级_5,多重插补法,基于迁移学习的缺失值插补算法研究_知识点_235,回归方程,4,2
基于迁移学习的缺失值插补算法研究_3级_5,多重插补法,基于迁移学习的缺失值插补算法研究_知识点_236,缺失变量,4,2
基于迁移学习的缺失值插补算法研究_3级_5,多重插补法,基于迁移学习的缺失值插补算法研究_知识点_237,噪声,4,2
基于迁移学习的缺失值插补算法研究_3级_5,多重插补法,基于迁移学习的缺失值插补算法研究_知识点_238,先验概率,4,1
基于迁移学习的缺失值插补算法研究_3级_5,多重插补法,基于迁移学习的缺失值插补算法研究_知识点_239,大数据,4,1
基于迁移学习的缺失值插补算法研究_3级_5,多重插补法,基于迁移学习的缺失值插补算法研究_知识点_240,插补数据,4,1
基于迁移学习的缺失值插补算法研究_3级_5,多重插补法,基于迁移学习的缺失值插补算法研究_知识点_241,分析模型,4,1
基于迁移学习的缺失值插补算法研究_3级_5,多重插补法,基于迁移学习的缺失值插补算法研究_知识点_242,数据样本,4,1
基于迁移学习的缺失值插补算法研究_3级_5,多重插补法,基于迁移学习的缺失值插补算法研究_知识点_243,观察值,4,1
基于迁移学习的缺失值插补算法研究_3级_5,多重插补法,基于迁移学习的缺失值插补算法研究_知识点_244,测值,4,1
基于迁移学习的缺失值插补算法研究_3级_5,多重插补法,基于迁移学习的缺失值插补算法研究_知识点_245,回归系数,4,1
基于迁移学习的缺失值插补算法研究_3级_5,多重插补法,基于迁移学习的缺失值插补算法研究_知识点_246,元素向量,4,1
基于迁移学习的缺失值插补算法研究_3级_5,多重插补法,基于迁移学习的缺失值插补算法研究_知识点_247,个体数,4,1
基于迁移学习的缺失值插补算法研究_3级_5,多重插补法,基于迁移学习的缺失值插补算法研究_知识点_248,随机变量,4,1
基于迁移学习的缺失值插补算法研究_3级_5,多重插补法,基于迁移学习的缺失值插补算法研究_知识点_249,tt分布,4,1
基于迁移学习的缺失值插补算法研究_3级_5,多重插补法,基于迁移学习的缺失值插补算法研究_知识点_250,系数,4,1
基于迁移学习的缺失值插补算法研究_3级_5,多重插补法,基于迁移学习的缺失值插补算法研究_知识点_251,自变量,4,1
基于迁移学习的缺失值插补算法研究_3级_5,多重插补法,基于迁移学习的缺失值插补算法研究_知识点_252,lis,4,1
基于迁移学习的缺失值插补算法研究_3级_5,多重插补法,基于迁移学习的缺失值插补算法研究_知识点_253,回归,4,1
基于迁移学习的缺失值插补算法研究_3级_5,多重插补法,基于迁移学习的缺失值插补算法研究_知识点_254,观测变量,4,1
基于迁移学习的缺失值插补算法研究_3级_5,多重插补法,基于迁移学习的缺失值插补算法研究_知识点_255,算法,4,1
基于迁移学习的缺失值插补算法研究_3级_5,多重插补法,基于迁移学习的缺失值插补算法研究_知识点_256,卡洛,4,1
基于迁移学习的缺失值插补算法研究_3级_5,多重插补法,基于迁移学习的缺失值插补算法研究_知识点_257,马尔可夫,4,1
基于迁移学习的缺失值插补算法研究_3级_5,多重插补法,基于迁移学习的缺失值插补算法研究_知识点_258,趋势得分法,4,1
基于迁移学习的缺失值插补算法研究_3级_5,多重插补法,基于迁移学习的缺失值插补算法研究_知识点_259,插补结,4,1
基于迁移学习的缺失值插补算法研究_3级_5,多重插补法,基于迁移学习的缺失值插补算法研究_知识点_260,缺失值插补,4,1
基于迁移学习的缺失值插补算法研究_3级_5,多重插补法,基于迁移学习的缺失值插补算法研究_知识点_261,自助线性回归,4,1
基于迁移学习的缺失值插补算法研究_3级_5,多重插补法,基于迁移学习的缺失值插补算法研究_知识点_262,贝叶斯,4,1
基于迁移学习的缺失值插补算法研究_3级_5,多重插补法,基于迁移学习的缺失值插补算法研究_知识点_263,贝叶斯多重回归,4,1
基于迁移学习的缺失值插补算法研究_3级_5,多重插补法,基于迁移学习的缺失值插补算法研究_知识点_264,线性回归,4,1
基于迁移学习的缺失值插补算法研究_3级_5,多重插补法,基于迁移学习的缺失值插补算法研究_知识点_265,待插补,4,1
基于迁移学习的缺失值插补算法研究_3级_5,多重插补法,基于迁移学习的缺失值插补算法研究_知识点_266,似然函数,4,1
基于迁移学习的缺失值插补算法研究_3级_5,多重插补法,基于迁移学习的缺失值插补算法研究_知识点_267,缺失数据,4,1
基于迁移学习的缺失值插补算法研究_3级_5,多重插补法,基于迁移学习的缺失值插补算法研究_知识点_268,多值插补,4,1
基于迁移学习的缺失值插补算法研究_3级_5,多重插补法,基于迁移学习的缺失值插补算法研究_知识点_269,真实数,4,1
基于迁移学习的缺失值插补算法研究_3级_5,多重插补法,基于迁移学习的缺失值插补算法研究_知识点_270,随机缺失,4,1
基于迁移学习的缺失值插补算法研究_3级_5,多重插补法,基于迁移学习的缺失值插补算法研究_知识点_271,缺失机制,4,1
基于迁移学习的缺失值插补算法研究_3级_6,机器学习缺失值插补,基于迁移学习的缺失值插补算法研究_知识点_272,缺失值,4,7
基于迁移学习的缺失值插补算法研究_3级_6,机器学习缺失值插补,基于迁移学习的缺失值插补算法研究_知识点_273,缺失值插补,4,6
基于迁移学习的缺失值插补算法研究_3级_6,机器学习缺失值插补,基于迁移学习的缺失值插补算法研究_知识点_274,机器学习,4,6
基于迁移学习的缺失值插补算法研究_3级_6,机器学习缺失值插补,基于迁移学习的缺失值插补算法研究_知识点_275,插补,4,5
基于迁移学习的缺失值插补算法研究_3级_6,机器学习缺失值插补,基于迁移学习的缺失值插补算法研究_知识点_276,迁移学习,4,2
基于迁移学习的缺失值插补算法研究_3级_6,机器学习缺失值插补,基于迁移学习的缺失值插补算法研究_知识点_277,强化学习,4,2
基于迁移学习的缺失值插补算法研究_3级_6,机器学习缺失值插补,基于迁移学习的缺失值插补算法研究_知识点_278,无监督学习,4,2
基于迁移学习的缺失值插补算法研究_3级_6,机器学习缺失值插补,基于迁移学习的缺失值插补算法研究_知识点_279,k-means,4,2
基于迁移学习的缺失值插补算法研究_3级_6,机器学习缺失值插补,基于迁移学习的缺失值插补算法研究_知识点_280,数据,4,2
基于迁移学习的缺失值插补算法研究_3级_6,机器学习缺失值插补,基于迁移学习的缺失值插补算法研究_知识点_281,变量,4,2
基于迁移学习的缺失值插补算法研究_3级_6,机器学习缺失值插补,基于迁移学习的缺失值插补算法研究_知识点_282,机器学习算法,4,2
基于迁移学习的缺失值插补算法研究_3级_6,机器学习缺失值插补,基于迁移学习的缺失值插补算法研究_知识点_283,缺失值插补算法,4,2
基于迁移学习的缺失值插补算法研究_3级_6,机器学习缺失值插补,基于迁移学习的缺失值插补算法研究_知识点_284,监督学习,4,1
基于迁移学习的缺失值插补算法研究_3级_6,机器学习缺失值插补,基于迁移学习的缺失值插补算法研究_知识点_285,em缺失值插补算法,4,1
基于迁移学习的缺失值插补算法研究_3级_6,机器学习缺失值插补,基于迁移学习的缺失值插补算法研究_知识点_286,缺失值处理,4,1
基于迁移学习的缺失值插补算法研究_3级_6,机器学习缺失值插补,基于迁移学习的缺失值插补算法研究_知识点_287,缺失,4,1
基于迁移学习的缺失值插补算法研究_3级_6,机器学习缺失值插补,基于迁移学习的缺失值插补算法研究_知识点_288,学习器,4,1
基于迁移学习的缺失值插补算法研究_3级_6,机器学习缺失值插补,基于迁移学习的缺失值插补算法研究_知识点_289,分类器,4,1
基于迁移学习的缺失值插补算法研究_3级_6,机器学习缺失值插补,基于迁移学习的缺失值插补算法研究_知识点_290,缺失值填充,4,1
基于迁移学习的缺失值插补算法研究_3级_6,机器学习缺失值插补,基于迁移学习的缺失值插补算法研究_知识点_291,深度学习,4,1
基于迁移学习的缺失值插补算法研究_3级_6,机器学习缺失值插补,基于迁移学习的缺失值插补算法研究_知识点_292,填补算法,4,1
基于迁移学习的缺失值插补算法研究_3级_6,机器学习缺失值插补,基于迁移学习的缺失值插补算法研究_知识点_293,ar-ann,4,1
基于迁移学习的缺失值插补算法研究_3级_6,机器学习缺失值插补,基于迁移学习的缺失值插补算法研究_知识点_294,k-nn缺失值插补算法,4,1
基于迁移学习的缺失值插补算法研究_3级_6,机器学习缺失值插补,基于迁移学习的缺失值插补算法研究_知识点_295,knn插补算法,4,1
基于迁移学习的缺失值插补算法研究_3级_6,机器学习缺失值插补,基于迁移学习的缺失值插补算法研究_知识点_296,预聚类,4,1
基于迁移学习的缺失值插补算法研究_3级_6,机器学习缺失值插补,基于迁移学习的缺失值插补算法研究_知识点_297,k-nn填充算法,4,1
基于迁移学习的缺失值插补算法研究_3级_6,机器学习缺失值插补,基于迁移学习的缺失值插补算法研究_知识点_298,性能,4,1
基于迁移学习的缺失值插补算法研究_3级_6,机器学习缺失值插补,基于迁移学习的缺失值插补算法研究_知识点_299,缺失值填补算法,4,1
基于迁移学习的缺失值插补算法研究_3级_6,机器学习缺失值插补,基于迁移学习的缺失值插补算法研究_知识点_300,knn,4,1
基于迁移学习的缺失值插补算法研究_3级_6,机器学习缺失值插补,基于迁移学习的缺失值插补算法研究_知识点_301,数值,4,1
基于迁移学习的缺失值插补算法研究_3级_6,机器学习缺失值插补,基于迁移学习的缺失值插补算法研究_知识点_302,缺失值插补模型,4,1
基于迁移学习的缺失值插补算法研究_3级_6,机器学习缺失值插补,基于迁移学习的缺失值插补算法研究_知识点_303,训练数据集,4,1
基于迁移学习的缺失值插补算法研究_3级_6,机器学习缺失值插补,基于迁移学习的缺失值插补算法研究_知识点_304,监督学习缺失值,4,1
基于迁移学习的缺失值插补算法研究_3级_6,机器学习缺失值插补,基于迁移学习的缺失值插补算法研究_知识点_305,泛化性能,4,1
基于迁移学习的缺失值插补算法研究_3级_6,机器学习缺失值插补,基于迁移学习的缺失值插补算法研究_知识点_306,机器学习方法,4,1
基于迁移学习的缺失值插补算法研究_3级_6,机器学习缺失值插补,基于迁移学习的缺失值插补算法研究_知识点_307,信息,4,1
基于迁移学习的缺失值插补算法研究_3级_6,机器学习缺失值插补,基于迁移学习的缺失值插补算法研究_知识点_308,数据集,4,1
基于迁移学习的缺失值插补算法研究_3级_6,机器学习缺失值插补,基于迁移学习的缺失值插补算法研究_知识点_309,补缺失值,4,1
基于迁移学习的缺失值插补算法研究_3级_6,机器学习缺失值插补,基于迁移学习的缺失值插补算法研究_知识点_310,插补缺失值,4,1
基于迁移学习的缺失值插补算法研究_3级_6,机器学习缺失值插补,基于迁移学习的缺失值插补算法研究_知识点_311,预测缺失值,4,1
基于迁移学习的缺失值插补算法研究_3级_6,机器学习缺失值插补,基于迁移学习的缺失值插补算法研究_知识点_312,机器学习模型,4,1
基于迁移学习的缺失值插补算法研究_3级_6,机器学习缺失值插补,基于迁移学习的缺失值插补算法研究_知识点_313,训练集,4,1
基于迁移学习的缺失值插补算法研究_3级_6,机器学习缺失值插补,基于迁移学习的缺失值插补算法研究_知识点_314,el,4,1
基于迁移学习的缺失值插补算法研究_3级_6,机器学习缺失值插补,基于迁移学习的缺失值插补算法研究_知识点_315,训练模型,4,1
基于迁移学习的缺失值插补算法研究_3级_6,机器学习缺失值插补,基于迁移学习的缺失值插补算法研究_知识点_316,未缺失值,4,1
基于迁移学习的缺失值插补算法研究_3级_6,机器学习缺失值插补,基于迁移学习的缺失值插补算法研究_知识点_317,机器学习缺失值,4,1
基于迁移学习的缺失值插补算法研究_2级_3,国内外缺失值插补研究现状,基于迁移学习的缺失值插补算法研究_知识点_318,数据集,4,8
基于迁移学习的缺失值插补算法研究_2级_3,国内外缺失值插补研究现状,基于迁移学习的缺失值插补算法研究_知识点_319,缺失值,4,7
基于迁移学习的缺失值插补算法研究_2级_3,国内外缺失值插补研究现状,基于迁移学习的缺失值插补算法研究_知识点_320,缺失值插补算法,4,6
基于迁移学习的缺失值插补算法研究_2级_3,国内外缺失值插补研究现状,基于迁移学习的缺失值插补算法研究_知识点_321,删除法,4,5
基于迁移学习的缺失值插补算法研究_2级_3,国内外缺失值插补研究现状,基于迁移学习的缺失值插补算法研究_知识点_322,非参数缺失值插补,4,4
基于迁移学习的缺失值插补算法研究_2级_3,国内外缺失值插补研究现状,基于迁移学习的缺失值插补算法研究_知识点_323,随机缺失,4,4
基于迁移学习的缺失值插补算法研究_2级_3,国内外缺失值插补研究现状,基于迁移学习的缺失值插补算法研究_知识点_324,缺失值插补,4,4
基于迁移学习的缺失值插补算法研究_2级_3,国内外缺失值插补研究现状,基于迁移学习的缺失值插补算法研究_知识点_325,机器学习缺失值插补算法,4,2
基于迁移学习的缺失值插补算法研究_2级_3,国内外缺失值插补研究现状,基于迁移学习的缺失值插补算法研究_知识点_326,高斯分布,4,2
基于迁移学习的缺失值插补算法研究_2级_3,国内外缺失值插补研究现状,基于迁移学习的缺失值插补算法研究_知识点_327,分布,4,2
基于迁移学习的缺失值插补算法研究_2级_3,国内外缺失值插补研究现状,基于迁移学习的缺失值插补算法研究_知识点_328,变量,4,2
基于迁移学习的缺失值插补算法研究_2级_3,国内外缺失值插补研究现状,基于迁移学习的缺失值插补算法研究_知识点_329,参数,4,2
基于迁移学习的缺失值插补算法研究_2级_3,国内外缺失值插补研究现状,基于迁移学习的缺失值插补算法研究_知识点_330,数据量,4,2
基于迁移学习的缺失值插补算法研究_2级_3,国内外缺失值插补研究现状,基于迁移学习的缺失值插补算法研究_知识点_331,数据,4,2
基于迁移学习的缺失值插补算法研究_2级_3,国内外缺失值插补研究现状,基于迁移学习的缺失值插补算法研究_知识点_332,迁移学习缺失值插补算法,4,1
基于迁移学习的缺失值插补算法研究_2级_3,国内外缺失值插补研究现状,基于迁移学习的缺失值插补算法研究_知识点_333,机器学习,4,1
基于迁移学习的缺失值插补算法研究_2级_3,国内外缺失值插补研究现状,基于迁移学习的缺失值插补算法研究_知识点_334,多重插补算法,4,1
基于迁移学习的缺失值插补算法研究_2级_3,国内外缺失值插补研究现状,基于迁移学习的缺失值插补算法研究_知识点_335,单一插补算法,4,1
基于迁移学习的缺失值插补算法研究_2级_3,国内外缺失值插补研究现状,基于迁移学习的缺失值插补算法研究_知识点_336,插补数据,4,1
基于迁移学习的缺失值插补算法研究_2级_3,国内外缺失值插补研究现状,基于迁移学习的缺失值插补算法研究_知识点_337,非参数,4,1
基于迁移学习的缺失值插补算法研究_2级_3,国内外缺失值插补研究现状,基于迁移学习的缺失值插补算法研究_知识点_338,非参数填充,4,1
基于迁移学习的缺失值插补算法研究_2级_3,国内外缺失值插补研究现状,基于迁移学习的缺失值插补算法研究_知识点_339,机器学习模型,4,1
基于迁移学习的缺失值插补算法研究_2级_3,国内外缺失值插补研究现状,基于迁移学习的缺失值插补算法研究_知识点_340,分布函数,4,1
基于迁移学习的缺失值插补算法研究_2级_3,国内外缺失值插补研究现状,基于迁移学习的缺失值插补算法研究_知识点_341,数据集分布,4,1
基于迁移学习的缺失值插补算法研究_2级_3,国内外缺失值插补研究现状,基于迁移学习的缺失值插补算法研究_知识点_342,缺失值填充算法,4,1
基于迁移学习的缺失值插补算法研究_2级_3,国内外缺失值插补研究现状,基于迁移学习的缺失值插补算法研究_知识点_343,多重插补方,4,1
基于迁移学习的缺失值插补算法研究_2级_3,国内外缺失值插补研究现状,基于迁移学习的缺失值插补算法研究_知识点_344,单一插补法,4,1
基于迁移学习的缺失值插补算法研究_2级_3,国内外缺失值插补研究现状,基于迁移学习的缺失值插补算法研究_知识点_345,插补,4,1
基于迁移学习的缺失值插补算法研究_2级_3,国内外缺失值插补研究现状,基于迁移学习的缺失值插补算法研究_知识点_346,非参数插补,4,1
基于迁移学习的缺失值插补算法研究_2级_3,国内外缺失值插补研究现状,基于迁移学习的缺失值插补算法研究_知识点_347,插补算法,4,1
基于迁移学习的缺失值插补算法研究_2级_3,国内外缺失值插补研究现状,基于迁移学习的缺失值插补算法研究_知识点_348,参数模型,4,1
基于迁移学习的缺失值插补算法研究_2级_3,国内外缺失值插补研究现状,基于迁移学习的缺失值插补算法研究_知识点_349,缺失值插补模型,4,1
基于迁移学习的缺失值插补算法研究_2级_3,国内外缺失值插补研究现状,基于迁移学习的缺失值插补算法研究_知识点_350,数据缺失值,4,1
基于迁移学习的缺失值插补算法研究_2级_3,国内外缺失值插补研究现状,基于迁移学习的缺失值插补算法研究_知识点_351,信息,4,1
基于迁移学习的缺失值插补算法研究_2级_3,国内外缺失值插补研究现状,基于迁移学习的缺失值插补算法研究_知识点_352,数据分析算法,4,1
基于迁移学习的缺失值插补算法研究_2级_3,国内外缺失值插补研究现状,基于迁移学习的缺失值插补算法研究_知识点_353,非随机缺失,4,1
基于迁移学习的缺失值插补算法研究_2级_3,国内外缺失值插补研究现状,基于迁移学习的缺失值插补算法研究_知识点_354,随机缺失数据集,4,1
基于迁移学习的缺失值插补算法研究_2级_3,国内外缺失值插补研究现状,基于迁移学习的缺失值插补算法研究_知识点_355,随机缺失数据,4,1
基于迁移学习的缺失值插补算法研究_2级_3,国内外缺失值插补研究现状,基于迁移学习的缺失值插补算法研究_知识点_356,先验知识,4,1
基于迁移学习的缺失值插补算法研究_2级_3,国内外缺失值插补研究现状,基于迁移学习的缺失值插补算法研究_知识点_357,主观因素,4,1
基于迁移学习的缺失值插补算法研究_2级_4,本文的创新点,基于迁移学习的缺失值插补算法研究_知识点_358,缺失值,4,10
基于迁移学习的缺失值插补算法研究_2级_4,本文的创新点,基于迁移学习的缺失值插补算法研究_知识点_359,信息,4,8
基于迁移学习的缺失值插补算法研究_2级_4,本文的创新点,基于迁移学习的缺失值插补算法研究_知识点_360,迁移学习算法,4,5
基于迁移学习的缺失值插补算法研究_2级_4,本文的创新点,基于迁移学习的缺失值插补算法研究_知识点_361,数据集,4,4
基于迁移学习的缺失值插补算法研究_2级_4,本文的创新点,基于迁移学习的缺失值插补算法研究_知识点_362,缺失值插补算法,4,4
基于迁移学习的缺失值插补算法研究_2级_4,本文的创新点,基于迁移学习的缺失值插补算法研究_知识点_363,迁移学习,4,3
基于迁移学习的缺失值插补算法研究_2级_4,本文的创新点,基于迁移学习的缺失值插补算法研究_知识点_364,变量,4,2
基于迁移学习的缺失值插补算法研究_2级_4,本文的创新点,基于迁移学习的缺失值插补算法研究_知识点_365,性能,4,2
基于迁移学习的缺失值插补算法研究_2级_4,本文的创新点,基于迁移学习的缺失值插补算法研究_知识点_366,缺失值插补,4,2
基于迁移学习的缺失值插补算法研究_2级_4,本文的创新点,基于迁移学习的缺失值插补算法研究_知识点_367,插补模型,4,2
基于迁移学习的缺失值插补算法研究_2级_4,本文的创新点,基于迁移学习的缺失值插补算法研究_知识点_368,目标数据,4,2
基于迁移学习的缺失值插补算法研究_2级_4,本文的创新点,基于迁移学习的缺失值插补算法研究_知识点_369,机器学习,4,2
基于迁移学习的缺失值插补算法研究_2级_4,本文的创新点,基于迁移学习的缺失值插补算法研究_知识点_370,数据,4,2
基于迁移学习的缺失值插补算法研究_2级_4,本文的创新点,基于迁移学习的缺失值插补算法研究_知识点_371,多重插补,4,2
基于迁移学习的缺失值插补算法研究_2级_4,本文的创新点,基于迁移学习的缺失值插补算法研究_知识点_372,连续值,4,1
基于迁移学习的缺失值插补算法研究_2级_4,本文的创新点,基于迁移学习的缺失值插补算法研究_知识点_373,权重,4,1
基于迁移学习的缺失值插补算法研究_2级_4,本文的创新点,基于迁移学习的缺失值插补算法研究_知识点_374,误差,4,1
基于迁移学习的缺失值插补算法研究_2级_4,本文的创新点,基于迁移学习的缺失值插补算法研究_知识点_375,连续值标签,4,1
基于迁移学习的缺失值插补算法研究_2级_4,本文的创新点,基于迁移学习的缺失值插补算法研究_知识点_376,daboost,4,1
基于迁移学习的缺失值插补算法研究_2级_4,本文的创新点,基于迁移学习的缺失值插补算法研究_知识点_377,dabo,4,1
基于迁移学习的缺失值插补算法研究_2级_4,本文的创新点,基于迁移学习的缺失值插补算法研究_知识点_378,二分类变量,4,1
基于迁移学习的缺失值插补算法研究_2级_4,本文的创新点,基于迁移学习的缺失值插补算法研究_知识点_379,阈值,4,1
基于迁移学习的缺失值插补算法研究_2级_4,本文的创新点,基于迁移学习的缺失值插补算法研究_知识点_380,二分类,4,1
基于迁移学习的缺失值插补算法研究_2级_4,本文的创新点,基于迁移学习的缺失值插补算法研究_知识点_381,缺失值插补模型,4,1
基于迁移学习的缺失值插补算法研究_2级_4,本文的创新点,基于迁移学习的缺失值插补算法研究_知识点_382,分类算法,4,1
基于迁移学习的缺失值插补算法研究_2级_4,本文的创新点,基于迁移学习的缺失值插补算法研究_知识点_383,迁移,4,1
基于迁移学习的缺失值插补算法研究_2级_4,本文的创新点,基于迁移学习的缺失值插补算法研究_知识点_384,回归场景,4,1
基于迁移学习的缺失值插补算法研究_2级_4,本文的创新点,基于迁移学习的缺失值插补算法研究_知识点_385,鲁棒性,4,1
基于迁移学习的缺失值插补算法研究_2级_4,本文的创新点,基于迁移学习的缺失值插补算法研究_知识点_386,加权,4,1
基于迁移学习的缺失值插补算法研究_2级_4,本文的创新点,基于迁移学习的缺失值插补算法研究_知识点_387,多数投票制,4,1
基于迁移学习的缺失值插补算法研究_2级_4,本文的创新点,基于迁移学习的缺失值插补算法研究_知识点_388,集成学习,4,1
基于迁移学习的缺失值插补算法研究_2级_4,本文的创新点,基于迁移学习的缺失值插补算法研究_知识点_389,模型,4,1
基于迁移学习的缺失值插补算法研究_2级_4,本文的创新点,基于迁移学习的缺失值插补算法研究_知识点_390,源数据,4,1
基于迁移学习的缺失值插补算法研究_2级_4,本文的创新点,基于迁移学习的缺失值插补算法研究_知识点_391,缺失数据,4,1
基于迁移学习的缺失值插补算法研究_2级_4,本文的创新点,基于迁移学习的缺失值插补算法研究_知识点_392,低秩矩阵插补算法,4,1
基于迁移学习的缺失值插补算法研究_2级_4,本文的创新点,基于迁移学习的缺失值插补算法研究_知识点_393,压缩感知,4,1
基于迁移学习的缺失值插补算法研究_2级_4,本文的创新点,基于迁移学习的缺失值插补算法研究_知识点_394,插补方法,4,1
基于迁移学习的缺失值插补算法研究_2级_4,本文的创新点,基于迁移学习的缺失值插补算法研究_知识点_395,主成分,4,1
基于迁移学习的缺失值插补算法研究_2级_4,本文的创新点,基于迁移学习的缺失值插补算法研究_知识点_396,贝叶斯插补,4,1
基于迁移学习的缺失值插补算法研究_2级_4,本文的创新点,基于迁移学习的缺失值插补算法研究_知识点_397,均值插补,4,1
基于迁移学习的缺失值插补算法研究_2级_4,本文的创新点,基于迁移学习的缺失值插补算法研究_知识点_398,数据分析,4,1
基于迁移学习的缺失值插补算法研究_2级_4,本文的创新点,基于迁移学习的缺失值插补算法研究_知识点_399,本地信息,4,1
基于迁移学习的缺失值插补算法研究_2级_4,本文的创新点,基于迁移学习的缺失值插补算法研究_知识点_400,外来信息,4,1
基于迁移学习的缺失值插补算法研究_2级_4,本文的创新点,基于迁移学习的缺失值插补算法研究_知识点_401,训练缺失值,4,1
基于迁移学习的缺失值插补算法研究_2级_4,本文的创新点,基于迁移学习的缺失值插补算法研究_知识点_402,统计,4,1
基于迁移学习的缺失值插补算法研究_2级_4,本文的创新点,基于迁移学习的缺失值插补算法研究_知识点_403,数量,4,1
基于迁移学习的缺失值插补算法研究_2级_4,本文的创新点,基于迁移学习的缺失值插补算法研究_知识点_404,单一插补,4,1
基于迁移学习的缺失值插补算法研究_2级_4,本文的创新点,基于迁移学习的缺失值插补算法研究_知识点_405,非参数插补,4,1
基于迁移学习的缺失值插补算法研究_2级_4,本文的创新点,基于迁移学习的缺失值插补算法研究_知识点_406,参数插补,4,1
基于迁移学习的缺失值插补算法研究_2级_5,本文结构安排,基于迁移学习的缺失值插补算法研究_知识点_407,迁移学习,4,8
基于迁移学习的缺失值插补算法研究_2级_5,本文结构安排,基于迁移学习的缺失值插补算法研究_知识点_408,缺失值,4,6
基于迁移学习的缺失值插补算法研究_2级_5,本文结构安排,基于迁移学习的缺失值插补算法研究_知识点_409,插补算法,4,5
基于迁移学习的缺失值插补算法研究_2级_5,本文结构安排,基于迁移学习的缺失值插补算法研究_知识点_410,误差,4,3
基于迁移学习的缺失值插补算法研究_2级_5,本文结构安排,基于迁移学习的缺失值插补算法研究_知识点_411,tradaboostreg算法,4,3
基于迁移学习的缺失值插补算法研究_2级_5,本文结构安排,基于迁移学习的缺失值插补算法研究_知识点_412,迁移学习算法,4,3
基于迁移学习的缺失值插补算法研究_2级_5,本文结构安排,基于迁移学习的缺失值插补算法研究_知识点_413,决策树算法,4,2
基于迁移学习的缺失值插补算法研究_2级_5,本文结构安排,基于迁移学习的缺失值插补算法研究_知识点_414,缺失值插补,4,2
基于迁移学习的缺失值插补算法研究_2级_5,本文结构安排,基于迁移学习的缺失值插补算法研究_知识点_415,缺失值填充,4,2
基于迁移学习的缺失值插补算法研究_2级_5,本文结构安排,基于迁移学习的缺失值插补算法研究_知识点_416,性能,4,2
基于迁移学习的缺失值插补算法研究_2级_5,本文结构安排,基于迁移学习的缺失值插补算法研究_知识点_417,低秩矩阵,4,2
基于迁移学习的缺失值插补算法研究_2级_5,本文结构安排,基于迁移学习的缺失值插补算法研究_知识点_418,缺失值填充算法,4,2
基于迁移学习的缺失值插补算法研究_2级_5,本文结构安排,基于迁移学习的缺失值插补算法研究_知识点_419,机器学习,4,2
基于迁移学习的缺失值插补算法研究_2级_5,本文结构安排,基于迁移学习的缺失值插补算法研究_知识点_420,区间,4,1
基于迁移学习的缺失值插补算法研究_2级_5,本文结构安排,基于迁移学习的缺失值插补算法研究_知识点_421,误差因子约束,4,1
基于迁移学习的缺失值插补算法研究_2级_5,本文结构安排,基于迁移学习的缺失值插补算法研究_知识点_422,误差损失函数,4,1
基于迁移学习的缺失值插补算法研究_2级_5,本文结构安排,基于迁移学习的缺失值插补算法研究_知识点_423,迭代次数,4,1
基于迁移学习的缺失值插补算法研究_2级_5,本文结构安排,基于迁移学习的缺失值插补算法研究_知识点_424,数学,4,1
基于迁移学习的缺失值插补算法研究_2级_5,本文结构安排,基于迁移学习的缺失值插补算法研究_知识点_425,boost,4,1
基于迁移学习的缺失值插补算法研究_2级_5,本文结构安排,基于迁移学习的缺失值插补算法研究_知识点_426,回归任务,4,1
基于迁移学习的缺失值插补算法研究_2级_5,本文结构安排,基于迁移学习的缺失值插补算法研究_知识点_427,插补缺失值算法,4,1
基于迁移学习的缺失值插补算法研究_2级_5,本文结构安排,基于迁移学习的缺失值插补算法研究_知识点_428,评估迁移,4,1
基于迁移学习的缺失值插补算法研究_2级_5,本文结构安排,基于迁移学习的缺失值插补算法研究_知识点_429,低秩插补算法,4,1
基于迁移学习的缺失值插补算法研究_2级_5,本文结构安排,基于迁移学习的缺失值插补算法研究_知识点_430,机器学习插补算法,4,1
基于迁移学习的缺失值插补算法研究_2级_5,本文结构安排,基于迁移学习的缺失值插补算法研究_知识点_431,插补模型,4,1
基于迁移学习的缺失值插补算法研究_2级_5,本文结构安排,基于迁移学习的缺失值插补算法研究_知识点_432,tradaboost,4,1
基于迁移学习的缺失值插补算法研究_2级_5,本文结构安排,基于迁移学习的缺失值插补算法研究_知识点_433,评价,4,1
基于迁移学习的缺失值插补算法研究_2级_5,本文结构安排,基于迁移学习的缺失值插补算法研究_知识点_434,模型,4,1
基于迁移学习的缺失值插补算法研究_2级_5,本文结构安排,基于迁移学习的缺失值插补算法研究_知识点_435,迁移学习缺失值插补模型,4,1
基于迁移学习的缺失值插补算法研究_2级_5,本文结构安排,基于迁移学习的缺失值插补算法研究_知识点_436,数据集,4,1
基于迁移学习的缺失值插补算法研究_2级_5,本文结构安排,基于迁移学习的缺失值插补算法研究_知识点_437,填充模型,4,1
基于迁移学习的缺失值插补算法研究_2级_5,本文结构安排,基于迁移学习的缺失值插补算法研究_知识点_438,缺失值填补算法,4,1
基于迁移学习的缺失值插补算法研究_2级_5,本文结构安排,基于迁移学习的缺失值插补算法研究_知识点_439,填充策略,4,1
基于迁移学习的缺失值插补算法研究_3级_7,符号和定义,基于迁移学习的缺失值插补算法研究_知识点_440,迁移学习,4,11
基于迁移学习的缺失值插补算法研究_3级_7,符号和定义,基于迁移学习的缺失值插补算法研究_知识点_441,目标域,4,10
基于迁移学习的缺失值插补算法研究_3级_7,符号和定义,基于迁移学习的缺失值插补算法研究_知识点_442,源域,4,10
基于迁移学习的缺失值插补算法研究_3级_7,符号和定义,基于迁移学习的缺失值插补算法研究_知识点_443,源任务,4,5
基于迁移学习的缺失值插补算法研究_3级_7,符号和定义,基于迁移学习的缺失值插补算法研究_知识点_444,机器学习,4,5
基于迁移学习的缺失值插补算法研究_3级_7,符号和定义,基于迁移学习的缺失值插补算法研究_知识点_445,源领域,4,3
基于迁移学习的缺失值插补算法研究_3级_7,符号和定义,基于迁移学习的缺失值插补算法研究_知识点_446,目标任务,4,3
基于迁移学习的缺失值插补算法研究_3级_7,符号和定义,基于迁移学习的缺失值插补算法研究_知识点_447,边缘概率分布,4,3
基于迁移学习的缺失值插补算法研究_3级_7,符号和定义,基于迁移学习的缺失值插补算法研究_知识点_448,特征空间,4,3
基于迁移学习的缺失值插补算法研究_3级_7,符号和定义,基于迁移学习的缺失值插补算法研究_知识点_449,归纳式迁移,4,2
基于迁移学习的缺失值插补算法研究_3级_7,符号和定义,基于迁移学习的缺失值插补算法研究_知识点_450,直推式迁移学习,4,2
基于迁移学习的缺失值插补算法研究_3级_7,符号和定义,基于迁移学习的缺失值插补算法研究_知识点_451,无监督迁移学习,4,2
基于迁移学习的缺失值插补算法研究_3级_7,符号和定义,基于迁移学习的缺失值插补算法研究_知识点_452,目标,4,2
基于迁移学习的缺失值插补算法研究_3级_7,符号和定义,基于迁移学习的缺失值插补算法研究_知识点_453,转导迁移学习,4,1
基于迁移学习的缺失值插补算法研究_3级_7,符号和定义,基于迁移学习的缺失值插补算法研究_知识点_454,转导式迁移学习,4,1
基于迁移学习的缺失值插补算法研究_3级_7,符号和定义,基于迁移学习的缺失值插补算法研究_知识点_455,transductivetransferlearning,4,1
基于迁移学习的缺失值插补算法研究_3级_7,符号和定义,基于迁移学习的缺失值插补算法研究_知识点_456,无监督迁移学,4,1
基于迁移学习的缺失值插补算法研究_3级_7,符号和定义,基于迁移学习的缺失值插补算法研究_知识点_457,unsupervisedtransferlearning,4,1
基于迁移学习的缺失值插补算法研究_3级_7,符号和定义,基于迁移学习的缺失值插补算法研究_知识点_458,分布,4,1
基于迁移学习的缺失值插补算法研究_3级_7,符号和定义,基于迁移学习的缺失值插补算法研究_知识点_459,样本,4,1
基于迁移学习的缺失值插补算法研究_3级_7,符号和定义,基于迁移学习的缺失值插补算法研究_知识点_460,知识,4,1
基于迁移学习的缺失值插补算法研究_3级_7,符号和定义,基于迁移学习的缺失值插补算法研究_知识点_461,标记样本,4,1
基于迁移学习的缺失值插补算法研究_3级_7,符号和定义,基于迁移学习的缺失值插补算法研究_知识点_462,无标签,4,1
基于迁移学习的缺失值插补算法研究_3级_7,符号和定义,基于迁移学习的缺失值插补算法研究_知识点_463,迁移,4,1
基于迁移学习的缺失值插补算法研究_3级_7,符号和定义,基于迁移学习的缺失值插补算法研究_知识点_464,目标领域,4,1
基于迁移学习的缺失值插补算法研究_3级_7,符号和定义,基于迁移学习的缺失值插补算法研究_知识点_465,inductivetransferlearning,4,1
基于迁移学习的缺失值插补算法研究_3级_7,符号和定义,基于迁移学习的缺失值插补算法研究_知识点_466,归纳式迁移学习,4,1
基于迁移学习的缺失值插补算法研究_3级_7,符号和定义,基于迁移学习的缺失值插补算法研究_知识点_467,机器学习算法,4,1
基于迁移学习的缺失值插补算法研究_3级_7,符号和定义,基于迁移学习的缺失值插补算法研究_知识点_468,归纳式,4,1
基于迁移学习的缺失值插补算法研究_3级_7,符号和定义,基于迁移学习的缺失值插补算法研究_知识点_469,和目标任,4,1
基于迁移学习的缺失值插补算法研究_3级_7,符号和定义,基于迁移学习的缺失值插补算法研究_知识点_470,机器学习模型,4,1
基于迁移学习的缺失值插补算法研究_3级_7,符号和定义,基于迁移学习的缺失值插补算法研究_知识点_471,数据,4,1
基于迁移学习的缺失值插补算法研究_3级_7,符号和定义,基于迁移学习的缺失值插补算法研究_知识点_472,目标预测函数,4,1
基于迁移学习的缺失值插补算法研究_3级_7,符号和定义,基于迁移学习的缺失值插补算法研究_知识点_473,标签空间,4,1
基于迁移学习的缺失值插补算法研究_3级_7,符号和定义,基于迁移学习的缺失值插补算法研究_知识点_474,task,4,1
基于迁移学习的缺失值插补算法研究_3级_7,符号和定义,基于迁移学习的缺失值插补算法研究_知识点_475,任务,4,1
基于迁移学习的缺失值插补算法研究_3级_7,符号和定义,基于迁移学习的缺失值插补算法研究_知识点_476,空间,4,1
基于迁移学习的缺失值插补算法研究_3级_7,符号和定义,基于迁移学习的缺失值插补算法研究_知识点_477,数据集,4,1
基于迁移学习的缺失值插补算法研究_3级_7,符号和定义,基于迁移学习的缺失值插补算法研究_知识点_478,domain,4,1
基于迁移学习的缺失值插补算法研究_3级_7,符号和定义,基于迁移学习的缺失值插补算法研究_知识点_479,辅助,4,1
基于迁移学习的缺失值插补算法研究_3级_7,符号和定义,基于迁移学习的缺失值插补算法研究_知识点_480,source,4,1
基于迁移学习的缺失值插补算法研究_3级_7,符号和定义,基于迁移学习的缺失值插补算法研究_知识点_481,信息,4,1
基于迁移学习的缺失值插补算法研究_3级_7,符号和定义,基于迁移学习的缺失值插补算法研究_知识点_482,label,4,1
基于迁移学习的缺失值插补算法研究_3级_7,符号和定义,基于迁移学习的缺失值插补算法研究_知识点_483,标签,4,1
基于迁移学习的缺失值插补算法研究_3级_7,符号和定义,基于迁移学习的缺失值插补算法研究_知识点_484,分类器训练,4,1
基于迁移学习的缺失值插补算法研究_3级_7,符号和定义,基于迁移学习的缺失值插补算法研究_知识点_485,符号,4,1
基于迁移学习的缺失值插补算法研究_3级_8,迁移学习的迁移方式,基于迁移学习的缺失值插补算法研究_知识点_486,迁移学习,4,25
基于迁移学习的缺失值插补算法研究_3级_8,迁移学习的迁移方式,基于迁移学习的缺失值插补算法研究_知识点_487,数据集,4,5
基于迁移学习的缺失值插补算法研究_3级_8,迁移学习的迁移方式,基于迁移学习的缺失值插补算法研究_知识点_488,特征,4,5
基于迁移学习的缺失值插补算法研究_3级_8,迁移学习的迁移方式,基于迁移学习的缺失值插补算法研究_知识点_489,数据,4,5
基于迁移学习的缺失值插补算法研究_3级_8,迁移学习的迁移方式,基于迁移学习的缺失值插补算法研究_知识点_490,关系,4,4
基于迁移学习的缺失值插补算法研究_3级_8,迁移学习的迁移方式,基于迁移学习的缺失值插补算法研究_知识点_491,参数,4,4
基于迁移学习的缺失值插补算法研究_3级_8,迁移学习的迁移方式,基于迁移学习的缺失值插补算法研究_知识点_492,目标域,4,4
基于迁移学习的缺失值插补算法研究_3级_8,迁移学习的迁移方式,基于迁移学习的缺失值插补算法研究_知识点_493,学习模型,4,4
基于迁移学习的缺失值插补算法研究_3级_8,迁移学习的迁移方式,基于迁移学习的缺失值插补算法研究_知识点_494,领域,4,4
基于迁移学习的缺失值插补算法研究_3级_8,迁移学习的迁移方式,基于迁移学习的缺失值插补算法研究_知识点_495,迁移,4,4
基于迁移学习的缺失值插补算法研究_3级_8,迁移学习的迁移方式,基于迁移学习的缺失值插补算法研究_知识点_496,源域,4,3
基于迁移学习的缺失值插补算法研究_3级_8,迁移学习的迁移方式,基于迁移学习的缺失值插补算法研究_知识点_497,模型,4,3
基于迁移学习的缺失值插补算法研究_3级_8,迁移学习的迁移方式,基于迁移学习的缺失值插补算法研究_知识点_498,图片,4,3
基于迁移学习的缺失值插补算法研究_3级_8,迁移学习的迁移方式,基于迁移学习的缺失值插补算法研究_知识点_499,目标领域,4,3
基于迁移学习的缺失值插补算法研究_3级_8,迁移学习的迁移方式,基于迁移学习的缺失值插补算法研究_知识点_500,航空技能,4,2
基于迁移学习的缺失值插补算法研究_3级_8,迁移学习的迁移方式,基于迁移学习的缺失值插补算法研究_知识点_501,赛车技能,4,2
基于迁移学习的缺失值插补算法研究_3级_8,迁移学习的迁移方式,基于迁移学习的缺失值插补算法研究_知识点_502,目标数据集,4,2
基于迁移学习的缺失值插补算法研究_3级_8,迁移学习的迁移方式,基于迁移学习的缺失值插补算法研究_知识点_503,飞行员,4,2
基于迁移学习的缺失值插补算法研究_3级_8,迁移学习的迁移方式,基于迁移学习的缺失值插补算法研究_知识点_504,赛车手,4,2
基于迁移学习的缺失值插补算法研究_3级_8,迁移学习的迁移方式,基于迁移学习的缺失值插补算法研究_知识点_505,先验参数信息,4,2
基于迁移学习的缺失值插补算法研究_3级_8,迁移学习的迁移方式,基于迁移学习的缺失值插补算法研究_知识点_506,特征迁移学习,4,2
基于迁移学习的缺失值插补算法研究_3级_8,迁移学习的迁移方式,基于迁移学习的缺失值插补算法研究_知识点_507,文本,4,2
基于迁移学习的缺失值插补算法研究_3级_8,迁移学习的迁移方式,基于迁移学习的缺失值插补算法研究_知识点_508,源领域,4,2
基于迁移学习的缺失值插补算法研究_3级_8,迁移学习的迁移方式,基于迁移学习的缺失值插补算法研究_知识点_509,迁移效率,4,1
基于迁移学习的缺失值插补算法研究_3级_8,迁移学习的迁移方式,基于迁移学习的缺失值插补算法研究_知识点_510,空间,4,1
基于迁移学习的缺失值插补算法研究_3级_8,迁移学习的迁移方式,基于迁移学习的缺失值插补算法研究_知识点_511,分布,4,1
基于迁移学习的缺失值插补算法研究_3级_8,迁移学习的迁移方式,基于迁移学习的缺失值插补算法研究_知识点_512,提取特征,4,1
基于迁移学习的缺失值插补算法研究_3级_8,迁移学习的迁移方式,基于迁移学习的缺失值插补算法研究_知识点_513,数学,4,1
基于迁移学习的缺失值插补算法研究_3级_8,迁移学习的迁移方式,基于迁移学习的缺失值插补算法研究_知识点_514,图像数据,4,1
基于迁移学习的缺失值插补算法研究_3级_8,迁移学习的迁移方式,基于迁移学习的缺失值插补算法研究_知识点_515,提取,4,1
基于迁移学习的缺失值插补算法研究_3级_8,迁移学习的迁移方式,基于迁移学习的缺失值插补算法研究_知识点_516,图像,4,1
基于迁移学习的缺失值插补算法研究_3级_8,迁移学习的迁移方式,基于迁移学习的缺失值插补算法研究_知识点_517,自然语言处理,4,1
基于迁移学习的缺失值插补算法研究_3级_8,迁移学习的迁移方式,基于迁移学习的缺失值插补算法研究_知识点_518,迁移效,4,1
基于迁移学习的缺失值插补算法研究_3级_8,迁移学习的迁移方式,基于迁移学习的缺失值插补算法研究_知识点_519,源数据集,4,1
基于迁移学习的缺失值插补算法研究_3级_8,迁移学习的迁移方式,基于迁移学习的缺失值插补算法研究_知识点_520,辅助训练,4,1
基于迁移学习的缺失值插补算法研究_3级_8,迁移学习的迁移方式,基于迁移学习的缺失值插补算法研究_知识点_521,源数据,4,1
基于迁移学习的缺失值插补算法研究_3级_8,迁移学习的迁移方式,基于迁移学习的缺失值插补算法研究_知识点_522,目标,4,1
基于迁移学习的缺失值插补算法研究_3级_8,迁移学习的迁移方式,基于迁移学习的缺失值插补算法研究_知识点_523,知识迁移,4,1
基于迁移学习的缺失值插补算法研究_3级_8,迁移学习的迁移方式,基于迁移学习的缺失值插补算法研究_知识点_524,操控,4,1
基于迁移学习的缺失值插补算法研究_3级_8,迁移学习的迁移方式,基于迁移学习的缺失值插补算法研究_知识点_525,机器,4,1
基于迁移学习的缺失值插补算法研究_3级_8,迁移学习的迁移方式,基于迁移学习的缺失值插补算法研究_知识点_526,反应力,4,1
基于迁移学习的缺失值插补算法研究_3级_8,迁移学习的迁移方式,基于迁移学习的缺失值插补算法研究_知识点_527,速度,4,1
基于迁移学习的缺失值插补算法研究_3级_8,迁移学习的迁移方式,基于迁移学习的缺失值插补算法研究_知识点_528,关系知识,4,1
基于迁移学习的缺失值插补算法研究_3级_8,迁移学习的迁移方式,基于迁移学习的缺失值插补算法研究_知识点_529,迁移学,4,1
基于迁移学习的缺失值插补算法研究_3级_8,迁移学习的迁移方式,基于迁移学习的缺失值插补算法研究_知识点_530,分布模型学习,4,1
基于迁移学习的缺失值插补算法研究_3级_8,迁移学习的迁移方式,基于迁移学习的缺失值插补算法研究_知识点_531,领域数据,4,1
基于迁移学习的缺失值插补算法研究_3级_8,迁移学习的迁移方式,基于迁移学习的缺失值插补算法研究_知识点_532,先验分布,4,1
基于迁移学习的缺失值插补算法研究_3级_8,迁移学习的迁移方式,基于迁移学习的缺失值插补算法研究_知识点_533,参数迁移,4,1
基于迁移学习的缺失值插补算法研究_3级_8,迁移学习的迁移方式,基于迁移学习的缺失值插补算法研究_知识点_534,迁移学习技术,4,1
基于迁移学习的缺失值插补算法研究_3级_8,迁移学习的迁移方式,基于迁移学习的缺失值插补算法研究_知识点_535,实例迁移学习,4,1
基于迁移学习的缺失值插补算法研究_3级_8,迁移学习的迁移方式,基于迁移学习的缺失值插补算法研究_知识点_536,数据分布,4,1
基于迁移学习的缺失值插补算法研究_3级_8,迁移学习的迁移方式,基于迁移学习的缺失值插补算法研究_知识点_537,函数,4,1
基于迁移学习的缺失值插补算法研究_3级_8,迁移学习的迁移方式,基于迁移学习的缺失值插补算法研究_知识点_538,样本,4,1
基于迁移学习的缺失值插补算法研究_3级_8,迁移学习的迁移方式,基于迁移学习的缺失值插补算法研究_知识点_539,特征变换,4,1
基于迁移学习的缺失值插补算法研究_3级_8,迁移学习的迁移方式,基于迁移学习的缺失值插补算法研究_知识点_540,机器翻译,4,1
基于迁移学习的缺失值插补算法研究_3级_8,迁移学习的迁移方式,基于迁移学习的缺失值插补算法研究_知识点_541,标签,4,1
基于迁移学习的缺失值插补算法研究_3级_8,迁移学习的迁移方式,基于迁移学习的缺失值插补算法研究_知识点_542,特征空间,4,1
基于迁移学习的缺失值插补算法研究_3级_8,迁移学习的迁移方式,基于迁移学习的缺失值插补算法研究_知识点_543,argminjq,4,1
基于迁移学习的缺失值插补算法研究_3级_8,迁移学习的迁移方式,基于迁移学习的缺失值插补算法研究_知识点_544,源域数据分布,4,1
基于迁移学习的缺失值插补算法研究_3级_8,迁移学习的迁移方式,基于迁移学习的缺失值插补算法研究_知识点_545,文本形,4,1
基于迁移学习的缺失值插补算法研究_3级_8,迁移学习的迁移方式,基于迁移学习的缺失值插补算法研究_知识点_546,负迁移现象,4,1
基于迁移学习的缺失值插补算法研究_3级_8,迁移学习的迁移方式,基于迁移学习的缺失值插补算法研究_知识点_547,加权赋值,4,1
基于迁移学习的缺失值插补算法研究_3级_8,迁移学习的迁移方式,基于迁移学习的缺失值插补算法研究_知识点_548,源领域数据,4,1
基于迁移学习的缺失值插补算法研究_3级_8,迁移学习的迁移方式,基于迁移学习的缺失值插补算法研究_知识点_549,task,4,1
基于迁移学习的缺失值插补算法研究_3级_8,迁移学习的迁移方式,基于迁移学习的缺失值插补算法研究_知识点_550,任务,4,1
基于迁移学习的缺失值插补算法研究_3级_8,迁移学习的迁移方式,基于迁移学习的缺失值插补算法研究_知识点_551,domain,4,1
基于迁移学习的缺失值插补算法研究_3级_8,迁移学习的迁移方式,基于迁移学习的缺失值插补算法研究_知识点_552,基本维度域,4,1
基于迁移学习的缺失值插补算法研究_3级_9,基于实例的迁移学习,基于迁移学习的缺失值插补算法研究_知识点_553,tradaboost算法,4,5
基于迁移学习的缺失值插补算法研究_3级_9,基于实例的迁移学习,基于迁移学习的缺失值插补算法研究_知识点_554,数据集,4,5
基于迁移学习的缺失值插补算法研究_3级_9,基于实例的迁移学习,基于迁移学习的缺失值插补算法研究_知识点_555,迁移学习,4,4
基于迁移学习的缺失值插补算法研究_3级_9,基于实例的迁移学习,基于迁移学习的缺失值插补算法研究_知识点_556,分类器,4,3
基于迁移学习的缺失值插补算法研究_3级_9,基于实例的迁移学习,基于迁移学习的缺失值插补算法研究_知识点_557,源训练数据集,4,3
基于迁移学习的缺失值插补算法研究_3级_9,基于实例的迁移学习,基于迁移学习的缺失值插补算法研究_知识点_558,目标数据集,4,3
基于迁移学习的缺失值插补算法研究_3级_9,基于实例的迁移学习,基于迁移学习的缺失值插补算法研究_知识点_559,样本,4,3
基于迁移学习的缺失值插补算法研究_3级_9,基于实例的迁移学习,基于迁移学习的缺失值插补算法研究_知识点_560,错误率,4,2
基于迁移学习的缺失值插补算法研究_3级_9,基于实例的迁移学习,基于迁移学习的缺失值插补算法研究_知识点_561,分布,4,2
基于迁移学习的缺失值插补算法研究_3级_9,基于实例的迁移学习,基于迁移学习的缺失值插补算法研究_知识点_562,目标训练数据集,4,2
基于迁移学习的缺失值插补算法研究_3级_9,基于实例的迁移学习,基于迁移学习的缺失值插补算法研究_知识点_563,特征向量,4,2
基于迁移学习的缺失值插补算法研究_3级_9,基于实例的迁移学习,基于迁移学习的缺失值插补算法研究_知识点_564,源数据集,4,2
基于迁移学习的缺失值插补算法研究_3级_9,基于实例的迁移学习,基于迁移学习的缺失值插补算法研究_知识点_565,权重,4,2
基于迁移学习的缺失值插补算法研究_3级_9,基于实例的迁移学习,基于迁移学习的缺失值插补算法研究_知识点_566,输出模型,4,1
基于迁移学习的缺失值插补算法研究_3级_9,基于实例的迁移学习,基于迁移学习的缺失值插补算法研究_知识点_567,权重向量,4,1
基于迁移学习的缺失值插补算法研究_3级_9,基于实例的迁移学习,基于迁移学习的缺失值插补算法研究_知识点_568,权重分布,4,1
基于迁移学习的缺失值插补算法研究_3级_9,基于实例的迁移学习,基于迁移学习的缺失值插补算法研究_知识点_569,learner,4,1
基于迁移学习的缺失值插补算法研究_3级_9,基于实例的迁移学习,基于迁移学习的缺失值插补算法研究_知识点_570,初始向量权重,4,1
基于迁移学习的缺失值插补算法研究_3级_9,基于实例的迁移学习,基于迁移学习的缺失值插补算法研究_知识点_571,初始化,4,1
基于迁移学习的缺失值插补算法研究_3级_9,基于实例的迁移学习,基于迁移学习的缺失值插补算法研究_知识点_572,弱学习器,4,1
基于迁移学习的缺失值插补算法研究_3级_9,基于实例的迁移学习,基于迁移学习的缺失值插补算法研究_知识点_573,测试集,4,1
基于迁移学习的缺失值插补算法研究_3级_9,基于实例的迁移学习,基于迁移学习的缺失值插补算法研究_知识点_574,分类误差,4,1
基于迁移学习的缺失值插补算法研究_3级_9,基于实例的迁移学习,基于迁移学习的缺失值插补算法研究_知识点_575,测试数据集,4,1
基于迁移学习的缺失值插补算法研究_3级_9,基于实例的迁移学习,基于迁移学习的缺失值插补算法研究_知识点_576,辅助训练数据,4,1
基于迁移学习的缺失值插补算法研究_3级_9,基于实例的迁移学习,基于迁移学习的缺失值插补算法研究_知识点_577,测试数据,4,1
基于迁移学习的缺失值插补算法研究_3级_9,基于实例的迁移学习,基于迁移学习的缺失值插补算法研究_知识点_578,元素,4,1
基于迁移学习的缺失值插补算法研究_3级_9,基于实例的迁移学习,基于迁移学习的缺失值插补算法研究_知识点_579,标签,4,1
基于迁移学习的缺失值插补算法研究_3级_9,基于实例的迁移学习,基于迁移学习的缺失值插补算法研究_知识点_580,分类模型,4,1
基于迁移学习的缺失值插补算法研究_3级_9,基于实例的迁移学习,基于迁移学习的缺失值插补算法研究_知识点_581,样本权重,4,1
基于迁移学习的缺失值插补算法研究_3级_9,基于实例的迁移学习,基于迁移学习的缺失值插补算法研究_知识点_582,标数据集,4,1
基于迁移学习的缺失值插补算法研究_3级_9,基于实例的迁移学习,基于迁移学习的缺失值插补算法研究_知识点_583,目标数据,4,1
基于迁移学习的缺失值插补算法研究_3级_9,基于实例的迁移学习,基于迁移学习的缺失值插补算法研究_知识点_584,源数据,4,1
基于迁移学习的缺失值插补算法研究_3级_9,基于实例的迁移学习,基于迁移学习的缺失值插补算法研究_知识点_585,权重迭代机制,4,1
基于迁移学习的缺失值插补算法研究_3级_9,基于实例的迁移学习,基于迁移学习的缺失值插补算法研究_知识点_586,adaboost,4,1
基于迁移学习的缺失值插补算法研究_3级_9,基于实例的迁移学习,基于迁移学习的缺失值插补算法研究_知识点_587,adaboost算法,4,1
基于迁移学习的缺失值插补算法研究_3级_9,基于实例的迁移学习,基于迁移学习的缺失值插补算法研究_知识点_588,tradaboost,4,1
基于迁移学习的缺失值插补算法研究_3级_9,基于实例的迁移学习,基于迁移学习的缺失值插补算法研究_知识点_589,迁移学习算法,4,1
基于迁移学习的缺失值插补算法研究_3级_9,基于实例的迁移学习,基于迁移学习的缺失值插补算法研究_知识点_590,性能,4,1
基于迁移学习的缺失值插补算法研究_3级_9,基于实例的迁移学习,基于迁移学习的缺失值插补算法研究_知识点_591,网格类数据,4,1
基于迁移学习的缺失值插补算法研究_3级_9,基于实例的迁移学习,基于迁移学习的缺失值插补算法研究_知识点_592,缺失值插补,4,1
基于迁移学习的缺失值插补算法研究_3级_9,基于实例的迁移学习,基于迁移学习的缺失值插补算法研究_知识点_593,迁移,4,1
基于迁移学习的缺失值插补算法研究_2级_6,迁移学习,基于迁移学习的缺失值插补算法研究_知识点_594,加菲猫,4,4
基于迁移学习的缺失值插补算法研究_2级_6,迁移学习,基于迁移学习的缺失值插补算法研究_知识点_595,机器学习,4,3
基于迁移学习的缺失值插补算法研究_2级_6,迁移学习,基于迁移学习的缺失值插补算法研究_知识点_596,迁移学习,4,3
基于迁移学习的缺失值插补算法研究_2级_6,迁移学习,基于迁移学习的缺失值插补算法研究_知识点_597,识别器,4,2
基于迁移学习的缺失值插补算法研究_2级_6,迁移学习,基于迁移学习的缺失值插补算法研究_知识点_598,普通猫,4,2
基于迁移学习的缺失值插补算法研究_2级_6,迁移学习,基于迁移学习的缺失值插补算法研究_知识点_599,标注数据,4,2
基于迁移学习的缺失值插补算法研究_2级_6,迁移学习,基于迁移学习的缺失值插补算法研究_知识点_600,学习器,4,2
基于迁移学习的缺失值插补算法研究_2级_6,迁移学习,基于迁移学习的缺失值插补算法研究_知识点_601,数据,4,2
基于迁移学习的缺失值插补算法研究_2级_6,迁移学习,基于迁移学习的缺失值插补算法研究_知识点_602,加菲猫图片,4,1
基于迁移学习的缺失值插补算法研究_2级_6,迁移学习,基于迁移学习的缺失值插补算法研究_知识点_603,分类器,4,1
基于迁移学习的缺失值插补算法研究_2级_6,迁移学习,基于迁移学习的缺失值插补算法研究_知识点_604,加菲猫识别器,4,1
基于迁移学习的缺失值插补算法研究_2级_6,迁移学习,基于迁移学习的缺失值插补算法研究_知识点_605,无监督学习性能,4,1
基于迁移学习的缺失值插补算法研究_2级_6,迁移学习,基于迁移学习的缺失值插补算法研究_知识点_606,标注数据集,4,1
基于迁移学习的缺失值插补算法研究_3级_10,经典决策树模型,基于迁移学习的缺失值插补算法研究_知识点_607,分类树,4,5
基于迁移学习的缺失值插补算法研究_3级_10,经典决策树模型,基于迁移学习的缺失值插补算法研究_知识点_608,回归树,4,5
基于迁移学习的缺失值插补算法研究_3级_10,经典决策树模型,基于迁移学习的缺失值插补算法研究_知识点_609,决策树,4,5
基于迁移学习的缺失值插补算法研究_3级_10,经典决策树模型,基于迁移学习的缺失值插补算法研究_知识点_610,节点,4,3
基于迁移学习的缺失值插补算法研究_3级_10,经典决策树模型,基于迁移学习的缺失值插补算法研究_知识点_611,损失函数,4,3
基于迁移学习的缺失值插补算法研究_3级_10,经典决策树模型,基于迁移学习的缺失值插补算法研究_知识点_612,信息增益,4,2
基于迁移学习的缺失值插补算法研究_3级_10,经典决策树模型,基于迁移学习的缺失值插补算法研究_知识点_613,测试样本,4,2
基于迁移学习的缺失值插补算法研究_3级_10,经典决策树模型,基于迁移学习的缺失值插补算法研究_知识点_614,均方误差,4,2
基于迁移学习的缺失值插补算法研究_3级_10,经典决策树模型,基于迁移学习的缺失值插补算法研究_知识点_615,数据集,4,2
基于迁移学习的缺失值插补算法研究_3级_10,经典决策树模型,基于迁移学习的缺失值插补算法研究_知识点_616,叶节点,4,2
基于迁移学习的缺失值插补算法研究_3级_10,经典决策树模型,基于迁移学习的缺失值插补算法研究_知识点_617,cart,4,1
基于迁移学习的缺失值插补算法研究_3级_10,经典决策树模型,基于迁移学习的缺失值插补算法研究_知识点_618,cart算法,4,1
基于迁移学习的缺失值插补算法研究_3级_10,经典决策树模型,基于迁移学习的缺失值插补算法研究_知识点_619,变量,4,1
基于迁移学习的缺失值插补算法研究_3级_10,经典决策树模型,基于迁移学习的缺失值插补算法研究_知识点_620,连续变量,4,1
基于迁移学习的缺失值插补算法研究_3级_10,经典决策树模型,基于迁移学习的缺失值插补算法研究_知识点_621,数据,4,1
基于迁移学习的缺失值插补算法研究_3级_10,经典决策树模型,基于迁移学习的缺失值插补算法研究_知识点_622,样本,4,1
基于迁移学习的缺失值插补算法研究_3级_10,经典决策树模型,基于迁移学习的缺失值插补算法研究_知识点_623,信息增益比,4,1
基于迁移学习的缺失值插补算法研究_3级_10,经典决策树模型,基于迁移学习的缺失值插补算法研究_知识点_624,回归预测值,4,1
基于迁移学习的缺失值插补算法研究_3级_10,经典决策树模型,基于迁移学习的缺失值插补算法研究_知识点_625,节点样本,4,1
基于迁移学习的缺失值插补算法研究_3级_10,经典决策树模型,基于迁移学习的缺失值插补算法研究_知识点_626,输入空间,4,1
基于迁移学习的缺失值插补算法研究_3级_10,经典决策树模型,基于迁移学习的缺失值插补算法研究_知识点_627,停止条件,4,1
基于迁移学习的缺失值插补算法研究_3级_10,经典决策树模型,基于迁移学习的缺失值插补算法研究_知识点_628,awfjxerm,4,1
基于迁移学习的缺失值插补算法研究_3级_10,经典决策树模型,基于迁移学习的缺失值插补算法研究_知识点_629,输出,4,1
基于迁移学习的缺失值插补算法研究_3级_10,经典决策树模型,基于迁移学习的缺失值插补算法研究_知识点_630,扫描,4,1
基于迁移学习的缺失值插补算法研究_3级_10,经典决策树模型,基于迁移学习的缺失值插补算法研究_知识点_631,切分点,4,1
基于迁移学习的缺失值插补算法研究_3级_10,经典决策树模型,基于迁移学习的缺失值插补算法研究_知识点_632,最优切分变量,4,1
基于迁移学习的缺失值插补算法研究_3级_10,经典决策树模型,基于迁移学习的缺失值插补算法研究_知识点_633,二叉树,4,1
基于迁移学习的缺失值插补算法研究_3级_10,经典决策树模型,基于迁移学习的缺失值插补算法研究_知识点_634,子区域,4,1
基于迁移学习的缺失值插补算法研究_3级_10,经典决策树模型,基于迁移学习的缺失值插补算法研究_知识点_635,训练数据集,4,1
基于迁移学习的缺失值插补算法研究_3级_10,经典决策树模型,基于迁移学习的缺失值插补算法研究_知识点_636,树形,4,1
基于迁移学习的缺失值插补算法研究_3级_10,经典决策树模型,基于迁移学习的缺失值插补算法研究_知识点_637,标签,4,1
基于迁移学习的缺失值插补算法研究_3级_10,经典决策树模型,基于迁移学习的缺失值插补算法研究_知识点_638,数量,4,1
基于迁移学习的缺失值插补算法研究_3级_10,经典决策树模型,基于迁移学习的缺失值插补算法研究_知识点_639,特征向量,4,1
基于迁移学习的缺失值插补算法研究_3级_10,经典决策树模型,基于迁移学习的缺失值插补算法研究_知识点_640,训练集,4,1
基于迁移学习的缺失值插补算法研究_3级_10,经典决策树模型,基于迁移学习的缺失值插补算法研究_知识点_641,分布,4,1
基于迁移学习的缺失值插补算法研究_3级_10,经典决策树模型,基于迁移学习的缺失值插补算法研究_知识点_642,数据样本,4,1
基于迁移学习的缺失值插补算法研究_3级_10,经典决策树模型,基于迁移学习的缺失值插补算法研究_知识点_643,数据流,4,1
基于迁移学习的缺失值插补算法研究_3级_10,经典决策树模型,基于迁移学习的缺失值插补算法研究_知识点_644,非参数算法,4,1
基于迁移学习的缺失值插补算法研究_3级_10,经典决策树模型,基于迁移学习的缺失值插补算法研究_知识点_645,决策树算法,4,1
基于迁移学习的缺失值插补算法研究_3级_10,经典决策树模型,基于迁移学习的缺失值插补算法研究_知识点_646,决策树模型,4,1
基于迁移学习的缺失值插补算法研究_3级_11,集成树模型XGBoost,基于迁移学习的缺失值插补算法研究_知识点_647,残差,4,7
基于迁移学习的缺失值插补算法研究_3级_11,集成树模型XGBoost,基于迁移学习的缺失值插补算法研究_知识点_648,xgboost,4,6
基于迁移学习的缺失值插补算法研究_3级_11,集成树模型XGBoost,基于迁移学习的缺失值插补算法研究_知识点_649,损失函数,4,5
基于迁移学习的缺失值插补算法研究_3级_11,集成树模型XGBoost,基于迁移学习的缺失值插补算法研究_知识点_650,树模型,4,5
基于迁移学习的缺失值插补算法研究_3级_11,集成树模型XGBoost,基于迁移学习的缺失值插补算法研究_知识点_651,回归树,4,4
基于迁移学习的缺失值插补算法研究_3级_11,集成树模型XGBoost,基于迁移学习的缺失值插补算法研究_知识点_652,均值,4,3
基于迁移学习的缺失值插补算法研究_3级_11,集成树模型XGBoost,基于迁移学习的缺失值插补算法研究_知识点_653,样本,4,3
基于迁移学习的缺失值插补算法研究_3级_11,集成树模型XGBoost,基于迁移学习的缺失值插补算法研究_知识点_654,弱学习器,4,3
基于迁移学习的缺失值插补算法研究_3级_11,集成树模型XGBoost,基于迁移学习的缺失值插补算法研究_知识点_655,算法,4,2
基于迁移学习的缺失值插补算法研究_3级_11,集成树模型XGBoost,基于迁移学习的缺失值插补算法研究_知识点_656,梯度,4,2
基于迁移学习的缺失值插补算法研究_3级_11,集成树模型XGBoost,基于迁移学习的缺失值插补算法研究_知识点_657,结点,4,2
基于迁移学习的缺失值插补算法研究_3级_11,集成树模型XGBoost,基于迁移学习的缺失值插补算法研究_知识点_658,初始化,4,2
基于迁移学习的缺失值插补算法研究_3级_11,集成树模型XGBoost,基于迁移学习的缺失值插补算法研究_知识点_659,梯度提升算法,4,2
基于迁移学习的缺失值插补算法研究_3级_11,集成树模型XGBoost,基于迁移学习的缺失值插补算法研究_知识点_660,决策树,4,2
基于迁移学习的缺失值插补算法研究_3级_11,集成树模型XGBoost,基于迁移学习的缺失值插补算法研究_知识点_661,训练集,4,2
基于迁移学习的缺失值插补算法研究_3级_11,集成树模型XGBoost,基于迁移学习的缺失值插补算法研究_知识点_662,gradient,4,2
基于迁移学习的缺失值插补算法研究_3级_11,集成树模型XGBoost,基于迁移学习的缺失值插补算法研究_知识点_663,boosting,4,2
基于迁移学习的缺失值插补算法研究_3级_11,集成树模型XGBoost,基于迁移学习的缺失值插补算法研究_知识点_664,boosting算法,4,2
基于迁移学习的缺失值插补算法研究_3级_11,集成树模型XGBoost,基于迁移学习的缺失值插补算法研究_知识点_665,步更新回归树,4,1
基于迁移学习的缺失值插补算法研究_3级_11,集成树模型XGBoost,基于迁移学习的缺失值插补算法研究_知识点_666,优化算法,4,1
基于迁移学习的缺失值插补算法研究_3级_11,集成树模型XGBoost,基于迁移学习的缺失值插补算法研究_知识点_667,回归树叶结点区域,4,1
基于迁移学习的缺失值插补算法研究_3级_11,集成树模型XGBoost,基于迁移学习的缺失值插补算法研究_知识点_668,b步,4,1
基于迁移学习的缺失值插补算法研究_3级_11,集成树模型XGBoost,基于迁移学习的缺失值插补算法研究_知识点_669,模型残差,4,1
基于迁移学习的缺失值插补算法研究_3级_11,集成树模型XGBoost,基于迁移学习的缺失值插补算法研究_知识点_670,梯度负值,4,1
基于迁移学习的缺失值插补算法研究_3级_11,集成树模型XGBoost,基于迁移学习的缺失值插补算法研究_知识点_671,根节点,4,1
基于迁移学习的缺失值插补算法研究_3级_11,集成树模型XGBoost,基于迁移学习的缺失值插补算法研究_知识点_672,负梯度,4,1
基于迁移学习的缺失值插补算法研究_3级_11,集成树模型XGBoost,基于迁移学习的缺失值插补算法研究_知识点_673,boosting训练器,4,1
基于迁移学习的缺失值插补算法研究_3级_11,集成树模型XGBoost,基于迁移学习的缺失值插补算法研究_知识点_674,梯度下降,4,1
基于迁移学习的缺失值插补算法研究_3级_11,集成树模型XGBoost,基于迁移学习的缺失值插补算法研究_知识点_675,决策树模型,4,1
基于迁移学习的缺失值插补算法研究_3级_11,集成树模型XGBoost,基于迁移学习的缺失值插补算法研究_知识点_676,标签值,4,1
基于迁移学习的缺失值插补算法研究_3级_11,集成树模型XGBoost,基于迁移学习的缺失值插补算法研究_知识点_677,集成决策树模型,4,1
基于迁移学习的缺失值插补算法研究_3级_11,集成树模型XGBoost,基于迁移学习的缺失值插补算法研究_知识点_678,子结点,4,1
基于迁移学习的缺失值插补算法研究_3级_11,集成树模型XGBoost,基于迁移学习的缺失值插补算法研究_知识点_679,左结点,4,1
基于迁移学习的缺失值插补算法研究_3级_11,集成树模型XGBoost,基于迁移学习的缺失值插补算法研究_知识点_680,mj,4,1
基于迁移学习的缺失值插补算法研究_3级_11,集成树模型XGBoost,基于迁移学习的缺失值插补算法研究_知识点_681,上供工,4,1
基于迁移学习的缺失值插补算法研究_3级_11,集成树模型XGBoost,基于迁移学习的缺失值插补算法研究_知识点_682,argmm,4,1
基于迁移学习的缺失值插补算法研究_3级_11,集成树模型XGBoost,基于迁移学习的缺失值插补算法研究_知识点_683,cmj,4,1
基于迁移学习的缺失值插补算法研究_3级_11,集成树模型XGBoost,基于迁移学习的缺失值插补算法研究_知识点_684,叶结点,4,1
基于迁移学习的缺失值插补算法研究_3级_11,集成树模型XGBoost,基于迁移学习的缺失值插补算法研究_知识点_685,yi,4,1
基于迁移学习的缺失值插补算法研究_3级_11,集成树模型XGBoost,基于迁移学习的缺失值插补算法研究_知识点_686,训练数据集,4,1
基于迁移学习的缺失值插补算法研究_3级_11,集成树模型XGBoost,基于迁移学习的缺失值插补算法研究_知识点_687,数据,4,1
基于迁移学习的缺失值插补算法研究_3级_11,集成树模型XGBoost,基于迁移学习的缺失值插补算法研究_知识点_688,数据标签,4,1
基于迁移学习的缺失值插补算法研究_3级_11,集成树模型XGBoost,基于迁移学习的缺失值插补算法研究_知识点_689,节点,4,1
基于迁移学习的缺失值插补算法研究_3级_11,集成树模型XGBoost,基于迁移学习的缺失值插补算法研究_知识点_690,label,4,1
基于迁移学习的缺失值插补算法研究_3级_11,集成树模型XGBoost,基于迁移学习的缺失值插补算法研究_知识点_691,数据集,4,1
基于迁移学习的缺失值插补算法研究_3级_11,集成树模型XGBoost,基于迁移学习的缺失值插补算法研究_知识点_692,元素,4,1
基于迁移学习的缺失值插补算法研究_3级_11,集成树模型XGBoost,基于迁移学习的缺失值插补算法研究_知识点_693,预测值,4,1
基于迁移学习的缺失值插补算法研究_3级_11,集成树模型XGBoost,基于迁移学习的缺失值插补算法研究_知识点_694,ing,4,1
基于迁移学习的缺失值插补算法研究_3级_11,集成树模型XGBoost,基于迁移学习的缺失值插补算法研究_知识点_695,xgboost算法,4,1
基于迁移学习的缺失值插补算法研究_3级_11,集成树模型XGBoost,基于迁移学习的缺失值插补算法研究_知识点_696,残差拟合,4,1
基于迁移学习的缺失值插补算法研究_3级_11,集成树模型XGBoost,基于迁移学习的缺失值插补算法研究_知识点_697,dt,4,1
基于迁移学习的缺失值插补算法研究_3级_11,集成树模型XGBoost,基于迁移学习的缺失值插补算法研究_知识点_698,bias,4,1
基于迁移学习的缺失值插补算法研究_3级_11,集成树模型XGBoost,基于迁移学习的缺失值插补算法研究_知识点_699,偏差,4,1
基于迁移学习的缺失值插补算法研究_3级_11,集成树模型XGBoost,基于迁移学习的缺失值插补算法研究_知识点_700,强学习器,4,1
基于迁移学习的缺失值插补算法研究_3级_11,集成树模型XGBoost,基于迁移学习的缺失值插补算法研究_知识点_701,cart,4,1
基于迁移学习的缺失值插补算法研究_3级_11,集成树模型XGBoost,基于迁移学习的缺失值插补算法研究_知识点_702,强分类器,4,1
基于迁移学习的缺失值插补算法研究_3级_11,集成树模型XGBoost,基于迁移学习的缺失值插补算法研究_知识点_703,弱分类器,4,1
基于迁移学习的缺失值插补算法研究_3级_11,集成树模型XGBoost,基于迁移学习的缺失值插补算法研究_知识点_704,extremegradientboosting,4,1
基于迁移学习的缺失值插补算法研究_3级_11,集成树模型XGBoost,基于迁移学习的缺失值插补算法研究_知识点_705,集成树模型,4,1
基于迁移学习的缺失值插补算法研究_2级_7,决策树模型,基于迁移学习的缺失值插补算法研究_知识点_706,决策树模型,4,3
基于迁移学习的缺失值插补算法研究_2级_7,决策树模型,基于迁移学习的缺失值插补算法研究_知识点_707,tradaboost算法,4,1
基于迁移学习的缺失值插补算法研究_3级_12,AUC,基于迁移学习的缺失值插补算法研究_知识点_708,roc曲线,4,9
基于迁移学习的缺失值插补算法研究_3级_12,AUC,基于迁移学习的缺失值插补算法研究_知识点_709,样本,4,6
基于迁移学习的缺失值插补算法研究_3级_12,AUC,基于迁移学习的缺失值插补算法研究_知识点_710,正样本,4,5
基于迁移学习的缺失值插补算法研究_3级_12,AUC,基于迁移学习的缺失值插补算法研究_知识点_711,概率,4,5
基于迁移学习的缺失值插补算法研究_3级_12,AUC,基于迁移学习的缺失值插补算法研究_知识点_712,混淆矩阵,4,4
基于迁移学习的缺失值插补算法研究_3级_12,AUC,基于迁移学习的缺失值插补算法研究_知识点_713,rank,4,3
基于迁移学习的缺失值插补算法研究_3级_12,AUC,基于迁移学习的缺失值插补算法研究_知识点_714,score,4,3
基于迁移学习的缺失值插补算法研究_3级_12,AUC,基于迁移学习的缺失值插补算法研究_知识点_715,负样本,4,3
基于迁移学习的缺失值插补算法研究_3级_12,AUC,基于迁移学习的缺失值插补算法研究_知识点_716,ore,4,3
基于迁移学习的缺失值插补算法研究_3级_12,AUC,基于迁移学习的缺失值插补算法研究_知识点_717,auc,4,3
基于迁移学习的缺失值插补算法研究_3级_12,AUC,基于迁移学习的缺失值插补算法研究_知识点_718,pr,4,3
基于迁移学习的缺失值插补算法研究_3级_12,AUC,基于迁移学习的缺失值插补算法研究_知识点_719,召回率,4,2
基于迁移学习的缺失值插补算法研究_3级_12,AUC,基于迁移学习的缺失值插补算法研究_知识点_720,精确率,4,2
基于迁移学习的缺失值插补算法研究_3级_12,AUC,基于迁移学习的缺失值插补算法研究_知识点_721,mxn,4,2
基于迁移学习的缺失值插补算法研究_3级_12,AUC,基于迁移学习的缺失值插补算法研究_知识点_722,面积,4,2
基于迁移学习的缺失值插补算法研究_3级_12,AUC,基于迁移学习的缺失值插补算法研究_知识点_723,阈值,4,2
基于迁移学习的缺失值插补算法研究_3级_12,AUC,基于迁移学习的缺失值插补算法研究_知识点_724,真阳率,4,2
基于迁移学习的缺失值插补算法研究_3级_12,AUC,基于迁移学习的缺失值插补算法研究_知识点_725,假阳率,4,2
基于迁移学习的缺失值插补算法研究_3级_12,AUC,基于迁移学习的缺失值插补算法研究_知识点_726,不下雨,4,2
基于迁移学习的缺失值插补算法研究_3级_12,AUC,基于迁移学习的缺失值插补算法研究_知识点_727,曲线,4,2
基于迁移学习的缺失值插补算法研究_3级_12,AUC,基于迁移学习的缺失值插补算法研究_知识点_728,fpscore,4,1
基于迁移学习的缺失值插补算法研究_3级_12,AUC,基于迁移学习的缺失值插补算法研究_知识点_729,片病,4,1
基于迁移学习的缺失值插补算法研究_3级_12,AUC,基于迁移学习的缺失值插补算法研究_知识点_730,p-ecisi,4,1
基于迁移学习的缺失值插补算法研究_3级_12,AUC,基于迁移学习的缺失值插补算法研究_知识点_731,调和平均数,4,1
基于迁移学习的缺失值插补算法研究_3级_12,AUC,基于迁移学习的缺失值插补算法研究_知识点_732,recall,4,1
基于迁移学习的缺失值插补算法研究_3级_12,AUC,基于迁移学习的缺失值插补算法研究_知识点_733,precision,4,1
基于迁移学习的缺失值插补算法研究_3级_12,AUC,基于迁移学习的缺失值插补算法研究_知识点_734,re,4,1
基于迁移学习的缺失值插补算法研究_3级_12,AUC,基于迁移学习的缺失值插补算法研究_知识点_735,fx,4,1
基于迁移学习的缺失值插补算法研究_3级_12,AUC,基于迁移学习的缺失值插补算法研究_知识点_736,mql,4,1
基于迁移学习的缺失值插补算法研究_3级_12,AUC,基于迁移学习的缺失值插补算法研究_知识点_737,eispositiveclassrank,4,1
基于迁移学习的缺失值插补算法研究_3级_12,AUC,基于迁移学习的缺失值插补算法研究_知识点_738,数学表达式,4,1
基于迁移学习的缺失值插补算法研究_3级_12,AUC,基于迁移学习的缺失值插补算法研究_知识点_739,负类样本,4,1
基于迁移学习的缺失值插补算法研究_3级_12,AUC,基于迁移学习的缺失值插补算法研究_知识点_740,正类样本,4,1
基于迁移学习的缺失值插补算法研究_3级_12,AUC,基于迁移学习的缺失值插补算法研究_知识点_741,m-1,4,1
基于迁移学习的缺失值插补算法研究_3级_12,AUC,基于迁移学习的缺失值插补算法研究_知识点_742,rank值,4,1
基于迁移学习的缺失值插补算法研究_3级_12,AUC,基于迁移学习的缺失值插补算法研究_知识点_743,概率值,4,1
基于迁移学习的缺失值插补算法研究_3级_12,AUC,基于迁移学习的缺失值插补算法研究_知识点_744,频率,4,1
基于迁移学习的缺失值插补算法研究_3级_12,AUC,基于迁移学习的缺失值插补算法研究_知识点_745,性能,4,1
基于迁移学习的缺失值插补算法研究_3级_12,AUC,基于迁移学习的缺失值插补算法研究_知识点_746,分类算法,4,1
基于迁移学习的缺失值插补算法研究_3级_12,AUC,基于迁移学习的缺失值插补算法研究_知识点_747,正负样本,4,1
基于迁移学习的缺失值插补算法研究_3级_12,AUC,基于迁移学习的缺失值插补算法研究_知识点_748,纵坐标,4,1
基于迁移学习的缺失值插补算法研究_3级_12,AUC,基于迁移学习的缺失值插补算法研究_知识点_749,横坐标,4,1
基于迁移学习的缺失值插补算法研究_3级_12,AUC,基于迁移学习的缺失值插补算法研究_知识点_750,坐标系,4,1
基于迁移学习的缺失值插补算法研究_3级_12,AUC,基于迁移学习的缺失值插补算法研究_知识点_751,类别标签,4,1
基于迁移学习的缺失值插补算法研究_3级_12,AUC,基于迁移学习的缺失值插补算法研究_知识点_752,二分类模型,4,1
基于迁移学习的缺失值插补算法研究_3级_12,AUC,基于迁移学习的缺失值插补算法研究_知识点_753,tpr,4,1
基于迁移学习的缺失值插补算法研究_3级_12,AUC,基于迁移学习的缺失值插补算法研究_知识点_754,fpr,4,1
基于迁移学习的缺失值插补算法研究_3级_12,AUC,基于迁移学习的缺失值插补算法研究_知识点_755,无雨,4,1
基于迁移学习的缺失值插补算法研究_3级_12,AUC,基于迁移学习的缺失值插补算法研究_知识点_756,tptpr,4,1
基于迁移学习的缺失值插补算法研究_3级_12,AUC,基于迁移学习的缺失值插补算法研究_知识点_757,变量,4,1
基于迁移学习的缺失值插补算法研究_3级_12,AUC,基于迁移学习的缺失值插补算法研究_知识点_758,反例,4,1
基于迁移学习的缺失值插补算法研究_3级_12,AUC,基于迁移学习的缺失值插补算法研究_知识点_759,混淆矩阵表,4,1
基于迁移学习的缺失值插补算法研究_3级_12,AUC,基于迁移学习的缺失值插补算法研究_知识点_760,ve,4,1
基于迁移学习的缺失值插补算法研究_3级_12,AUC,基于迁移学习的缺失值插补算法研究_知识点_761,ic,4,1
基于迁移学习的缺失值插补算法研究_3级_12,AUC,基于迁移学习的缺失值插补算法研究_知识点_762,character,4,1
基于迁移学习的缺失值插补算法研究_3级_12,AUC,基于迁移学习的缺失值插补算法研究_知识点_763,receiveroperating,4,1
基于迁移学习的缺失值插补算法研究_3级_12,AUC,基于迁移学习的缺失值插补算法研究_知识点_764,curves,4,1
基于迁移学习的缺失值插补算法研究_3级_12,AUC,基于迁移学习的缺失值插补算法研究_知识点_765,曲线下面积,4,1
基于迁移学习的缺失值插补算法研究_2级_8,评估指标,基于迁移学习的缺失值插补算法研究_知识点_766,分类器,4,2
基于迁移学习的缺失值插补算法研究_2级_8,评估指标,基于迁移学习的缺失值插补算法研究_知识点_767,accuracy,4,2
基于迁移学习的缺失值插补算法研究_2级_8,评估指标,基于迁移学习的缺失值插补算法研究_知识点_768,正样本,4,2
基于迁移学习的缺失值插补算法研究_2级_8,评估指标,基于迁移学习的缺失值插补算法研究_知识点_769,re,4,1
基于迁移学习的缺失值插补算法研究_2级_8,评估指标,基于迁移学习的缺失值插补算法研究_知识点_770,f1,4,1
基于迁移学习的缺失值插补算法研究_2级_8,评估指标,基于迁移学习的缺失值插补算法研究_知识点_771,areaundercurves,4,1
基于迁移学习的缺失值插补算法研究_2级_8,评估指标,基于迁移学习的缺失值插补算法研究_知识点_772,负样本,4,1
基于迁移学习的缺失值插补算法研究_2级_8,评估指标,基于迁移学习的缺失值插补算法研究_知识点_773,样本,4,1
基于迁移学习的缺失值插补算法研究_2级_8,评估指标,基于迁移学习的缺失值插补算法研究_知识点_774,分布比例,4,1
基于迁移学习的缺失值插补算法研究_2级_8,评估指标,基于迁移学习的缺失值插补算法研究_知识点_775,标签,4,1
基于迁移学习的缺失值插补算法研究_2级_8,评估指标,基于迁移学习的缺失值插补算法研究_知识点_776,正负样本,4,1
基于迁移学习的缺失值插补算法研究_2级_8,评估指标,基于迁移学习的缺失值插补算法研究_知识点_777,分类模型,4,1
基于迁移学习的缺失值插补算法研究_2级_8,评估指标,基于迁移学习的缺失值插补算法研究_知识点_778,cy,4,1
基于迁移学习的缺失值插补算法研究_2级_8,评估指标,基于迁移学习的缺失值插补算法研究_知识点_779,性能度量,4,1
基于迁移学习的缺失值插补算法研究_2级_8,评估指标,基于迁移学习的缺失值插补算法研究_知识点_780,泛化能力,4,1
基于迁移学习的缺失值插补算法研究_2级_8,评估指标,基于迁移学习的缺失值插补算法研究_知识点_781,模型,4,1
基于迁移学习的缺失值插补算法研究_2级_8,评估指标,基于迁移学习的缺失值插补算法研究_知识点_782,实验估计,4,1
基于迁移学习的缺失值插补算法研究_2级_8,评估指标,基于迁移学习的缺失值插补算法研究_知识点_783,泛化性能,4,1
基于迁移学习的缺失值插补算法研究_2级_8,评估指标,基于迁移学习的缺失值插补算法研究_知识点_784,学习器,4,1
基于迁移学习的缺失值插补算法研究_2级_8,评估指标,基于迁移学习的缺失值插补算法研究_知识点_785,评估,4,1
基于迁移学习的缺失值插补算法研究_2级_9,本章小结,基于迁移学习的缺失值插补算法研究_知识点_786,fiscore,4,1
基于迁移学习的缺失值插补算法研究_2级_9,本章小结,基于迁移学习的缺失值插补算法研究_知识点_787,评价指,4,1
基于迁移学习的缺失值插补算法研究_2级_9,本章小结,基于迁移学习的缺失值插补算法研究_知识点_788,xgboost算法,4,1
基于迁移学习的缺失值插补算法研究_2级_9,本章小结,基于迁移学习的缺失值插补算法研究_知识点_789,cart模型,4,1
基于迁移学习的缺失值插补算法研究_2级_9,本章小结,基于迁移学习的缺失值插补算法研究_知识点_790,回归树,4,1
基于迁移学习的缺失值插补算法研究_2级_9,本章小结,基于迁移学习的缺失值插补算法研究_知识点_791,分类树,4,1
基于迁移学习的缺失值插补算法研究_2级_9,本章小结,基于迁移学习的缺失值插补算法研究_知识点_792,决策树模型,4,1
基于迁移学习的缺失值插补算法研究_2级_9,本章小结,基于迁移学习的缺失值插补算法研究_知识点_793,决策树,4,1
基于迁移学习的缺失值插补算法研究_2级_9,本章小结,基于迁移学习的缺失值插补算法研究_知识点_794,决策树算法,4,1
基于迁移学习的缺失值插补算法研究_2级_9,本章小结,基于迁移学习的缺失值插补算法研究_知识点_795,迁移学习,4,1
基于迁移学习的缺失值插补算法研究_2级_9,本章小结,基于迁移学习的缺失值插补算法研究_知识点_796,迁移学习缺失值插补,4,1
基于迁移学习的缺失值插补算法研究_2级_10,迁移学习缺失值插补算法的构建,基于迁移学习的缺失值插补算法研究_知识点_797,缺失值,4,13
基于迁移学习的缺失值插补算法研究_2级_10,迁移学习缺失值插补算法的构建,基于迁移学习的缺失值插补算法研究_知识点_798,迁移学习,4,10
基于迁移学习的缺失值插补算法研究_2级_10,迁移学习缺失值插补算法的构建,基于迁移学习的缺失值插补算法研究_知识点_799,数据集,4,8
基于迁移学习的缺失值插补算法研究_2级_10,迁移学习缺失值插补算法的构建,基于迁移学习的缺失值插补算法研究_知识点_800,feat,4,4
基于迁移学习的缺失值插补算法研究_2级_10,迁移学习缺失值插补算法的构建,基于迁移学习的缺失值插补算法研究_知识点_801,离散化,4,3
基于迁移学习的缺失值插补算法研究_2级_10,迁移学习缺失值插补算法的构建,基于迁移学习的缺失值插补算法研究_知识点_802,特征列,4,3
基于迁移学习的缺失值插补算法研究_2级_10,迁移学习缺失值插补算法的构建,基于迁移学习的缺失值插补算法研究_知识点_803,相交数据,4,3
基于迁移学习的缺失值插补算法研究_2级_10,迁移学习缺失值插补算法的构建,基于迁移学习的缺失值插补算法研究_知识点_804,源数据集,4,3
基于迁移学习的缺失值插补算法研究_2级_10,迁移学习缺失值插补算法的构建,基于迁移学习的缺失值插补算法研究_知识点_805,源数据,4,3
基于迁移学习的缺失值插补算法研究_2级_10,迁移学习缺失值插补算法的构建,基于迁移学习的缺失值插补算法研究_知识点_806,迁移学习模型,4,3
基于迁移学习的缺失值插补算法研究_2级_10,迁移学习缺失值插补算法的构建,基于迁移学习的缺失值插补算法研究_知识点_807,目标数据,4,3
基于迁移学习的缺失值插补算法研究_2级_10,迁移学习缺失值插补算法的构建,基于迁移学习的缺失值插补算法研究_知识点_808,相交数据集,4,2
基于迁移学习的缺失值插补算法研究_2级_10,迁移学习缺失值插补算法的构建,基于迁移学习的缺失值插补算法研究_知识点_809,tradaboost,4,2
基于迁移学习的缺失值插补算法研究_2级_10,迁移学习缺失值插补算法的构建,基于迁移学习的缺失值插补算法研究_知识点_810,feat列,4,2
基于迁移学习的缺失值插补算法研究_2级_10,迁移学习缺失值插补算法的构建,基于迁移学习的缺失值插补算法研究_知识点_811,插补,4,2
基于迁移学习的缺失值插补算法研究_2级_10,迁移学习缺失值插补算法的构建,基于迁移学习的缺失值插补算法研究_知识点_812,插补缺失值,4,2
基于迁移学习的缺失值插补算法研究_2级_10,迁移学习缺失值插补算法的构建,基于迁移学习的缺失值插补算法研究_知识点_813,数据,4,2
基于迁移学习的缺失值插补算法研究_2级_10,迁移学习缺失值插补算法的构建,基于迁移学习的缺失值插补算法研究_知识点_814,训练数据,4,2
基于迁移学习的缺失值插补算法研究_2级_10,迁移学习缺失值插补算法的构建,基于迁移学习的缺失值插补算法研究_知识点_815,特征,4,2
基于迁移学习的缺失值插补算法研究_2级_10,迁移学习缺失值插补算法的构建,基于迁移学习的缺失值插补算法研究_知识点_816,恢复后数值,4,1
基于迁移学习的缺失值插补算法研究_2级_10,迁移学习缺失值插补算法的构建,基于迁移学习的缺失值插补算法研究_知识点_817,血压,4,1
基于迁移学习的缺失值插补算法研究_2级_10,迁移学习缺失值插补算法的构建,基于迁移学习的缺失值插补算法研究_知识点_818,数值,4,1
基于迁移学习的缺失值插补算法研究_2级_10,迁移学习缺失值插补算法的构建,基于迁移学习的缺失值插补算法研究_知识点_819,离散数值,4,1
基于迁移学习的缺失值插补算法研究_2级_10,迁移学习缺失值插补算法的构建,基于迁移学习的缺失值插补算法研究_知识点_820,离散值,4,1
基于迁移学习的缺失值插补算法研究_2级_10,迁移学习缺失值插补算法的构建,基于迁移学习的缺失值插补算法研究_知识点_821,训练模型,4,1
基于迁移学习的缺失值插补算法研究_2级_10,迁移学习缺失值插补算法的构建,基于迁移学习的缺失值插补算法研究_知识点_822,at,4,1
基于迁移学习的缺失值插补算法研究_2级_10,迁移学习缺失值插补算法的构建,基于迁移学习的缺失值插补算法研究_知识点_823,输入源数据集,4,1
基于迁移学习的缺失值插补算法研究_2级_10,迁移学习缺失值插补算法的构建,基于迁移学习的缺失值插补算法研究_知识点_824,插补流程,4,1
基于迁移学习的缺失值插补算法研究_2级_10,迁移学习缺失值插补算法的构建,基于迁移学习的缺失值插补算法研究_知识点_825,缺失值插补,4,1
基于迁移学习的缺失值插补算法研究_2级_10,迁移学习缺失值插补算法的构建,基于迁移学习的缺失值插补算法研究_知识点_826,缺失,4,1
基于迁移学习的缺失值插补算法研究_2级_10,迁移学习缺失值插补算法的构建,基于迁移学习的缺失值插补算法研究_知识点_827,胆固醇,4,1
基于迁移学习的缺失值插补算法研究_2级_10,迁移学习缺失值插补算法的构建,基于迁移学习的缺失值插补算法研究_知识点_828,增强源数据,4,1
基于迁移学习的缺失值插补算法研究_2级_10,迁移学习缺失值插补算法的构建,基于迁移学习的缺失值插补算法研究_知识点_829,本地数据分布,4,1
基于迁移学习的缺失值插补算法研究_2级_10,迁移学习缺失值插补算法的构建,基于迁移学习的缺失值插补算法研究_知识点_830,插补模型,4,1
基于迁移学习的缺失值插补算法研究_2级_10,迁移学习缺失值插补算法的构建,基于迁移学习的缺失值插补算法研究_知识点_831,数据分布,4,1
基于迁移学习的缺失值插补算法研究_2级_10,迁移学习缺失值插补算法的构建,基于迁移学习的缺失值插补算法研究_知识点_832,缺失值插补算法,4,1
基于迁移学习的缺失值插补算法研究_2级_10,迁移学习缺失值插补算法的构建,基于迁移学习的缺失值插补算法研究_知识点_833,变量,4,1
基于迁移学习的缺失值插补算法研究_2级_10,迁移学习缺失值插补算法的构建,基于迁移学习的缺失值插补算法研究_知识点_834,迁移学习算法,4,1
基于迁移学习的缺失值插补算法研究_2级_10,迁移学习缺失值插补算法的构建,基于迁移学习的缺失值插补算法研究_知识点_835,信息,4,1
基于迁移学习的缺失值插补算法研究_2级_10,迁移学习缺失值插补算法的构建,基于迁移学习的缺失值插补算法研究_知识点_836,插补缺失值算法,4,1
基于迁移学习的缺失值插补算法研究_2级_10,迁移学习缺失值插补算法的构建,基于迁移学习的缺失值插补算法研究_知识点_837,机器学习,4,1
基于迁移学习的缺失值插补算法研究_2级_10,迁移学习缺失值插补算法的构建,基于迁移学习的缺失值插补算法研究_知识点_838,加权策略,4,1
基于迁移学习的缺失值插补算法研究_2级_10,迁移学习缺失值插补算法的构建,基于迁移学习的缺失值插补算法研究_知识点_839,源领域,4,1
基于迁移学习的缺失值插补算法研究_2级_10,迁移学习缺失值插补算法的构建,基于迁移学习的缺失值插补算法研究_知识点_840,迁移,4,1
基于迁移学习的缺失值插补算法研究_2级_10,迁移学习缺失值插补算法的构建,基于迁移学习的缺失值插补算法研究_知识点_841,外部源数据,4,1
基于迁移学习的缺失值插补算法研究_2级_10,迁移学习缺失值插补算法的构建,基于迁移学习的缺失值插补算法研究_知识点_842,表格类型数据,4,1
基于迁移学习的缺失值插补算法研究_2级_10,迁移学习缺失值插补算法的构建,基于迁移学习的缺失值插补算法研究_知识点_843,自然语言处理,4,1
基于迁移学习的缺失值插补算法研究_2级_10,迁移学习缺失值插补算法的构建,基于迁移学习的缺失值插补算法研究_知识点_844,计算机视觉,4,1
基于迁移学习的缺失值插补算法研究_2级_10,迁移学习缺失值插补算法的构建,基于迁移学习的缺失值插补算法研究_知识点_845,实例迁移学习,4,1
基于迁移学习的缺失值插补算法研究_2级_10,迁移学习缺失值插补算法的构建,基于迁移学习的缺失值插补算法研究_知识点_846,关系,4,1
基于迁移学习的缺失值插补算法研究_2级_10,迁移学习缺失值插补算法的构建,基于迁移学习的缺失值插补算法研究_知识点_847,插补算法,4,1
基于迁移学习的缺失值插补算法研究_3级_14,数据集介绍,基于迁移学习的缺失值插补算法研究_知识点_848,数据集,4,7
基于迁移学习的缺失值插补算法研究_3级_14,数据集介绍,基于迁移学习的缺失值插补算法研究_知识点_849,数据,4,3
基于迁移学习的缺失值插补算法研究_3级_14,数据集介绍,基于迁移学习的缺失值插补算法研究_知识点_850,舒张压,4,3
基于迁移学习的缺失值插补算法研究_3级_14,数据集介绍,基于迁移学习的缺失值插补算法研究_知识点_851,收缩压,4,3
基于迁移学习的缺失值插补算法研究_3级_14,数据集介绍,基于迁移学习的缺失值插补算法研究_知识点_852,体检,4,3
基于迁移学习的缺失值插补算法研究_3级_14,数据集介绍,基于迁移学习的缺失值插补算法研究_知识点_853,糖尿病,4,3
基于迁移学习的缺失值插补算法研究_3级_14,数据集介绍,基于迁移学习的缺失值插补算法研究_知识点_854,高血脂,4,2
基于迁移学习的缺失值插补算法研究_3级_14,数据集介绍,基于迁移学习的缺失值插补算法研究_知识点_855,高血压,4,2
基于迁移学习的缺失值插补算法研究_3级_14,数据集介绍,基于迁移学习的缺失值插补算法研究_知识点_856,缺失值,4,2
基于迁移学习的缺失值插补算法研究_3级_14,数据集介绍,基于迁移学习的缺失值插补算法研究_知识点_857,低密度脂蛋白胆固醇,4,2
基于迁移学习的缺失值插补算法研究_3级_14,数据集介绍,基于迁移学习的缺失值插补算法研究_知识点_858,ldl,4,2
基于迁移学习的缺失值插补算法研究_3级_14,数据集介绍,基于迁移学习的缺失值插补算法研究_知识点_859,高密度脂蛋白胆固醇,4,2
基于迁移学习的缺失值插补算法研究_3级_14,数据集介绍,基于迁移学习的缺失值插补算法研究_知识点_860,hdl,4,2
基于迁移学习的缺失值插补算法研究_3级_14,数据集介绍,基于迁移学习的缺失值插补算法研究_知识点_861,甘油三酯,4,2
基于迁移学习的缺失值插补算法研究_3级_14,数据集介绍,基于迁移学习的缺失值插补算法研究_知识点_862,t1,4,2
基于迁移学习的缺失值插补算法研究_3级_14,数据集介绍,基于迁移学习的缺失值插补算法研究_知识点_863,字段类型,4,2
基于迁移学习的缺失值插补算法研究_3级_14,数据集介绍,基于迁移学习的缺失值插补算法研究_知识点_864,数据字段,4,2
基于迁移学习的缺失值插补算法研究_3级_14,数据集介绍,基于迁移学习的缺失值插补算法研究_知识点_865,snpdouble基因序列特征,4,1
基于迁移学习的缺失值插补算法研究_3级_14,数据集介绍,基于迁移学习的缺失值插补算法研究_知识点_866,dpbigint,4,1
基于迁移学习的缺失值插补算法研究_3级_14,数据集介绍,基于迁移学习的缺失值插补算法研究_知识点_867,bigint,4,1
基于迁移学习的缺失值插补算法研究_3级_14,数据集介绍,基于迁移学习的缺失值插补算法研究_知识点_868,体检人,4,1
基于迁移学习的缺失值插补算法研究_3级_14,数据集介绍,基于迁移学习的缺失值插补算法研究_知识点_869,双高疾病风险,4,1
基于迁移学习的缺失值插补算法研究_3级_14,数据集介绍,基于迁移学习的缺失值插补算法研究_知识点_870,迁移学习模型,4,1
基于迁移学习的缺失值插补算法研究_3级_14,数据集介绍,基于迁移学习的缺失值插补算法研究_知识点_871,目标数据集,4,1
基于迁移学习的缺失值插补算法研究_3级_14,数据集介绍,基于迁移学习的缺失值插补算法研究_知识点_872,数据特征列,4,1
基于迁移学习的缺失值插补算法研究_3级_14,数据集介绍,基于迁移学习的缺失值插补算法研究_知识点_873,双高疾病风险预测,4,1
基于迁移学习的缺失值插补算法研究_3级_14,数据集介绍,基于迁移学习的缺失值插补算法研究_知识点_874,源数据集,4,1
基于迁移学习的缺失值插补算法研究_3级_14,数据集介绍,基于迁移学习的缺失值插补算法研究_知识点_875,插补,4,1
基于迁移学习的缺失值插补算法研究_3级_14,数据集介绍,基于迁移学习的缺失值插补算法研究_知识点_876,缺失,4,1
基于迁移学习的缺失值插补算法研究_3级_14,数据集介绍,基于迁移学习的缺失值插补算法研究_知识点_877,血蛋白浓度,4,1
基于迁移学习的缺失值插补算法研究_3级_14,数据集介绍,基于迁移学习的缺失值插补算法研究_知识点_878,血蛋白,4,1
基于迁移学习的缺失值插补算法研究_3级_14,数据集介绍,基于迁移学习的缺失值插补算法研究_知识点_879,白蛋白浓度,4,1
基于迁移学习的缺失值插补算法研究_3级_14,数据集介绍,基于迁移学习的缺失值插补算法研究_知识点_880,白蛋白,4,1
基于迁移学习的缺失值插补算法研究_3级_14,数据集介绍,基于迁移学习的缺失值插补算法研究_知识点_881,int,4,1
基于迁移学习的缺失值插补算法研究_3级_14,数据集介绍,基于迁移学习的缺失值插补算法研究_知识点_882,dia,4,1
基于迁移学习的缺失值插补算法研究_3级_14,数据集介绍,基于迁移学习的缺失值插补算法研究_知识点_883,sysbigint,4,1
基于迁移学习的缺失值插补算法研究_3级_14,数据集介绍,基于迁移学习的缺失值插补算法研究_知识点_884,糖尿病遗传大赛,4,1
基于迁移学习的缺失值插补算法研究_3级_14,数据集介绍,基于迁移学习的缺失值插补算法研究_知识点_885,糖尿病风险预测,4,1
基于迁移学习的缺失值插补算法研究_3级_14,数据集介绍,基于迁移学习的缺失值插补算法研究_知识点_886,人工智能,4,1
基于迁移学习的缺失值插补算法研究_3级_14,数据集介绍,基于迁移学习的缺失值插补算法研究_知识点_887,公开数据集,4,1
基于迁移学习的缺失值插补算法研究_3级_14,数据集介绍,基于迁移学习的缺失值插补算法研究_知识点_888,算法大赛,4,1
基于迁移学习的缺失值插补算法研究_3级_15,数据预处理,基于迁移学习的缺失值插补算法研究_知识点_889,目标数据集,4,4
基于迁移学习的缺失值插补算法研究_3级_15,数据预处理,基于迁移学习的缺失值插补算法研究_知识点_890,目标数据,4,3
基于迁移学习的缺失值插补算法研究_3级_15,数据预处理,基于迁移学习的缺失值插补算法研究_知识点_891,源数据集,4,3
基于迁移学习的缺失值插补算法研究_3级_15,数据预处理,基于迁移学习的缺失值插补算法研究_知识点_892,源数据,4,3
基于迁移学习的缺失值插补算法研究_3级_15,数据预处理,基于迁移学习的缺失值插补算法研究_知识点_893,交集,4,2
基于迁移学习的缺失值插补算法研究_3级_15,数据预处理,基于迁移学习的缺失值插补算法研究_知识点_894,数据,4,2
基于迁移学习的缺失值插补算法研究_3级_15,数据预处理,基于迁移学习的缺失值插补算法研究_知识点_895,字段,4,1
基于迁移学习的缺失值插补算法研究_3级_15,数据预处理,基于迁移学习的缺失值插补算法研究_知识点_896,相交字段,4,1
基于迁移学习的缺失值插补算法研究_3级_15,数据预处理,基于迁移学习的缺失值插补算法研究_知识点_897,糖尿病数据集,4,1
基于迁移学习的缺失值插补算法研究_3级_15,数据预处理,基于迁移学习的缺失值插补算法研究_知识点_898,属性特征,4,1
基于迁移学习的缺失值插补算法研究_3级_15,数据预处理,基于迁移学习的缺失值插补算法研究_知识点_899,属性,4,1
基于迁移学习的缺失值插补算法研究_3级_15,数据预处理,基于迁移学习的缺失值插补算法研究_知识点_900,缺失值,4,1
基于迁移学习的缺失值插补算法研究_3级_15,数据预处理,基于迁移学习的缺失值插补算法研究_知识点_901,迁移学习算法,4,1
基于迁移学习的缺失值插补算法研究_3级_15,数据预处理,基于迁移学习的缺失值插补算法研究_知识点_902,低密度脂蛋白胆固醇,4,1
基于迁移学习的缺失值插补算法研究_3级_15,数据预处理,基于迁移学习的缺失值插补算法研究_知识点_903,ldl,4,1
基于迁移学习的缺失值插补算法研究_3级_15,数据预处理,基于迁移学习的缺失值插补算法研究_知识点_904,高密度脂蛋白胆固醇,4,1
基于迁移学习的缺失值插补算法研究_3级_15,数据预处理,基于迁移学习的缺失值插补算法研究_知识点_905,hdl,4,1
基于迁移学习的缺失值插补算法研究_3级_15,数据预处理,基于迁移学习的缺失值插补算法研究_知识点_906,甘油三酯,4,1
基于迁移学习的缺失值插补算法研究_3级_15,数据预处理,基于迁移学习的缺失值插补算法研究_知识点_907,t1,4,1
基于迁移学习的缺失值插补算法研究_3级_15,数据预处理,基于迁移学习的缺失值插补算法研究_知识点_908,舒张压,4,1
基于迁移学习的缺失值插补算法研究_3级_15,数据预处理,基于迁移学习的缺失值插补算法研究_知识点_909,dpbigint,4,1
基于迁移学习的缺失值插补算法研究_3级_15,数据预处理,基于迁移学习的缺失值插补算法研究_知识点_910,收缩压,4,1
基于迁移学习的缺失值插补算法研究_3级_15,数据预处理,基于迁移学习的缺失值插补算法研究_知识点_911,bigint,4,1
基于迁移学习的缺失值插补算法研究_3级_15,数据预处理,基于迁移学习的缺失值插补算法研究_知识点_912,体检人,4,1
基于迁移学习的缺失值插补算法研究_3级_15,数据预处理,基于迁移学习的缺失值插补算法研究_知识点_913,字段类型,4,1
基于迁移学习的缺失值插补算法研究_3级_15,数据预处理,基于迁移学习的缺失值插补算法研究_知识点_914,交集字段,4,1
基于迁移学习的缺失值插补算法研究_3级_15,数据预处理,基于迁移学习的缺失值插补算法研究_知识点_915,数据录入,4,1
基于迁移学习的缺失值插补算法研究_3级_15,数据预处理,基于迁移学习的缺失值插补算法研究_知识点_916,医疗场景,4,1
基于迁移学习的缺失值插补算法研究_3级_15,数据预处理,基于迁移学习的缺失值插补算法研究_知识点_917,数据集,4,1
基于迁移学习的缺失值插补算法研究_3级_15,数据预处理,基于迁移学习的缺失值插补算法研究_知识点_918,数据预处理,4,1
基于迁移学习的缺失值插补算法研究_3级_16,选取弱学习器,基于迁移学习的缺失值插补算法研究_知识点_919,弱学习器,4,10
基于迁移学习的缺失值插补算法研究_3级_16,选取弱学习器,基于迁移学习的缺失值插补算法研究_知识点_920,数据集,4,7
基于迁移学习的缺失值插补算法研究_3级_16,选取弱学习器,基于迁移学习的缺失值插补算法研究_知识点_921,缺失值,4,6
基于迁移学习的缺失值插补算法研究_3级_16,选取弱学习器,基于迁移学习的缺失值插补算法研究_知识点_922,adaboost,4,3
基于迁移学习的缺失值插补算法研究_3级_16,选取弱学习器,基于迁移学习的缺失值插补算法研究_知识点_923,tradaboost,4,3
基于迁移学习的缺失值插补算法研究_3级_16,选取弱学习器,基于迁移学习的缺失值插补算法研究_知识点_924,决策树模型,4,3
基于迁移学习的缺失值插补算法研究_3级_16,选取弱学习器,基于迁移学习的缺失值插补算法研究_知识点_925,xgboost算法,4,2
基于迁移学习的缺失值插补算法研究_3级_16,选取弱学习器,基于迁移学习的缺失值插补算法研究_知识点_926,缺失值插补,4,2
基于迁移学习的缺失值插补算法研究_3级_16,选取弱学习器,基于迁移学习的缺失值插补算法研究_知识点_927,权重,4,2
基于迁移学习的缺失值插补算法研究_3级_16,选取弱学习器,基于迁移学习的缺失值插补算法研究_知识点_928,gbdt,4,2
基于迁移学习的缺失值插补算法研究_3级_16,选取弱学习器,基于迁移学习的缺失值插补算法研究_知识点_929,集成学习,4,2
基于迁移学习的缺失值插补算法研究_3级_16,选取弱学习器,基于迁移学习的缺失值插补算法研究_知识点_930,randomforest,4,2
基于迁移学习的缺失值插补算法研究_3级_16,选取弱学习器,基于迁移学习的缺失值插补算法研究_知识点_931,cart,4,2
基于迁移学习的缺失值插补算法研究_3级_16,选取弱学习器,基于迁移学习的缺失值插补算法研究_知识点_932,tradaboost算法,4,2
基于迁移学习的缺失值插补算法研究_3级_16,选取弱学习器,基于迁移学习的缺失值插补算法研究_知识点_933,缺失值插补算法,4,1
基于迁移学习的缺失值插补算法研究_3级_16,选取弱学习器,基于迁移学习的缺失值插补算法研究_知识点_934,xgboost,4,1
基于迁移学习的缺失值插补算法研究_3级_16,选取弱学习器,基于迁移学习的缺失值插补算法研究_知识点_935,糖尿病数据,4,1
基于迁移学习的缺失值插补算法研究_3级_16,选取弱学习器,基于迁移学习的缺失值插补算法研究_知识点_936,随机森林,4,1
基于迁移学习的缺失值插补算法研究_3级_16,选取弱学习器,基于迁移学习的缺失值插补算法研究_知识点_937,性能,4,1
基于迁移学习的缺失值插补算法研究_3级_16,选取弱学习器,基于迁移学习的缺失值插补算法研究_知识点_938,插补,4,1
基于迁移学习的缺失值插补算法研究_3级_16,选取弱学习器,基于迁移学习的缺失值插补算法研究_知识点_939,auc指标,4,1
基于迁移学习的缺失值插补算法研究_3级_16,选取弱学习器,基于迁移学习的缺失值插补算法研究_知识点_940,缺失值比,4,1
基于迁移学习的缺失值插补算法研究_3级_16,选取弱学习器,基于迁移学习的缺失值插补算法研究_知识点_941,短失百分比,4,1
基于迁移学习的缺失值插补算法研究_3级_16,选取弱学习器,基于迁移学习的缺失值插补算法研究_知识点_942,树模型,4,1
基于迁移学习的缺失值插补算法研究_3级_16,选取弱学习器,基于迁移学习的缺失值插补算法研究_知识点_943,迁移学习,4,1
基于迁移学习的缺失值插补算法研究_3级_16,选取弱学习器,基于迁移学习的缺失值插补算法研究_知识点_944,缺失比,4,1
基于迁移学习的缺失值插补算法研究_3级_16,选取弱学习器,基于迁移学习的缺失值插补算法研究_知识点_945,缺失值比例,4,1
基于迁移学习的缺失值插补算法研究_3级_16,选取弱学习器,基于迁移学习的缺失值插补算法研究_知识点_946,缺失数据,4,1
基于迁移学习的缺失值插补算法研究_3级_16,选取弱学习器,基于迁移学习的缺失值插补算法研究_知识点_947,收缩压特征,4,1
基于迁移学习的缺失值插补算法研究_3级_16,选取弱学习器,基于迁移学习的缺失值插补算法研究_知识点_948,数据,4,1
基于迁移学习的缺失值插补算法研究_3级_16,选取弱学习器,基于迁移学习的缺失值插补算法研究_知识点_949,干扰,4,1
基于迁移学习的缺失值插补算法研究_3级_16,选取弱学习器,基于迁移学习的缺失值插补算法研究_知识点_950,泛化性能,4,1
基于迁移学习的缺失值插补算法研究_3级_16,选取弱学习器,基于迁移学习的缺失值插补算法研究_知识点_951,权重迭代,4,1
基于迁移学习的缺失值插补算法研究_3级_16,选取弱学习器,基于迁移学习的缺失值插补算法研究_知识点_952,样本,4,1
基于迁移学习的缺失值插补算法研究_3级_16,选取弱学习器,基于迁移学习的缺失值插补算法研究_知识点_953,adaboo,4,1
基于迁移学习的缺失值插补算法研究_3级_16,选取弱学习器,基于迁移学习的缺失值插补算法研究_知识点_954,xgboosto,4,1
基于迁移学习的缺失值插补算法研究_3级_16,选取弱学习器,基于迁移学习的缺失值插补算法研究_知识点_955,迭代结果,4,1
基于迁移学习的缺失值插补算法研究_3级_16,选取弱学习器,基于迁移学习的缺失值插补算法研究_知识点_956,残差,4,1
基于迁移学习的缺失值插补算法研究_3级_16,选取弱学习器,基于迁移学习的缺失值插补算法研究_知识点_957,decisiontree,4,1
基于迁移学习的缺失值插补算法研究_3级_16,选取弱学习器,基于迁移学习的缺失值插补算法研究_知识点_958,gradientboost,4,1
基于迁移学习的缺失值插补算法研究_3级_16,选取弱学习器,基于迁移学习的缺失值插补算法研究_知识点_959,决策树,4,1
基于迁移学习的缺失值插补算法研究_3级_16,选取弱学习器,基于迁移学习的缺失值插补算法研究_知识点_960,随机森林模型,4,1
基于迁移学习的缺失值插补算法研究_3级_16,选取弱学习器,基于迁移学习的缺失值插补算法研究_知识点_961,基础决策树算法,4,1
基于迁移学习的缺失值插补算法研究_3级_16,选取弱学习器,基于迁移学习的缺失值插补算法研究_知识点_962,回归树,4,1
基于迁移学习的缺失值插补算法研究_3级_16,选取弱学习器,基于迁移学习的缺失值插补算法研究_知识点_963,分类树,4,1
基于迁移学习的缺失值插补算法研究_3级_16,选取弱学习器,基于迁移学习的缺失值插补算法研究_知识点_964,ressiontree,4,1
基于迁移学习的缺失值插补算法研究_3级_16,选取弱学习器,基于迁移学习的缺失值插补算法研究_知识点_965,re,4,1
基于迁移学习的缺失值插补算法研究_3级_16,选取弱学习器,基于迁移学习的缺失值插补算法研究_知识点_966,ification,4,1
基于迁移学习的缺失值插补算法研究_3级_17,实验对照组设计,基于迁移学习的缺失值插补算法研究_知识点_967,缺失值,4,3
基于迁移学习的缺失值插补算法研究_3级_17,实验对照组设计,基于迁移学习的缺失值插补算法研究_知识点_968,机器学习算法,4,2
基于迁移学习的缺失值插补算法研究_3级_17,实验对照组设计,基于迁移学习的缺失值插补算法研究_知识点_969,缺失值插补,4,2
基于迁移学习的缺失值插补算法研究_3级_17,实验对照组设计,基于迁移学习的缺失值插补算法研究_知识点_970,数据集,4,2
基于迁移学习的缺失值插补算法研究_3级_17,实验对照组设计,基于迁移学习的缺失值插补算法研究_知识点_971,弱学习器,4,2
基于迁移学习的缺失值插补算法研究_3级_17,实验对照组设计,基于迁移学习的缺失值插补算法研究_知识点_972,gboosto,4,1
基于迁移学习的缺失值插补算法研究_3级_17,实验对照组设计,基于迁移学习的缺失值插补算法研究_知识点_973,数据,4,1
基于迁移学习的缺失值插补算法研究_3级_17,实验对照组设计,基于迁移学习的缺失值插补算法研究_知识点_974,插补效果,4,1
基于迁移学习的缺失值插补算法研究_3级_17,实验对照组设计,基于迁移学习的缺失值插补算法研究_知识点_975,tradaboost,4,1
基于迁移学习的缺失值插补算法研究_3级_17,实验对照组设计,基于迁移学习的缺失值插补算法研究_知识点_976,迁移学习算法,4,1
基于迁移学习的缺失值插补算法研究_3级_17,实验对照组设计,基于迁移学习的缺失值插补算法研究_知识点_977,算法,4,1
基于迁移学习的缺失值插补算法研究_3级_17,实验对照组设计,基于迁移学习的缺失值插补算法研究_知识点_978,训练模型,4,1
基于迁移学习的缺失值插补算法研究_3级_17,实验对照组设计,基于迁移学习的缺失值插补算法研究_知识点_979,插补算法,4,1
基于迁移学习的缺失值插补算法研究_3级_17,实验对照组设计,基于迁移学习的缺失值插补算法研究_知识点_980,低秩矩阵压缩感知缺失值插补算法,4,1
基于迁移学习的缺失值插补算法研究_3级_17,实验对照组设计,基于迁移学习的缺失值插补算法研究_知识点_981,机器学习插补算法,4,1
基于迁移学习的缺失值插补算法研究_3级_17,实验对照组设计,基于迁移学习的缺失值插补算法研究_知识点_982,0值插补,4,1
基于迁移学习的缺失值插补算法研究_3级_17,实验对照组设计,基于迁移学习的缺失值插补算法研究_知识点_983,收缩压,4,1
基于迁移学习的缺失值插补算法研究_3级_17,实验对照组设计,基于迁移学习的缺失值插补算法研究_知识点_984,缺失值插补算法,4,1
基于迁移学习的缺失值插补算法研究_3级_17,实验对照组设计,基于迁移学习的缺失值插补算法研究_知识点_985,迁移学习,4,1
基于迁移学习的缺失值插补算法研究_2级_12,设计实验,基于迁移学习的缺失值插补算法研究_知识点_986,弱学习器,4,5
基于迁移学习的缺失值插补算法研究_2级_12,设计实验,基于迁移学习的缺失值插补算法研究_知识点_987,迁移学习,4,5
基于迁移学习的缺失值插补算法研究_2级_12,设计实验,基于迁移学习的缺失值插补算法研究_知识点_988,性能,4,4
基于迁移学习的缺失值插补算法研究_2级_12,设计实验,基于迁移学习的缺失值插补算法研究_知识点_989,缺失值插补算法,4,3
基于迁移学习的缺失值插补算法研究_2级_12,设计实验,基于迁移学习的缺失值插补算法研究_知识点_990,cart模型,4,2
基于迁移学习的缺失值插补算法研究_2级_12,设计实验,基于迁移学习的缺失值插补算法研究_知识点_991,tradaboost算法,4,2
基于迁移学习的缺失值插补算法研究_2级_12,设计实验,基于迁移学习的缺失值插补算法研究_知识点_992,缺失值算法,4,1
基于迁移学习的缺失值插补算法研究_2级_12,设计实验,基于迁移学习的缺失值插补算法研究_知识点_993,缺失值,4,1
基于迁移学习的缺失值插补算法研究_2级_12,设计实验,基于迁移学习的缺失值插补算法研究_知识点_994,决策树算法,4,1
基于迁移学习的缺失值插补算法研究_2级_12,设计实验,基于迁移学习的缺失值插补算法研究_知识点_995,预实验,4,1
基于迁移学习的缺失值插补算法研究_2级_12,设计实验,基于迁移学习的缺失值插补算法研究_知识点_996,tradaboost,4,1
基于迁移学习的缺失值插补算法研究_2级_12,设计实验,基于迁移学习的缺失值插补算法研究_知识点_997,树模型,4,1
基于迁移学习的缺失值插补算法研究_2级_12,设计实验,基于迁移学习的缺失值插补算法研究_知识点_998,决策树模型,4,1
基于迁移学习的缺失值插补算法研究_2级_12,设计实验,基于迁移学习的缺失值插补算法研究_知识点_999,cart树模型,4,1
基于迁移学习的缺失值插补算法研究_3级_18,k.NN缺失值插补算法,基于迁移学习的缺失值插补算法研究_知识点_1000,样本,4,5
基于迁移学习的缺失值插补算法研究_3级_18,k.NN缺失值插补算法,基于迁移学习的缺失值插补算法研究_知识点_1001,缺失值,4,4
基于迁移学习的缺失值插补算法研究_3级_18,k.NN缺失值插补算法,基于迁移学习的缺失值插补算法研究_知识点_1002,待分类样本,4,2
基于迁移学习的缺失值插补算法研究_3级_18,k.NN缺失值插补算法,基于迁移学习的缺失值插补算法研究_知识点_1003,待预测数据,4,2
基于迁移学习的缺失值插补算法研究_3级_18,k.NN缺失值插补算法,基于迁移学习的缺失值插补算法研究_知识点_1004,k-nn算法,4,2
基于迁移学习的缺失值插补算法研究_3级_18,k.NN缺失值插补算法,基于迁移学习的缺失值插补算法研究_知识点_1005,复杂度,4,1
基于迁移学习的缺失值插补算法研究_3级_18,k.NN缺失值插补算法,基于迁移学习的缺失值插补算法研究_知识点_1006,训练集样本,4,1
基于迁移学习的缺失值插补算法研究_3级_18,k.NN缺失值插补算法,基于迁移学习的缺失值插补算法研究_知识点_1007,概率分布,4,1
基于迁移学习的缺失值插补算法研究_3级_18,k.NN缺失值插补算法,基于迁移学习的缺失值插补算法研究_知识点_1008,空间,4,1
基于迁移学习的缺失值插补算法研究_3级_18,k.NN缺失值插补算法,基于迁移学习的缺失值插补算法研究_知识点_1009,无参数模型,4,1
基于迁移学习的缺失值插补算法研究_3级_18,k.NN缺失值插补算法,基于迁移学习的缺失值插补算法研究_知识点_1010,权重,4,1
基于迁移学习的缺失值插补算法研究_3级_18,k.NN缺失值插补算法,基于迁移学习的缺失值插补算法研究_知识点_1011,距离度量指标,4,1
基于迁移学习的缺失值插补算法研究_3级_18,k.NN缺失值插补算法,基于迁移学习的缺失值插补算法研究_知识点_1012,表达,4,1
基于迁移学习的缺失值插补算法研究_3级_18,k.NN缺失值插补算法,基于迁移学习的缺失值插补算法研究_知识点_1013,欧式距离,4,1
基于迁移学习的缺失值插补算法研究_3级_18,k.NN缺失值插补算法,基于迁移学习的缺失值插补算法研究_知识点_1014,度量函数,4,1
基于迁移学习的缺失值插补算法研究_3级_18,k.NN缺失值插补算法,基于迁移学习的缺失值插补算法研究_知识点_1015,样本距离,4,1
基于迁移学习的缺失值插补算法研究_3级_18,k.NN缺失值插补算法,基于迁移学习的缺失值插补算法研究_知识点_1016,插补数据集,4,1
基于迁移学习的缺失值插补算法研究_3级_18,k.NN缺失值插补算法,基于迁移学习的缺失值插补算法研究_知识点_1017,机器学习缺失值,4,1
基于迁移学习的缺失值插补算法研究_3级_18,k.NN缺失值插补算法,基于迁移学习的缺失值插补算法研究_知识点_1018,k-nn缺失值插补算法,4,1
基于迁移学习的缺失值插补算法研究_3级_18,k.NN缺失值插补算法,基于迁移学习的缺失值插补算法研究_知识点_1019,训练数据,4,1
基于迁移学习的缺失值插补算法研究_3级_18,k.NN缺失值插补算法,基于迁移学习的缺失值插补算法研究_知识点_1020,标签值,4,1
基于迁移学习的缺失值插补算法研究_3级_18,k.NN缺失值插补算法,基于迁移学习的缺失值插补算法研究_知识点_1021,训练集,4,1
基于迁移学习的缺失值插补算法研究_3级_18,k.NN缺失值插补算法,基于迁移学习的缺失值插补算法研究_知识点_1022,曲声,4,1
基于迁移学习的缺失值插补算法研究_3级_18,k.NN缺失值插补算法,基于迁移学习的缺失值插补算法研究_知识点_1023,待插补数据集,4,1
基于迁移学习的缺失值插补算法研究_3级_18,k.NN缺失值插补算法,基于迁移学习的缺失值插补算法研究_知识点_1024,缺失值数据,4,1
基于迁移学习的缺失值插补算法研究_3级_18,k.NN缺失值插补算法,基于迁移学习的缺失值插补算法研究_知识点_1025,距离,4,1
基于迁移学习的缺失值插补算法研究_3级_18,k.NN缺失值插补算法,基于迁移学习的缺失值插补算法研究_知识点_1026,分类算法,4,1
基于迁移学习的缺失值插补算法研究_3级_18,k.NN缺失值插补算法,基于迁移学习的缺失值插补算法研究_知识点_1027,hart,4,1
基于迁移学习的缺失值插补算法研究_3级_18,k.NN缺失值插补算法,基于迁移学习的缺失值插补算法研究_知识点_1028,插补算法,4,1
基于迁移学习的缺失值插补算法研究_3级_18,k.NN缺失值插补算法,基于迁移学习的缺失值插补算法研究_知识点_1029,nn,4,1
基于迁移学习的缺失值插补算法研究_3级_19,低秩矩阵缺失值插补算法,基于迁移学习的缺失值插补算法研究_知识点_1030,矩阵,4,12
基于迁移学习的缺失值插补算法研究_3级_19,低秩矩阵缺失值插补算法,基于迁移学习的缺失值插补算法研究_知识点_1031,缺失值,4,3
基于迁移学习的缺失值插补算法研究_3级_19,低秩矩阵缺失值插补算法,基于迁移学习的缺失值插补算法研究_知识点_1032,表达式,4,2
基于迁移学习的缺失值插补算法研究_3级_19,低秩矩阵缺失值插补算法,基于迁移学习的缺失值插补算法研究_知识点_1033,成分矩阵,4,2
基于迁移学习的缺失值插补算法研究_3级_19,低秩矩阵缺失值插补算法,基于迁移学习的缺失值插补算法研究_知识点_1034,梯度,4,1
基于迁移学习的缺失值插补算法研究_3级_19,低秩矩阵缺失值插补算法,基于迁移学习的缺失值插补算法研究_知识点_1035,梯度下降,4,1
基于迁移学习的缺失值插补算法研究_3级_19,低秩矩阵缺失值插补算法,基于迁移学习的缺失值插补算法研究_知识点_1036,误差,4,1
基于迁移学习的缺失值插补算法研究_3级_19,低秩矩阵缺失值插补算法,基于迁移学习的缺失值插补算法研究_知识点_1037,损失函数,4,1
基于迁移学习的缺失值插补算法研究_3级_19,低秩矩阵缺失值插补算法,基于迁移学习的缺失值插补算法研究_知识点_1038,随机初始化矩阵,4,1
基于迁移学习的缺失值插补算法研究_3级_19,低秩矩阵缺失值插补算法,基于迁移学习的缺失值插补算法研究_知识点_1039,hn,4,1
基于迁移学习的缺失值插补算法研究_3级_19,低秩矩阵缺失值插补算法,基于迁移学习的缺失值插补算法研究_知识点_1040,优化数学表达式,4,1
基于迁移学习的缺失值插补算法研究_3级_19,低秩矩阵缺失值插补算法,基于迁移学习的缺失值插补算法研究_知识点_1041,近似矩阵,4,1
基于迁移学习的缺失值插补算法研究_3级_19,低秩矩阵缺失值插补算法,基于迁移学习的缺失值插补算法研究_知识点_1042,分解,4,1
基于迁移学习的缺失值插补算法研究_3级_19,低秩矩阵缺失值插补算法,基于迁移学习的缺失值插补算法研究_知识点_1043,低秩矩阵分解,4,1
基于迁移学习的缺失值插补算法研究_3级_19,低秩矩阵缺失值插补算法,基于迁移学习的缺失值插补算法研究_知识点_1044,矩阵分解,4,1
基于迁移学习的缺失值插补算法研究_3级_19,低秩矩阵缺失值插补算法,基于迁移学习的缺失值插补算法研究_知识点_1045,uvr,4,1
基于迁移学习的缺失值插补算法研究_3级_19,低秩矩阵缺失值插补算法,基于迁移学习的缺失值插补算法研究_知识点_1046,矩阵奇异值,4,1
基于迁移学习的缺失值插补算法研究_3级_19,低秩矩阵缺失值插补算法,基于迁移学习的缺失值插补算法研究_知识点_1047,样本矩阵,4,1
基于迁移学习的缺失值插补算法研究_3级_19,低秩矩阵缺失值插补算法,基于迁移学习的缺失值插补算法研究_知识点_1048,元素,4,1
基于迁移学习的缺失值插补算法研究_3级_19,低秩矩阵缺失值插补算法,基于迁移学习的缺失值插补算法研究_知识点_1049,分解矩阵,4,1
基于迁移学习的缺失值插补算法研究_3级_19,低秩矩阵缺失值插补算法,基于迁移学习的缺失值插补算法研究_知识点_1050,矩阵低秩填充,4,1
基于迁移学习的缺失值插补算法研究_3级_19,低秩矩阵缺失值插补算法,基于迁移学习的缺失值插补算法研究_知识点_1051,二维矩阵,4,1
基于迁移学习的缺失值插补算法研究_3级_19,低秩矩阵缺失值插补算法,基于迁移学习的缺失值插补算法研究_知识点_1052,卫星遥测数据,4,1
基于迁移学习的缺失值插补算法研究_3级_19,低秩矩阵缺失值插补算法,基于迁移学习的缺失值插补算法研究_知识点_1053,数据集插补算法,4,1
基于迁移学习的缺失值插补算法研究_3级_19,低秩矩阵缺失值插补算法,基于迁移学习的缺失值插补算法研究_知识点_1054,矩阵方法,4,1
基于迁移学习的缺失值插补算法研究_3级_19,低秩矩阵缺失值插补算法,基于迁移学习的缺失值插补算法研究_知识点_1055,插补算法,4,1
基于迁移学习的缺失值插补算法研究_3级_19,低秩矩阵缺失值插补算法,基于迁移学习的缺失值插补算法研究_知识点_1056,低秩矩阵,4,1
基于迁移学习的缺失值插补算法研究_2级_13,对比的缺失值插补模型,基于迁移学习的缺失值插补算法研究_知识点_1057,低秩矩阵算法,4,1
基于迁移学习的缺失值插补算法研究_2级_13,对比的缺失值插补模型,基于迁移学习的缺失值插补算法研究_知识点_1058,k-nn算法,4,1
基于迁移学习的缺失值插补算法研究_2级_13,对比的缺失值插补模型,基于迁移学习的缺失值插补算法研究_知识点_1059,低秩矩阵缺失值插补算法,4,1
基于迁移学习的缺失值插补算法研究_2级_13,对比的缺失值插补模型,基于迁移学习的缺失值插补算法研究_知识点_1060,插补算法,4,1
基于迁移学习的缺失值插补算法研究_2级_13,对比的缺失值插补模型,基于迁移学习的缺失值插补算法研究_知识点_1061,k-nn缺失值,4,1
基于迁移学习的缺失值插补算法研究_2级_13,对比的缺失值插补模型,基于迁移学习的缺失值插补算法研究_知识点_1062,插补,4,1
基于迁移学习的缺失值插补算法研究_2级_13,对比的缺失值插补模型,基于迁移学习的缺失值插补算法研究_知识点_1063,缺失值插补模型,4,1
基于迁移学习的缺失值插补算法研究_2级_14,实验结果分析,基于迁移学习的缺失值插补算法研究_知识点_1064,缺失值,4,7
基于迁移学习的缺失值插补算法研究_2级_14,实验结果分析,基于迁移学习的缺失值插补算法研究_知识点_1065,数据集,4,6
基于迁移学习的缺失值插补算法研究_2级_14,实验结果分析,基于迁移学习的缺失值插补算法研究_知识点_1066,缺失值插补,4,4
基于迁移学习的缺失值插补算法研究_2级_14,实验结果分析,基于迁移学习的缺失值插补算法研究_知识点_1067,缺失值插补算法,4,4
基于迁移学习的缺失值插补算法研究_2级_14,实验结果分析,基于迁移学习的缺失值插补算法研究_知识点_1068,信息,4,3
基于迁移学习的缺失值插补算法研究_2级_14,实验结果分析,基于迁移学习的缺失值插补算法研究_知识点_1069,迁移学习,4,3
基于迁移学习的缺失值插补算法研究_2级_14,实验结果分析,基于迁移学习的缺失值插补算法研究_知识点_1070,迁移学习缺失值,4,3
基于迁移学习的缺失值插补算法研究_2级_14,实验结果分析,基于迁移学习的缺失值插补算法研究_知识点_1071,缺失比例,4,3
基于迁移学习的缺失值插补算法研究_2级_14,实验结果分析,基于迁移学习的缺失值插补算法研究_知识点_1072,tradaboost算法,4,2
基于迁移学习的缺失值插补算法研究_2级_14,实验结果分析,基于迁移学习的缺失值插补算法研究_知识点_1073,插补,4,2
基于迁移学习的缺失值插补算法研究_2级_14,实验结果分析,基于迁移学习的缺失值插补算法研究_知识点_1074,插补模型,4,2
基于迁移学习的缺失值插补算法研究_2级_14,实验结果分析,基于迁移学习的缺失值插补算法研究_知识点_1075,学习插补,4,2
基于迁移学习的缺失值插补算法研究_2级_14,实验结果分析,基于迁移学习的缺失值插补算法研究_知识点_1076,百分比,4,2
基于迁移学习的缺失值插补算法研究_2级_14,实验结果分析,基于迁移学习的缺失值插补算法研究_知识点_1077,插补算法,4,2
基于迁移学习的缺失值插补算法研究_2级_14,实验结果分析,基于迁移学习的缺失值插补算法研究_知识点_1078,低秩矩阵插补迁移,4,1
基于迁移学习的缺失值插补算法研究_2级_14,实验结果分析,基于迁移学习的缺失值插补算法研究_知识点_1079,k-nn,4,1
基于迁移学习的缺失值插补算法研究_2级_14,实验结果分析,基于迁移学习的缺失值插补算法研究_知识点_1080,fi值,4,1
基于迁移学习的缺失值插补算法研究_2级_14,实验结果分析,基于迁移学习的缺失值插补算法研究_知识点_1081,离散,4,1
基于迁移学习的缺失值插补算法研究_2级_14,实验结果分析,基于迁移学习的缺失值插补算法研究_知识点_1082,连续,4,1
基于迁移学习的缺失值插补算法研究_2级_14,实验结果分析,基于迁移学习的缺失值插补算法研究_知识点_1083,迁移,4,1
基于迁移学习的缺失值插补算法研究_2级_14,实验结果分析,基于迁移学习的缺失值插补算法研究_知识点_1084,有源数据集,4,1
基于迁移学习的缺失值插补算法研究_2级_14,实验结果分析,基于迁移学习的缺失值插补算法研究_知识点_1085,目标数据,4,1
基于迁移学习的缺失值插补算法研究_2级_14,实验结果分析,基于迁移学习的缺失值插补算法研究_知识点_1086,缺失值插补效,4,1
基于迁移学习的缺失值插补算法研究_2级_14,实验结果分析,基于迁移学习的缺失值插补算法研究_知识点_1087,auc指标,4,1
基于迁移学习的缺失值插补算法研究_2级_14,实验结果分析,基于迁移学习的缺失值插补算法研究_知识点_1088,插补迁移,4,1
基于迁移学习的缺失值插补算法研究_2级_14,实验结果分析,基于迁移学习的缺失值插补算法研究_知识点_1089,k-nn插未卜低秩矩阵,4,1
基于迁移学习的缺失值插补算法研究_2级_14,实验结果分析,基于迁移学习的缺失值插补算法研究_知识点_1090,auc值,4,1
基于迁移学习的缺失值插补算法研究_2级_14,实验结果分析,基于迁移学习的缺失值插补算法研究_知识点_1091,数据集信息,4,1
基于迁移学习的缺失值插补算法研究_2级_14,实验结果分析,基于迁移学习的缺失值插补算法研究_知识点_1092,机器学习,4,1
基于迁移学习的缺失值插补算法研究_2级_14,实验结果分析,基于迁移学习的缺失值插补算法研究_知识点_1093,低秩矩阵缺失值,4,1
基于迁移学习的缺失值插补算法研究_2级_14,实验结果分析,基于迁移学习的缺失值插补算法研究_知识点_1094,指标,4,1
基于迁移学习的缺失值插补算法研究_2级_14,实验结果分析,基于迁移学习的缺失值插补算法研究_知识点_1095,均值,4,1
基于迁移学习的缺失值插补算法研究_2级_14,实验结果分析,基于迁移学习的缺失值插补算法研究_知识点_1096,ves,4,1
基于迁移学习的缺失值插补算法研究_2级_14,实验结果分析,基于迁移学习的缺失值插补算法研究_知识点_1097,er,4,1
基于迁移学习的缺失值插补算法研究_2级_14,实验结果分析,基于迁移学习的缺失值插补算法研究_知识点_1098,area,4,1
基于迁移学习的缺失值插补算法研究_2级_15,本章小结,基于迁移学习的缺失值插补算法研究_知识点_1099,缺失值,4,3
基于迁移学习的缺失值插补算法研究_2级_15,本章小结,基于迁移学习的缺失值插补算法研究_知识点_1100,迁移学习,4,3
基于迁移学习的缺失值插补算法研究_2级_15,本章小结,基于迁移学习的缺失值插补算法研究_知识点_1101,性能,4,2
基于迁移学习的缺失值插补算法研究_2级_15,本章小结,基于迁移学习的缺失值插补算法研究_知识点_1102,插补算法,4,2
基于迁移学习的缺失值插补算法研究_2级_15,本章小结,基于迁移学习的缺失值插补算法研究_知识点_1103,缺失值插补算法,4,1
基于迁移学习的缺失值插补算法研究_2级_15,本章小结,基于迁移学习的缺失值插补算法研究_知识点_1104,插补,4,1
基于迁移学习的缺失值插补算法研究_2级_15,本章小结,基于迁移学习的缺失值插补算法研究_知识点_1105,缺失比,4,1
基于迁移学习的缺失值插补算法研究_2级_15,本章小结,基于迁移学习的缺失值插补算法研究_知识点_1106,迁移学习缺失值插补算法,4,1
基于迁移学习的缺失值插补算法研究_2级_15,本章小结,基于迁移学习的缺失值插补算法研究_知识点_1107,tradaboost算法,4,1
基于迁移学习的缺失值插补算法研究_2级_15,本章小结,基于迁移学习的缺失值插补算法研究_知识点_1108,插补缺失值算法,4,1
基于迁移学习的缺失值插补算法研究_2级_15,本章小结,基于迁移学习的缺失值插补算法研究_知识点_1109,评估迁移,4,1
基于迁移学习的缺失值插补算法研究_2级_15,本章小结,基于迁移学习的缺失值插补算法研究_知识点_1110,低秩插补算法,4,1
基于迁移学习的缺失值插补算法研究_2级_15,本章小结,基于迁移学习的缺失值插补算法研究_知识点_1111,机器学习插补算法,4,1
基于迁移学习的缺失值插补算法研究_2级_15,本章小结,基于迁移学习的缺失值插补算法研究_知识点_1112,插补模型,4,1
基于迁移学习的缺失值插补算法研究_2级_15,本章小结,基于迁移学习的缺失值插补算法研究_知识点_1113,tradaboost,4,1
基于迁移学习的缺失值插补算法研究_2级_15,本章小结,基于迁移学习的缺失值插补算法研究_知识点_1114,迁移学习算法,4,1
基于迁移学习的缺失值插补算法研究_2级_15,本章小结,基于迁移学习的缺失值插补算法研究_知识点_1115,缺失值填充算法,4,1
基于迁移学习的缺失值插补算法研究_3级_20,激活函数sigmoid,基于迁移学习的缺失值插补算法研究_知识点_1116,sigmoid函数,4,9
基于迁移学习的缺失值插补算法研究_3级_20,激活函数sigmoid,基于迁移学习的缺失值插补算法研究_知识点_1117,函数,4,7
基于迁移学习的缺失值插补算法研究_3级_20,激活函数sigmoid,基于迁移学习的缺失值插补算法研究_知识点_1118,sigmoid,4,6
基于迁移学习的缺失值插补算法研究_3级_20,激活函数sigmoid,基于迁移学习的缺失值插补算法研究_知识点_1119,分布,4,4
基于迁移学习的缺失值插补算法研究_3级_20,激活函数sigmoid,基于迁移学习的缺失值插补算法研究_知识点_1120,正态分布,4,3
基于迁移学习的缺失值插补算法研究_3级_20,激活函数sigmoid,基于迁移学习的缺失值插补算法研究_知识点_1121,积分,4,2
基于迁移学习的缺失值插补算法研究_3级_20,激活函数sigmoid,基于迁移学习的缺失值插补算法研究_知识点_1122,导数,4,2
基于迁移学习的缺失值插补算法研究_3级_20,激活函数sigmoid,基于迁移学习的缺失值插补算法研究_知识点_1123,变量,4,1
基于迁移学习的缺失值插补算法研究_3级_20,激活函数sigmoid,基于迁移学习的缺失值插补算法研究_知识点_1124,伯努利分布,4,1
基于迁移学习的缺失值插补算法研究_3级_20,激活函数sigmoid,基于迁移学习的缺失值插补算法研究_知识点_1125,概率,4,1
基于迁移学习的缺失值插补算法研究_3级_20,激活函数sigmoid,基于迁移学习的缺失值插补算法研究_知识点_1126,基本新数据,4,1
基于迁移学习的缺失值插补算法研究_3级_20,激活函数sigmoid,基于迁移学习的缺失值插补算法研究_知识点_1127,均匀分布,4,1
基于迁移学习的缺失值插补算法研究_3级_20,激活函数sigmoid,基于迁移学习的缺失值插补算法研究_知识点_1128,图像,4,1
基于迁移学习的缺失值插补算法研究_3级_20,激活函数sigmoid,基于迁移学习的缺失值插补算法研究_知识点_1129,钟形,4,1
基于迁移学习的缺失值插补算法研究_3级_20,激活函数sigmoid,基于迁移学习的缺失值插补算法研究_知识点_1130,微分,4,1
基于迁移学习的缺失值插补算法研究_3级_20,激活函数sigmoid,基于迁移学习的缺失值插补算法研究_知识点_1131,算法,4,1
基于迁移学习的缺失值插补算法研究_3级_20,激活函数sigmoid,基于迁移学习的缺失值插补算法研究_知识点_1132,梯度,4,1
基于迁移学习的缺失值插补算法研究_3级_20,激活函数sigmoid,基于迁移学习的缺失值插补算法研究_知识点_1133,机器学习,4,1
基于迁移学习的缺失值插补算法研究_3级_20,激活函数sigmoid,基于迁移学习的缺失值插补算法研究_知识点_1134,数学,4,1
基于迁移学习的缺失值插补算法研究_3级_20,激活函数sigmoid,基于迁移学习的缺失值插补算法研究_知识点_1135,数学表达式,4,1
基于迁移学习的缺失值插补算法研究_3级_20,激活函数sigmoid,基于迁移学习的缺失值插补算法研究_知识点_1136,平滑,4,1
基于迁移学习的缺失值插补算法研究_3级_20,激活函数sigmoid,基于迁移学习的缺失值插补算法研究_知识点_1137,损失函数,4,1
基于迁移学习的缺失值插补算法研究_3级_20,激活函数sigmoid,基于迁移学习的缺失值插补算法研究_知识点_1138,区间,4,1
基于迁移学习的缺失值插补算法研究_3级_20,激活函数sigmoid,基于迁移学习的缺失值插补算法研究_知识点_1139,数值,4,1
基于迁移学习的缺失值插补算法研究_3级_20,激活函数sigmoid,基于迁移学习的缺失值插补算法研究_知识点_1140,回归化,4,1
基于迁移学习的缺失值插补算法研究_3级_20,激活函数sigmoid,基于迁移学习的缺失值插补算法研究_知识点_1141,分类函数,4,1
基于迁移学习的缺失值插补算法研究_3级_20,激活函数sigmoid,基于迁移学习的缺失值插补算法研究_知识点_1142,激活函数,4,1
基于迁移学习的缺失值插补算法研究_3级_21,TradaBoostReg算法,基于迁移学习的缺失值插补算法研究_知识点_1143,tradaboostreg算法,4,5
基于迁移学习的缺失值插补算法研究_3级_21,TradaBoostReg算法,基于迁移学习的缺失值插补算法研究_知识点_1144,tradaboost,4,4
基于迁移学习的缺失值插补算法研究_3级_21,TradaBoostReg算法,基于迁移学习的缺失值插补算法研究_知识点_1145,缺失值插补算法,4,3
基于迁移学习的缺失值插补算法研究_3级_21,TradaBoostReg算法,基于迁移学习的缺失值插补算法研究_知识点_1146,权重,4,3
基于迁移学习的缺失值插补算法研究_3级_21,TradaBoostReg算法,基于迁移学习的缺失值插补算法研究_知识点_1147,tradaboost算法,4,3
基于迁移学习的缺失值插补算法研究_3级_21,TradaBoostReg算法,基于迁移学习的缺失值插补算法研究_知识点_1148,数据集,4,2
基于迁移学习的缺失值插补算法研究_3级_21,TradaBoostReg算法,基于迁移学习的缺失值插补算法研究_知识点_1149,值域,4,2
基于迁移学习的缺失值插补算法研究_3级_21,TradaBoostReg算法,基于迁移学习的缺失值插补算法研究_知识点_1150,激活函数,4,2
基于迁移学习的缺失值插补算法研究_3级_21,TradaBoostReg算法,基于迁移学习的缺失值插补算法研究_知识点_1151,误差,4,2
基于迁移学习的缺失值插补算法研究_3级_21,TradaBoostReg算法,基于迁移学习的缺失值插补算法研究_知识点_1152,缺失值插补流程,4,1
基于迁移学习的缺失值插补算法研究_3级_21,TradaBoostReg算法,基于迁移学习的缺失值插补算法研究_知识点_1153,插补,4,1
基于迁移学习的缺失值插补算法研究_3级_21,TradaBoostReg算法,基于迁移学习的缺失值插补算法研究_知识点_1154,缺失值插补模型,4,1
基于迁移学习的缺失值插补算法研究_3级_21,TradaBoostReg算法,基于迁移学习的缺失值插补算法研究_知识点_1155,tradaboostreg数据集,4,1
基于迁移学习的缺失值插补算法研究_3级_21,TradaBoostReg算法,基于迁移学习的缺失值插补算法研究_知识点_1156,相交数据集,4,1
基于迁移学习的缺失值插补算法研究_3级_21,TradaBoostReg算法,基于迁移学习的缺失值插补算法研究_知识点_1157,目标数据,4,1
基于迁移学习的缺失值插补算法研究_3级_21,TradaBoostReg算法,基于迁移学习的缺失值插补算法研究_知识点_1158,源数据,4,1
基于迁移学习的缺失值插补算法研究_3级_21,TradaBoostReg算法,基于迁移学习的缺失值插补算法研究_知识点_1159,离散化,4,1
基于迁移学习的缺失值插补算法研究_3级_21,TradaBoostReg算法,基于迁移学习的缺失值插补算法研究_知识点_1160,连续缺失值,4,1
基于迁移学习的缺失值插补算法研究_3级_21,TradaBoostReg算法,基于迁移学习的缺失值插补算法研究_知识点_1161,缺失值填充算法,4,1
基于迁移学习的缺失值插补算法研究_3级_21,TradaBoostReg算法,基于迁移学习的缺失值插补算法研究_知识点_1162,回归,4,1
基于迁移学习的缺失值插补算法研究_3级_21,TradaBoostReg算法,基于迁移学习的缺失值插补算法研究_知识点_1163,指数底数,4,1
基于迁移学习的缺失值插补算法研究_3级_21,TradaBoostReg算法,基于迁移学习的缺失值插补算法研究_知识点_1164,最终回归器,4,1
基于迁移学习的缺失值插补算法研究_3级_21,TradaBoostReg算法,基于迁移学习的缺失值插补算法研究_知识点_1165,酒肉,4,1
基于迁移学习的缺失值插补算法研究_3级_21,TradaBoostReg算法,基于迁移学习的缺失值插补算法研究_知识点_1166,权重向量,4,1
基于迁移学习的缺失值插补算法研究_3级_21,TradaBoostReg算法,基于迁移学习的缺失值插补算法研究_知识点_1167,moid,4,1
基于迁移学习的缺失值插补算法研究_3级_21,TradaBoostReg算法,基于迁移学习的缺失值插补算法研究_知识点_1168,js,4,1
基于迁移学习的缺失值插补算法研究_3级_21,TradaBoostReg算法,基于迁移学习的缺失值插补算法研究_知识点_1169,错误率,4,1
基于迁移学习的缺失值插补算法研究_3级_21,TradaBoostReg算法,基于迁移学习的缺失值插补算法研究_知识点_1170,分类器,4,1
基于迁移学习的缺失值插补算法研究_3级_21,TradaBoostReg算法,基于迁移学习的缺失值插补算法研究_知识点_1171,权重分布,4,1
基于迁移学习的缺失值插补算法研究_3级_21,TradaBoostReg算法,基于迁移学习的缺失值插补算法研究_知识点_1172,训练数,4,1
基于迁移学习的缺失值插补算法研究_3级_21,TradaBoostReg算法,基于迁移学习的缺失值插补算法研究_知识点_1173,learner,4,1
基于迁移学习的缺失值插补算法研究_3级_21,TradaBoostReg算法,基于迁移学习的缺失值插补算法研究_知识点_1174,初始向量权重,4,1
基于迁移学习的缺失值插补算法研究_3级_21,TradaBoostReg算法,基于迁移学习的缺失值插补算法研究_知识点_1175,回归树,4,1
基于迁移学习的缺失值插补算法研究_3级_21,TradaBoostReg算法,基于迁移学习的缺失值插补算法研究_知识点_1176,迭代次数,4,1
基于迁移学习的缺失值插补算法研究_3级_21,TradaBoostReg算法,基于迁移学习的缺失值插补算法研究_知识点_1177,弱学习器,4,1
基于迁移学习的缺失值插补算法研究_3级_21,TradaBoostReg算法,基于迁移学习的缺失值插补算法研究_知识点_1178,测试集,4,1
基于迁移学习的缺失值插补算法研究_3级_21,TradaBoostReg算法,基于迁移学习的缺失值插补算法研究_知识点_1179,目标数据集,4,1
基于迁移学习的缺失值插补算法研究_3级_21,TradaBoostReg算法,基于迁移学习的缺失值插补算法研究_知识点_1180,源数据集,4,1
基于迁移学习的缺失值插补算法研究_3级_21,TradaBoostReg算法,基于迁移学习的缺失值插补算法研究_知识点_1181,算法,4,1
基于迁移学习的缺失值插补算法研究_3级_21,TradaBoostReg算法,基于迁移学习的缺失值插补算法研究_知识点_1182,re,4,1
基于迁移学习的缺失值插补算法研究_3级_21,TradaBoostReg算法,基于迁移学习的缺失值插补算法研究_知识点_1183,sigmoid,4,1
基于迁移学习的缺失值插补算法研究_3级_21,TradaBoostReg算法,基于迁移学习的缺失值插补算法研究_知识点_1184,损失函数,4,1
基于迁移学习的缺失值插补算法研究_2级_16,改进传统的Tradaboost模型,基于迁移学习的缺失值插补算法研究_知识点_1185,tradaboost模型,4,3
基于迁移学习的缺失值插补算法研究_2级_16,改进传统的Tradaboost模型,基于迁移学习的缺失值插补算法研究_知识点_1186,标签,4,2
基于迁移学习的缺失值插补算法研究_2级_16,改进传统的Tradaboost模型,基于迁移学习的缺失值插补算法研究_知识点_1187,权重,4,2
基于迁移学习的缺失值插补算法研究_2级_16,改进传统的Tradaboost模型,基于迁移学习的缺失值插补算法研究_知识点_1188,误分类率,4,2
基于迁移学习的缺失值插补算法研究_2级_16,改进传统的Tradaboost模型,基于迁移学习的缺失值插补算法研究_知识点_1189,样本权重,4,2
基于迁移学习的缺失值插补算法研究_2级_16,改进传统的Tradaboost模型,基于迁移学习的缺失值插补算法研究_知识点_1190,算法,4,1
基于迁移学习的缺失值插补算法研究_2级_16,改进传统的Tradaboost模型,基于迁移学习的缺失值插补算法研究_知识点_1191,激活函数,4,1
基于迁移学习的缺失值插补算法研究_2级_16,改进传统的Tradaboost模型,基于迁移学习的缺失值插补算法研究_知识点_1192,值域,4,1
基于迁移学习的缺失值插补算法研究_2级_16,改进传统的Tradaboost模型,基于迁移学习的缺失值插补算法研究_知识点_1193,区间,4,1
基于迁移学习的缺失值插补算法研究_2级_16,改进传统的Tradaboost模型,基于迁移学习的缺失值插补算法研究_知识点_1194,连续值,4,1
基于迁移学习的缺失值插补算法研究_2级_16,改进传统的Tradaboost模型,基于迁移学习的缺失值插补算法研究_知识点_1195,回归模型,4,1
基于迁移学习的缺失值插补算法研究_2级_16,改进传统的Tradaboost模型,基于迁移学习的缺失值插补算法研究_知识点_1196,分类模型,4,1
基于迁移学习的缺失值插补算法研究_2级_16,改进传统的Tradaboost模型,基于迁移学习的缺失值插补算法研究_知识点_1197,误差,4,1
基于迁移学习的缺失值插补算法研究_2级_16,改进传统的Tradaboost模型,基于迁移学习的缺失值插补算法研究_知识点_1198,tradaboostrego,4,1
基于迁移学习的缺失值插补算法研究_2级_16,改进传统的Tradaboost模型,基于迁移学习的缺失值插补算法研究_知识点_1199,tradaboost算法,4,1
基于迁移学习的缺失值插补算法研究_2级_16,改进传统的Tradaboost模型,基于迁移学习的缺失值插补算法研究_知识点_1200,回归误差,4,1
基于迁移学习的缺失值插补算法研究_2级_16,改进传统的Tradaboost模型,基于迁移学习的缺失值插补算法研究_知识点_1201,分类误差,4,1
基于迁移学习的缺失值插补算法研究_2级_16,改进传统的Tradaboost模型,基于迁移学习的缺失值插补算法研究_知识点_1202,回归问题,4,1
基于迁移学习的缺失值插补算法研究_2级_16,改进传统的Tradaboost模型,基于迁移学习的缺失值插补算法研究_知识点_1203,分类问题,4,1
基于迁移学习的缺失值插补算法研究_2级_16,改进传统的Tradaboost模型,基于迁移学习的缺失值插补算法研究_知识点_1204,目标数据集,4,1
基于迁移学习的缺失值插补算法研究_2级_16,改进传统的Tradaboost模型,基于迁移学习的缺失值插补算法研究_知识点_1205,源数据集,4,1
基于迁移学习的缺失值插补算法研究_3级_22,实验设计,基于迁移学习的缺失值插补算法研究_知识点_1206,缺失值,4,5
基于迁移学习的缺失值插补算法研究_3级_22,实验设计,基于迁移学习的缺失值插补算法研究_知识点_1207,数据集,4,5
基于迁移学习的缺失值插补算法研究_3级_22,实验设计,基于迁移学习的缺失值插补算法研究_知识点_1208,机器学习算法,4,2
基于迁移学习的缺失值插补算法研究_3级_22,实验设计,基于迁移学习的缺失值插补算法研究_知识点_1209,迁移学习,4,2
基于迁移学习的缺失值插补算法研究_3级_22,实验设计,基于迁移学习的缺失值插补算法研究_知识点_1210,缺失值插补,4,2
基于迁移学习的缺失值插补算法研究_3级_22,实验设计,基于迁移学习的缺失值插补算法研究_知识点_1211,缺失比例,4,1
基于迁移学习的缺失值插补算法研究_3级_22,实验设计,基于迁移学习的缺失值插补算法研究_知识点_1212,误差,4,1
基于迁移学习的缺失值插补算法研究_3级_22,实验设计,基于迁移学习的缺失值插补算法研究_知识点_1213,随机性,4,1
基于迁移学习的缺失值插补算法研究_3级_22,实验设计,基于迁移学习的缺失值插补算法研究_知识点_1214,数据,4,1
基于迁移学习的缺失值插补算法研究_3级_22,实验设计,基于迁移学习的缺失值插补算法研究_知识点_1215,插补效果,4,1
基于迁移学习的缺失值插补算法研究_3级_22,实验设计,基于迁移学习的缺失值插补算法研究_知识点_1216,tradaboost,4,1
基于迁移学习的缺失值插补算法研究_3级_22,实验设计,基于迁移学习的缺失值插补算法研究_知识点_1217,迁移学习算法,4,1
基于迁移学习的缺失值插补算法研究_3级_22,实验设计,基于迁移学习的缺失值插补算法研究_知识点_1218,机器学习,4,1
基于迁移学习的缺失值插补算法研究_3级_22,实验设计,基于迁移学习的缺失值插补算法研究_知识点_1219,算法,4,1
基于迁移学习的缺失值插补算法研究_3级_22,实验设计,基于迁移学习的缺失值插补算法研究_知识点_1220,训练模型,4,1
基于迁移学习的缺失值插补算法研究_3级_22,实验设计,基于迁移学习的缺失值插补算法研究_知识点_1221,插补算法,4,1
基于迁移学习的缺失值插补算法研究_3级_22,实验设计,基于迁移学习的缺失值插补算法研究_知识点_1222,缺失值插补法,4,1
基于迁移学习的缺失值插补算法研究_3级_22,实验设计,基于迁移学习的缺失值插补算法研究_知识点_1223,缩感知缺失值插补算法,4,1
基于迁移学习的缺失值插补算法研究_3级_22,实验设计,基于迁移学习的缺失值插补算法研究_知识点_1224,低秩矩阵压,4,1
基于迁移学习的缺失值插补算法研究_3级_22,实验设计,基于迁移学习的缺失值插补算法研究_知识点_1225,机器学习插补算法,4,1
基于迁移学习的缺失值插补算法研究_3级_22,实验设计,基于迁移学习的缺失值插补算法研究_知识点_1226,插补,4,1
基于迁移学习的缺失值插补算法研究_3级_22,实验设计,基于迁移学习的缺失值插补算法研究_知识点_1227,0值,4,1
基于迁移学习的缺失值插补算法研究_3级_22,实验设计,基于迁移学习的缺失值插补算法研究_知识点_1228,收缩压,4,1
基于迁移学习的缺失值插补算法研究_3级_22,实验设计,基于迁移学习的缺失值插补算法研究_知识点_1229,缺失值插补算法,4,1
基于迁移学习的缺失值插补算法研究_3级_23,结果分析,基于迁移学习的缺失值插补算法研究_知识点_1230,缺失值,4,8
基于迁移学习的缺失值插补算法研究_3级_23,结果分析,基于迁移学习的缺失值插补算法研究_知识点_1231,数据集,4,8
基于迁移学习的缺失值插补算法研究_3级_23,结果分析,基于迁移学习的缺失值插补算法研究_知识点_1232,迁移学习填充,4,4
基于迁移学习的缺失值插补算法研究_3级_23,结果分析,基于迁移学习的缺失值插补算法研究_知识点_1233,缺失值插补算法,4,3
基于迁移学习的缺失值插补算法研究_3级_23,结果分析,基于迁移学习的缺失值插补算法研究_知识点_1234,迁移学习,4,2
基于迁移学习的缺失值插补算法研究_3级_23,结果分析,基于迁移学习的缺失值插补算法研究_知识点_1235,插补,4,2
基于迁移学习的缺失值插补算法研究_3级_23,结果分析,基于迁移学习的缺失值插补算法研究_知识点_1236,回归模型,4,2
基于迁移学习的缺失值插补算法研究_3级_23,结果分析,基于迁移学习的缺失值插补算法研究_知识点_1237,分类模型,4,2
基于迁移学习的缺失值插补算法研究_3级_23,结果分析,基于迁移学习的缺失值插补算法研究_知识点_1238,低秩矩阵填充,4,2
基于迁移学习的缺失值插补算法研究_3级_23,结果分析,基于迁移学习的缺失值插补算法研究_知识点_1239,k-nn,4,2
基于迁移学习的缺失值插补算法研究_3级_23,结果分析,基于迁移学习的缺失值插补算法研究_知识点_1240,缺失百分比,4,2
基于迁移学习的缺失值插补算法研究_3级_23,结果分析,基于迁移学习的缺失值插补算法研究_知识点_1241,插补算法,4,2
基于迁移学习的缺失值插补算法研究_3级_23,结果分析,基于迁移学习的缺失值插补算法研究_知识点_1242,fi值,4,2
基于迁移学习的缺失值插补算法研究_3级_23,结果分析,基于迁移学习的缺失值插补算法研究_知识点_1243,auc,4,2
基于迁移学习的缺失值插补算法研究_3级_23,结果分析,基于迁移学习的缺失值插补算法研究_知识点_1244,缺失值插补,4,2
基于迁移学习的缺失值插补算法研究_3级_23,结果分析,基于迁移学习的缺失值插补算法研究_知识点_1245,信息损失,4,1
基于迁移学习的缺失值插补算法研究_3级_23,结果分析,基于迁移学习的缺失值插补算法研究_知识点_1246,离散值,4,1
基于迁移学习的缺失值插补算法研究_3级_23,结果分析,基于迁移学习的缺失值插补算法研究_知识点_1247,连续值,4,1
基于迁移学习的缺失值插补算法研究_3级_23,结果分析,基于迁移学习的缺失值插补算法研究_知识点_1248,数据,4,1
基于迁移学习的缺失值插补算法研究_3级_23,结果分析,基于迁移学习的缺失值插补算法研究_知识点_1249,低秩矩阵分解算法,4,1
基于迁移学习的缺失值插补算法研究_3级_23,结果分析,基于迁移学习的缺失值插补算法研究_知识点_1250,性能,4,1
基于迁移学习的缺失值插补算法研究_3级_23,结果分析,基于迁移学习的缺失值插补算法研究_知识点_1251,学习缺失值,4,1
基于迁移学习的缺失值插补算法研究_3级_23,结果分析,基于迁移学习的缺失值插补算法研究_知识点_1252,迁移,4,1
基于迁移学习的缺失值插补算法研究_3级_23,结果分析,基于迁移学习的缺失值插补算法研究_知识点_1253,auc值,4,1
基于迁移学习的缺失值插补算法研究_3级_23,结果分析,基于迁移学习的缺失值插补算法研究_知识点_1254,缺失值插补模型,4,1
基于迁移学习的缺失值插补算法研究_3级_23,结果分析,基于迁移学习的缺失值插补算法研究_知识点_1255,缺失值算法,4,1
基于迁移学习的缺失值插补算法研究_3级_23,结果分析,基于迁移学习的缺失值插补算法研究_知识点_1256,缺失,4,1
基于迁移学习的缺失值插补算法研究_3级_23,结果分析,基于迁移学习的缺失值插补算法研究_知识点_1257,迁移学习缺失值,4,1
基于迁移学习的缺失值插补算法研究_3级_23,结果分析,基于迁移学习的缺失值插补算法研究_知识点_1258,缺失比,4,1
基于迁移学习的缺失值插补算法研究_3级_23,结果分析,基于迁移学习的缺失值插补算法研究_知识点_1259,指标,4,1
基于迁移学习的缺失值插补算法研究_3级_23,结果分析,基于迁移学习的缺失值插补算法研究_知识点_1260,数值,4,1
基于迁移学习的缺失值插补算法研究_3级_23,结果分析,基于迁移学习的缺失值插补算法研究_知识点_1261,特征列,4,1
基于迁移学习的缺失值插补算法研究_2级_17,TradaBoostReg算法实验结果分析,基于迁移学习的缺失值插补算法研究_知识点_1262,回归学习,4,1
基于迁移学习的缺失值插补算法研究_2级_17,TradaBoostReg算法实验结果分析,基于迁移学习的缺失值插补算法研究_知识点_1263,源数据,4,1
基于迁移学习的缺失值插补算法研究_2级_17,TradaBoostReg算法实验结果分析,基于迁移学习的缺失值插补算法研究_知识点_1264,boost,4,1
基于迁移学习的缺失值插补算法研究_2级_17,TradaBoostReg算法实验结果分析,基于迁移学习的缺失值插补算法研究_知识点_1265,tradaboostreg,4,1
基于迁移学习的缺失值插补算法研究_2级_17,TradaBoostReg算法实验结果分析,基于迁移学习的缺失值插补算法研究_知识点_1266,tradaboost框架,4,1
基于迁移学习的缺失值插补算法研究_2级_17,TradaBoostReg算法实验结果分析,基于迁移学习的缺失值插补算法研究_知识点_1267,tradaboostreg算法,4,1
基于迁移学习的缺失值插补算法研究_3级_24,误差标准化的思路,基于迁移学习的缺失值插补算法研究_知识点_1268,sigmoid函数,4,9
基于迁移学习的缺失值插补算法研究_3级_24,误差标准化的思路,基于迁移学习的缺失值插补算法研究_知识点_1269,误差,4,5
基于迁移学习的缺失值插补算法研究_3级_24,误差标准化的思路,基于迁移学习的缺失值插补算法研究_知识点_1270,斜率,4,4
基于迁移学习的缺失值插补算法研究_3级_24,误差标准化的思路,基于迁移学习的缺失值插补算法研究_知识点_1271,误差标准化,4,3
基于迁移学习的缺失值插补算法研究_3级_24,误差标准化的思路,基于迁移学习的缺失值插补算法研究_知识点_1272,数值,4,2
基于迁移学习的缺失值插补算法研究_3级_24,误差标准化的思路,基于迁移学习的缺失值插补算法研究_知识点_1273,线性缩放,4,2
基于迁移学习的缺失值插补算法研究_3级_24,误差标准化的思路,基于迁移学习的缺失值插补算法研究_知识点_1274,缩放关系,4,2
基于迁移学习的缺失值插补算法研究_3级_24,误差标准化的思路,基于迁移学习的缺失值插补算法研究_知识点_1275,jsigmoidfs,4,1
基于迁移学习的缺失值插补算法研究_3级_24,误差标准化的思路,基于迁移学习的缺失值插补算法研究_知识点_1276,误差计算函数,4,1
基于迁移学习的缺失值插补算法研究_3级_24,误差标准化的思路,基于迁移学习的缺失值插补算法研究_知识点_1277,权重迭代,4,1
基于迁移学习的缺失值插补算法研究_3级_24,误差标准化的思路,基于迁移学习的缺失值插补算法研究_知识点_1278,最终误差,4,1
基于迁移学习的缺失值插补算法研究_3级_24,误差标准化的思路,基于迁移学习的缺失值插补算法研究_知识点_1279,误差均值,4,1
基于迁移学习的缺失值插补算法研究_3级_24,误差标准化的思路,基于迁移学习的缺失值插补算法研究_知识点_1280,常数,4,1
基于迁移学习的缺失值插补算法研究_3级_24,误差标准化的思路,基于迁移学习的缺失值插补算法研究_知识点_1281,干扰,4,1
基于迁移学习的缺失值插补算法研究_3级_24,误差标准化的思路,基于迁移学习的缺失值插补算法研究_知识点_1282,噪声,4,1
基于迁移学习的缺失值插补算法研究_3级_24,误差标准化的思路,基于迁移学习的缺失值插补算法研究_知识点_1283,权重,4,1
基于迁移学习的缺失值插补算法研究_3级_24,误差标准化的思路,基于迁移学习的缺失值插补算法研究_知识点_1284,误差计算,4,1
基于迁移学习的缺失值插补算法研究_3级_24,误差标准化的思路,基于迁移学习的缺失值插补算法研究_知识点_1285,绝对值,4,1
基于迁移学习的缺失值插补算法研究_3级_24,误差标准化的思路,基于迁移学习的缺失值插补算法研究_知识点_1286,函数,4,1
基于迁移学习的缺失值插补算法研究_3级_24,误差标准化的思路,基于迁移学习的缺失值插补算法研究_知识点_1287,tradaboostreg算法,4,1
基于迁移学习的缺失值插补算法研究_3级_24,误差标准化的思路,基于迁移学习的缺失值插补算法研究_知识点_1288,区间,4,1
基于迁移学习的缺失值插补算法研究_3级_25,实验结果分析,基于迁移学习的缺失值插补算法研究_知识点_1289,误差标准化,4,14
基于迁移学习的缺失值插补算法研究_3级_25,实验结果分析,基于迁移学习的缺失值插补算法研究_知识点_1290,迁移学习,4,8
基于迁移学习的缺失值插补算法研究_3级_25,实验结果分析,基于迁移学习的缺失值插补算法研究_知识点_1291,数据集,4,8
基于迁移学习的缺失值插补算法研究_3级_25,实验结果分析,基于迁移学习的缺失值插补算法研究_知识点_1292,误差,4,8
基于迁移学习的缺失值插补算法研究_3级_25,实验结果分析,基于迁移学习的缺失值插补算法研究_知识点_1293,插补,4,7
基于迁移学习的缺失值插补算法研究_3级_25,实验结果分析,基于迁移学习的缺失值插补算法研究_知识点_1294,缺失值,4,6
基于迁移学习的缺失值插补算法研究_3级_25,实验结果分析,基于迁移学习的缺失值插补算法研究_知识点_1295,缺失值插补算法,4,6
基于迁移学习的缺失值插补算法研究_3级_25,实验结果分析,基于迁移学习的缺失值插补算法研究_知识点_1296,性能,4,6
基于迁移学习的缺失值插补算法研究_3级_25,实验结果分析,基于迁移学习的缺失值插补算法研究_知识点_1297,迭代次数,4,3
基于迁移学习的缺失值插补算法研究_3级_25,实验结果分析,基于迁移学习的缺失值插补算法研究_知识点_1298,误差因子,4,3
基于迁移学习的缺失值插补算法研究_3级_25,实验结果分析,基于迁移学习的缺失值插补算法研究_知识点_1299,缺失百分比,4,3
基于迁移学习的缺失值插补算法研究_3级_25,实验结果分析,基于迁移学习的缺失值插补算法研究_知识点_1300,缺失比例,4,3
基于迁移学习的缺失值插补算法研究_3级_25,实验结果分析,基于迁移学习的缺失值插补算法研究_知识点_1301,auc,4,3
基于迁移学习的缺失值插补算法研究_3级_25,实验结果分析,基于迁移学习的缺失值插补算法研究_知识点_1302,标准化,4,3
基于迁移学习的缺失值插补算法研究_3级_25,实验结果分析,基于迁移学习的缺失值插补算法研究_知识点_1303,常数,4,3
基于迁移学习的缺失值插补算法研究_3级_25,实验结果分析,基于迁移学习的缺失值插补算法研究_知识点_1304,梯度,4,2
基于迁移学习的缺失值插补算法研究_3级_25,实验结果分析,基于迁移学习的缺失值插补算法研究_知识点_1305,回归模型,4,2
基于迁移学习的缺失值插补算法研究_3级_25,实验结果分析,基于迁移学习的缺失值插补算法研究_知识点_1306,分类模型,4,2
基于迁移学习的缺失值插补算法研究_3级_25,实验结果分析,基于迁移学习的缺失值插补算法研究_知识点_1307,低秩矩阵插补,4,2
基于迁移学习的缺失值插补算法研究_3级_25,实验结果分析,基于迁移学习的缺失值插补算法研究_知识点_1308,-nn,4,2
基于迁移学习的缺失值插补算法研究_3级_25,实验结果分析,基于迁移学习的缺失值插补算法研究_知识点_1309,缺失值插补,4,2
基于迁移学习的缺失值插补算法研究_3级_25,实验结果分析,基于迁移学习的缺失值插补算法研究_知识点_1310,均值,4,2
基于迁移学习的缺失值插补算法研究_3级_25,实验结果分析,基于迁移学习的缺失值插补算法研究_知识点_1311,迭代效率,4,1
基于迁移学习的缺失值插补算法研究_3级_25,实验结果分析,基于迁移学习的缺失值插补算法研究_知识点_1312,权重迭代,4,1
基于迁移学习的缺失值插补算法研究_3级_25,实验结果分析,基于迁移学习的缺失值插补算法研究_知识点_1313,迭代权重,4,1
基于迁移学习的缺失值插补算法研究_3级_25,实验结果分析,基于迁移学习的缺失值插补算法研究_知识点_1314,sigmoid函数,4,1
基于迁移学习的缺失值插补算法研究_3级_25,实验结果分析,基于迁移学习的缺失值插补算法研究_知识点_1315,缺失比,4,1
基于迁移学习的缺失值插补算法研究_3级_25,实验结果分析,基于迁移学习的缺失值插补算法研究_知识点_1316,迭代轮次,4,1
基于迁移学习的缺失值插补算法研究_3级_25,实验结果分析,基于迁移学习的缺失值插补算法研究_知识点_1317,迭代速率,4,1
基于迁移学习的缺失值插补算法研究_3级_25,实验结果分析,基于迁移学习的缺失值插补算法研究_知识点_1318,迭代速度,4,1
基于迁移学习的缺失值插补算法研究_3级_25,实验结果分析,基于迁移学习的缺失值插补算法研究_知识点_1319,误差信息,4,1
基于迁移学习的缺失值插补算法研究_3级_25,实验结果分析,基于迁移学习的缺失值插补算法研究_知识点_1320,标准,4,1
基于迁移学习的缺失值插补算法研究_3级_25,实验结果分析,基于迁移学习的缺失值插补算法研究_知识点_1321,指标,4,1
基于迁移学习的缺失值插补算法研究_3级_25,实验结果分析,基于迁移学习的缺失值插补算法研究_知识点_1322,auc值,4,1
基于迁移学习的缺失值插补算法研究_3级_25,实验结果分析,基于迁移学习的缺失值插补算法研究_知识点_1323,数据,4,1
基于迁移学习的缺失值插补算法研究_3级_25,实验结果分析,基于迁移学习的缺失值插补算法研究_知识点_1324,特征列,4,1
基于迁移学习的缺失值插补算法研究_3级_25,实验结果分析,基于迁移学习的缺失值插补算法研究_知识点_1325,随机性,4,1
基于迁移学习的缺失值插补算法研究_3级_25,实验结果分析,基于迁移学习的缺失值插补算法研究_知识点_1326,弱学习器,4,1
基于迁移学习的缺失值插补算法研究_2级_18,误差的标准化,基于迁移学习的缺失值插补算法研究_知识点_1327,缺失值插补算法,4,2
基于迁移学习的缺失值插补算法研究_2级_18,误差的标准化,基于迁移学习的缺失值插补算法研究_知识点_1328,迁移学习,4,1
基于迁移学习的缺失值插补算法研究_2级_18,误差的标准化,基于迁移学习的缺失值插补算法研究_知识点_1329,回归,4,1
基于迁移学习的缺失值插补算法研究_2级_18,误差的标准化,基于迁移学习的缺失值插补算法研究_知识点_1330,缺失值,4,1
基于迁移学习的缺失值插补算法研究_2级_18,误差的标准化,基于迁移学习的缺失值插补算法研究_知识点_1331,tradaboost算法,4,1
基于迁移学习的缺失值插补算法研究_2级_18,误差的标准化,基于迁移学习的缺失值插补算法研究_知识点_1332,标准化,4,1
基于迁移学习的缺失值插补算法研究_2级_18,误差的标准化,基于迁移学习的缺失值插补算法研究_知识点_1333,误差,4,1
基于迁移学习的缺失值插补算法研究_2级_19,本章小结,基于迁移学习的缺失值插补算法研究_知识点_1334,tradaboostreg算法,4,3
基于迁移学习的缺失值插补算法研究_2级_19,本章小结,基于迁移学习的缺失值插补算法研究_知识点_1335,误差,4,2
基于迁移学习的缺失值插补算法研究_2级_19,本章小结,基于迁移学习的缺失值插补算法研究_知识点_1336,误差标准化,4,2
基于迁移学习的缺失值插补算法研究_2级_19,本章小结,基于迁移学习的缺失值插补算法研究_知识点_1337,性能,4,2
基于迁移学习的缺失值插补算法研究_2级_19,本章小结,基于迁移学习的缺失值插补算法研究_知识点_1338,迭代次数,4,2
基于迁移学习的缺失值插补算法研究_2级_19,本章小结,基于迁移学习的缺失值插补算法研究_知识点_1339,迁移学习算法,4,2
基于迁移学习的缺失值插补算法研究_2级_19,本章小结,基于迁移学习的缺失值插补算法研究_知识点_1340,缺失值,4,2
基于迁移学习的缺失值插补算法研究_2级_19,本章小结,基于迁移学习的缺失值插补算法研究_知识点_1341,标准化,4,1
基于迁移学习的缺失值插补算法研究_2级_19,本章小结,基于迁移学习的缺失值插补算法研究_知识点_1342,区间,4,1
基于迁移学习的缺失值插补算法研究_2级_19,本章小结,基于迁移学习的缺失值插补算法研究_知识点_1343,误差损失函数,4,1
基于迁移学习的缺失值插补算法研究_2级_19,本章小结,基于迁移学习的缺失值插补算法研究_知识点_1344,数学,4,1
基于迁移学习的缺失值插补算法研究_2级_19,本章小结,基于迁移学习的缺失值插补算法研究_知识点_1345,tradaboostrego,4,1
基于迁移学习的缺失值插补算法研究_2级_19,本章小结,基于迁移学习的缺失值插补算法研究_知识点_1346,回归任务,4,1
基于迁移学习的缺失值插补算法研究_2级_19,本章小结,基于迁移学习的缺失值插补算法研究_知识点_1347,插补算法,4,1
基于迁移学习的缺失值插补算法研究_2级_19,本章小结,基于迁移学习的缺失值插补算法研究_知识点_1348,迁移学习,4,1
基于迁移学习的缺失值插补算法研究_2级_20,工作总结,基于迁移学习的缺失值插补算法研究_知识点_1349,数据集,4,7
基于迁移学习的缺失值插补算法研究_2级_20,工作总结,基于迁移学习的缺失值插补算法研究_知识点_1350,tradaboostreg算法,4,6
基于迁移学习的缺失值插补算法研究_2级_20,工作总结,基于迁移学习的缺失值插补算法研究_知识点_1351,数据,4,5
基于迁移学习的缺失值插补算法研究_2级_20,工作总结,基于迁移学习的缺失值插补算法研究_知识点_1352,缺失值,4,4
基于迁移学习的缺失值插补算法研究_2级_20,工作总结,基于迁移学习的缺失值插补算法研究_知识点_1353,迁移学习算法,4,4
基于迁移学习的缺失值插补算法研究_2级_20,工作总结,基于迁移学习的缺失值插补算法研究_知识点_1354,缺失值插补算法,4,4
基于迁移学习的缺失值插补算法研究_2级_20,工作总结,基于迁移学习的缺失值插补算法研究_知识点_1355,信息,4,3
基于迁移学习的缺失值插补算法研究_2级_20,工作总结,基于迁移学习的缺失值插补算法研究_知识点_1356,回归,4,2
基于迁移学习的缺失值插补算法研究_2级_20,工作总结,基于迁移学习的缺失值插补算法研究_知识点_1357,迁移,4,2
基于迁移学习的缺失值插补算法研究_2级_20,工作总结,基于迁移学习的缺失值插补算法研究_知识点_1358,源数据,4,2
基于迁移学习的缺失值插补算法研究_2级_20,工作总结,基于迁移学习的缺失值插补算法研究_知识点_1359,数据量,4,2
基于迁移学习的缺失值插补算法研究_2级_20,工作总结,基于迁移学习的缺失值插补算法研究_知识点_1360,互联网,4,2
基于迁移学习的缺失值插补算法研究_2级_20,工作总结,基于迁移学习的缺失值插补算法研究_知识点_1361,误差损失,4,1
基于迁移学习的缺失值插补算法研究_2级_20,工作总结,基于迁移学习的缺失值插补算法研究_知识点_1362,损失函数,4,1
基于迁移学习的缺失值插补算法研究_2级_20,工作总结,基于迁移学习的缺失值插补算法研究_知识点_1363,性能,4,1
基于迁移学习的缺失值插补算法研究_2级_20,工作总结,基于迁移学习的缺失值插补算法研究_知识点_1364,迭代次数,4,1
基于迁移学习的缺失值插补算法研究_2级_20,工作总结,基于迁移学习的缺失值插补算法研究_知识点_1365,类别型缺失值,4,1
基于迁移学习的缺失值插补算法研究_2级_20,工作总结,基于迁移学习的缺失值插补算法研究_知识点_1366,tradaboost,4,1
基于迁移学习的缺失值插补算法研究_2级_20,工作总结,基于迁移学习的缺失值插补算法研究_知识点_1367,医疗数据,4,1
基于迁移学习的缺失值插补算法研究_2级_20,工作总结,基于迁移学习的缺失值插补算法研究_知识点_1368,缺失值算法,4,1
基于迁移学习的缺失值插补算法研究_2级_20,工作总结,基于迁移学习的缺失值插补算法研究_知识点_1369,auc,4,1
基于迁移学习的缺失值插补算法研究_2级_20,工作总结,基于迁移学习的缺失值插补算法研究_知识点_1370,糖尿病,4,1
基于迁移学习的缺失值插补算法研究_2级_20,工作总结,基于迁移学习的缺失值插补算法研究_知识点_1371,目标数据集,4,1
基于迁移学习的缺失值插补算法研究_2级_20,工作总结,基于迁移学习的缺失值插补算法研究_知识点_1372,辅助模型,4,1
基于迁移学习的缺失值插补算法研究_2级_20,工作总结,基于迁移学习的缺失值插补算法研究_知识点_1373,迁移学习,4,1
基于迁移学习的缺失值插补算法研究_2级_20,工作总结,基于迁移学习的缺失值插补算法研究_知识点_1374,数据缺失量,4,1
基于迁移学习的缺失值插补算法研究_2级_20,工作总结,基于迁移学习的缺失值插补算法研究_知识点_1375,实例数据,4,1
基于迁移学习的缺失值插补算法研究_2级_20,工作总结,基于迁移学习的缺失值插补算法研究_知识点_1376,算法,4,1
基于迁移学习的缺失值插补算法研究_2级_20,工作总结,基于迁移学习的缺失值插补算法研究_知识点_1377,复现经典算法,4,1
基于迁移学习的缺失值插补算法研究_2级_20,工作总结,基于迁移学习的缺失值插补算法研究_知识点_1378,预处理,4,1
基于迁移学习的缺失值插补算法研究_2级_20,工作总结,基于迁移学习的缺失值插补算法研究_知识点_1379,数据切分,4,1
基于迁移学习的缺失值插补算法研究_2级_20,工作总结,基于迁移学习的缺失值插补算法研究_知识点_1380,数据清,4,1
基于迁移学习的缺失值插补算法研究_2级_20,工作总结,基于迁移学习的缺失值插补算法研究_知识点_1381,据库,4,1
基于迁移学习的缺失值插补算法研究_2级_20,工作总结,基于迁移学习的缺失值插补算法研究_知识点_1382,寻找数据集,4,1
基于迁移学习的缺失值插补算法研究_2级_20,工作总结,基于迁移学习的缺失值插补算法研究_知识点_1383,插补,4,1
基于迁移学习的缺失值插补算法研究_2级_20,工作总结,基于迁移学习的缺失值插补算法研究_知识点_1384,目标数据,4,1
基于迁移学习的缺失值插补算法研究_2级_20,工作总结,基于迁移学习的缺失值插补算法研究_知识点_1385,大数据分析,4,1
基于迁移学习的缺失值插补算法研究_2级_20,工作总结,基于迁移学习的缺失值插补算法研究_知识点_1386,缺失值插补,4,1
基于迁移学习的缺失值插补算法研究_2级_20,工作总结,基于迁移学习的缺失值插补算法研究_知识点_1387,信息流动,4,1
基于迁移学习的缺失值插补算法研究_2级_20,工作总结,基于迁移学习的缺失值插补算法研究_知识点_1388,数据管理,4,1
基于迁移学习的缺失值插补算法研究_2级_20,工作总结,基于迁移学习的缺失值插补算法研究_知识点_1389,指数,4,1
基于迁移学习的缺失值插补算法研究_1级_3,基于迁移学习的缺失值插补模型,基于迁移学习的缺失值插补算法研究_知识点_1390,缺失值,4,6
基于迁移学习的缺失值插补算法研究_1级_3,基于迁移学习的缺失值插补模型,基于迁移学习的缺失值插补算法研究_知识点_1391,迁移学习,4,6
基于迁移学习的缺失值插补算法研究_1级_3,基于迁移学习的缺失值插补模型,基于迁移学习的缺失值插补算法研究_知识点_1392,信息,4,4
基于迁移学习的缺失值插补算法研究_1级_3,基于迁移学习的缺失值插补模型,基于迁移学习的缺失值插补算法研究_知识点_1393,插补缺失值算法,4,3
基于迁移学习的缺失值插补算法研究_1级_3,基于迁移学习的缺失值插补模型,基于迁移学习的缺失值插补算法研究_知识点_1394,机器学习,4,3
基于迁移学习的缺失值插补算法研究_1级_3,基于迁移学习的缺失值插补模型,基于迁移学习的缺失值插补算法研究_知识点_1395,数据集,4,3
基于迁移学习的缺失值插补算法研究_1级_3,基于迁移学习的缺失值插补模型,基于迁移学习的缺失值插补算法研究_知识点_1396,缺失值插补算法,4,2
基于迁移学习的缺失值插补算法研究_1级_3,基于迁移学习的缺失值插补模型,基于迁移学习的缺失值插补算法研究_知识点_1397,缺失值插补模型,4,1
基于迁移学习的缺失值插补算法研究_1级_3,基于迁移学习的缺失值插补模型,基于迁移学习的缺失值插补算法研究_知识点_1398,本地信息,4,1
基于迁移学习的缺失值插补算法研究_1级_3,基于迁移学习的缺失值插补模型,基于迁移学习的缺失值插补算法研究_知识点_1399,外来信息,4,1
基于迁移学习的缺失值插补算法研究_1级_3,基于迁移学习的缺失值插补模型,基于迁移学习的缺失值插补算法研究_知识点_1400,插补,4,1
基于迁移学习的缺失值插补算法研究_1级_3,基于迁移学习的缺失值插补模型,基于迁移学习的缺失值插补算法研究_知识点_1401,迁移学习缺失值,4,1
基于迁移学习的缺失值插补算法研究_1级_3,基于迁移学习的缺失值插补模型,基于迁移学习的缺失值插补算法研究_知识点_1402,信息论,4,1
基于迁移学习的缺失值插补算法研究_1级_3,基于迁移学习的缺失值插补模型,基于迁移学习的缺失值插补算法研究_知识点_1403,本地数据,4,1
基于迁移学习的缺失值插补算法研究_1级_3,基于迁移学习的缺失值插补模型,基于迁移学习的缺失值插补算法研究_知识点_1404,目标数据,4,1
基于迁移学习的缺失值插补算法研究_1级_3,基于迁移学习的缺失值插补模型,基于迁移学习的缺失值插补算法研究_知识点_1405,统计,4,1
基于迁移学习的缺失值插补算法研究_1级_3,基于迁移学习的缺失值插补模型,基于迁移学习的缺失值插补算法研究_知识点_1406,低秩矩阵插补算法,4,1
基于迁移学习的缺失值插补算法研究_1级_3,基于迁移学习的缺失值插补模型,基于迁移学习的缺失值插补算法研究_知识点_1407,压缩感知,4,1
基于迁移学习的缺失值插补算法研究_1级_3,基于迁移学习的缺失值插补模型,基于迁移学习的缺失值插补算法研究_知识点_1408,插补方法,4,1
基于迁移学习的缺失值插补算法研究_1级_3,基于迁移学习的缺失值插补模型,基于迁移学习的缺失值插补算法研究_知识点_1409,主成分,4,1
基于迁移学习的缺失值插补算法研究_1级_3,基于迁移学习的缺失值插补模型,基于迁移学习的缺失值插补算法研究_知识点_1410,多重插补,4,1
基于迁移学习的缺失值插补算法研究_1级_3,基于迁移学习的缺失值插补模型,基于迁移学习的缺失值插补算法研究_知识点_1411,贝叶斯插补,4,1
基于迁移学习的缺失值插补算法研究_1级_3,基于迁移学习的缺失值插补模型,基于迁移学习的缺失值插补算法研究_知识点_1412,均值插补,4,1
基于迁移学习的缺失值插补算法研究_1级_3,基于迁移学习的缺失值插补模型,基于迁移学习的缺失值插补算法研究_知识点_1413,数量,4,1
基于迁移学习的缺失值插补算法研究_1级_3,基于迁移学习的缺失值插补模型,基于迁移学习的缺失值插补算法研究_知识点_1414,插补模型,4,1
基于迁移学习的缺失值插补算法研究_1级_2,迁移学习缺失值插补相关技术,基于迁移学习的缺失值插补算法研究_知识点_1415,迁移学习,4,3
基于迁移学习的缺失值插补算法研究_1级_2,迁移学习缺失值插补相关技术,基于迁移学习的缺失值插补算法研究_知识点_1416,迁移学习算法,4,2
基于迁移学习的缺失值插补算法研究_1级_2,迁移学习缺失值插补相关技术,基于迁移学习的缺失值插补算法研究_知识点_1417,缺失值插补,4,2
基于迁移学习的缺失值插补算法研究_1级_2,迁移学习缺失值插补相关技术,基于迁移学习的缺失值插补算法研究_知识点_1418,插补,4,2
基于迁移学习的缺失值插补算法研究_1级_2,迁移学习缺失值插补相关技术,基于迁移学习的缺失值插补算法研究_知识点_1419,缺失值,4,2
基于迁移学习的缺失值插补算法研究_1级_2,迁移学习缺失值插补相关技术,基于迁移学习的缺失值插补算法研究_知识点_1420,分类任务,4,1
基于迁移学习的缺失值插补算法研究_1级_2,迁移学习缺失值插补相关技术,基于迁移学习的缺失值插补算法研究_知识点_1421,分类模型,4,1
基于迁移学习的缺失值插补算法研究_1级_2,迁移学习缺失值插补相关技术,基于迁移学习的缺失值插补算法研究_知识点_1422,决策树模型,4,1
基于迁移学习的缺失值插补算法研究_1级_2,迁移学习缺失值插补相关技术,基于迁移学习的缺失值插补算法研究_知识点_1423,k-nn,4,1
基于迁移学习的缺失值插补算法研究_1级_2,迁移学习缺失值插补相关技术,基于迁移学习的缺失值插补算法研究_知识点_1424,机器学习算法,4,1
基于迁移学习的缺失值插补算法研究_1级_2,迁移学习缺失值插补相关技术,基于迁移学习的缺失值插补算法研究_知识点_1425,迁移学,4,1
基于迁移学习的缺失值插补算法研究_1级_4,基于回归的TradaBoostReg算法,基于迁移学习的缺失值插补算法研究_知识点_1426,tradaboost模型,4,3
基于迁移学习的缺失值插补算法研究_1级_4,基于回归的TradaBoostReg算法,基于迁移学习的缺失值插补算法研究_知识点_1427,缺失值,4,3
基于迁移学习的缺失值插补算法研究_1级_4,基于回归的TradaBoostReg算法,基于迁移学习的缺失值插补算法研究_知识点_1428,回归,4,2
基于迁移学习的缺失值插补算法研究_1级_4,基于回归的TradaBoostReg算法,基于迁移学习的缺失值插补算法研究_知识点_1429,变量,4,2
基于迁移学习的缺失值插补算法研究_1级_4,基于回归的TradaBoostReg算法,基于迁移学习的缺失值插补算法研究_知识点_1430,填充算法,4,2
基于迁移学习的缺失值插补算法研究_1级_4,基于回归的TradaBoostReg算法,基于迁移学习的缺失值插补算法研究_知识点_1431,tradaboostreg算法,4,2
基于迁移学习的缺失值插补算法研究_1级_4,基于回归的TradaBoostReg算法,基于迁移学习的缺失值插补算法研究_知识点_1432,回归问题,4,1
基于迁移学习的缺失值插补算法研究_1级_4,基于回归的TradaBoostReg算法,基于迁移学习的缺失值插补算法研究_知识点_1433,损失函数,4,1
基于迁移学习的缺失值插补算法研究_1级_4,基于回归的TradaBoostReg算法,基于迁移学习的缺失值插补算法研究_知识点_1434,迁移,4,1
基于迁移学习的缺失值插补算法研究_1级_4,基于回归的TradaBoostReg算法,基于迁移学习的缺失值插补算法研究_知识点_1435,算法,4,1
基于迁移学习的缺失值插补算法研究_1级_4,基于回归的TradaBoostReg算法,基于迁移学习的缺失值插补算法研究_知识点_1436,数据,4,1
基于迁移学习的缺失值插补算法研究_1级_4,基于回归的TradaBoostReg算法,基于迁移学习的缺失值插补算法研究_知识点_1437,缺失值填充,4,1
基于迁移学习的缺失值插补算法研究_1级_4,基于回归的TradaBoostReg算法,基于迁移学习的缺失值插补算法研究_知识点_1438,转化,4,1
基于迁移学习的缺失值插补算法研究_1级_4,基于回归的TradaBoostReg算法,基于迁移学习的缺失值插补算法研究_知识点_1439,信息,4,1
基于迁移学习的缺失值插补算法研究_1级_4,基于回归的TradaBoostReg算法,基于迁移学习的缺失值插补算法研究_知识点_1440,缺失值插补算法,4,1
基于迁移学习的缺失值插补算法研究_1级_4,基于回归的TradaBoostReg算法,基于迁移学习的缺失值插补算法研究_知识点_1441,分类模型,4,1
基于迁移学习的缺失值插补算法研究_1级_4,基于回归的TradaBoostReg算法,基于迁移学习的缺失值插补算法研究_知识点_1442,tradaboost,4,1
基于迁移学习的缺失值插补算法研究_1级_4,基于回归的TradaBoostReg算法,基于迁移学习的缺失值插补算法研究_知识点_1443,缺失值填充算法,4,1
基于迁移学习的缺失值插补算法研究_1级_4,基于回归的TradaBoostReg算法,基于迁移学习的缺失值插补算法研究_知识点_1444,迁移学习,4,1
