dissertation,name,this_url,language,word_frequency
频谱数据挖掘算法研究与应用,超参数,频谱数据挖掘算法研究与应用_摘要_1,中文,4
频谱数据挖掘算法研究与应用,最小二乘,频谱数据挖掘算法研究与应用_摘要_2,中文,3
频谱数据挖掘算法研究与应用,向量机算法,频谱数据挖掘算法研究与应用_摘要_3,中文,3
频谱数据挖掘算法研究与应用,频谱数据,频谱数据挖掘算法研究与应用_摘要_4,中文,2
频谱数据挖掘算法研究与应用,特征加权lssvm算法,频谱数据挖掘算法研究与应用_摘要_5,中文,2
频谱数据挖掘算法研究与应用,预测精度,频谱数据挖掘算法研究与应用_摘要_6,中文,2
频谱数据挖掘算法研究与应用,免疫算法,频谱数据挖掘算法研究与应用_摘要_7,中文,2
频谱数据挖掘算法研究与应用,特征加权向量,频谱数据挖掘算法研究与应用_摘要_8,中文,2
频谱数据挖掘算法研究与应用,频谱,频谱数据挖掘算法研究与应用_摘要_9,中文,2
频谱数据挖掘算法研究与应用,频谱数据挖掘,频谱数据挖掘算法研究与应用_摘要_10,中文,1
频谱数据挖掘算法研究与应用,动态频谱,频谱数据挖掘算法研究与应用_摘要_11,中文,1
频谱数据挖掘算法研究与应用,模拟卫星通信系统,频谱数据挖掘算法研究与应用_摘要_12,中文,1
频谱数据挖掘算法研究与应用,频谱数据集,频谱数据挖掘算法研究与应用_摘要_13,中文,1
频谱数据挖掘算法研究与应用,预测仿真系统,频谱数据挖掘算法研究与应用_摘要_14,中文,1
频谱数据挖掘算法研究与应用,地理运动模块,频谱数据挖掘算法研究与应用_摘要_15,中文,1
频谱数据挖掘算法研究与应用,用户接入模块,频谱数据挖掘算法研究与应用_摘要_16,中文,1
频谱数据挖掘算法研究与应用,信号产生模块,频谱数据挖掘算法研究与应用_摘要_17,中文,1
频谱数据挖掘算法研究与应用,电力负荷数,频谱数据挖掘算法研究与应用_摘要_18,中文,1
频谱数据挖掘算法研究与应用,耦合模拟退火,频谱数据挖掘算法研究与应用_摘要_19,中文,1
频谱数据挖掘算法研究与应用,特征维度数据,频谱数据挖掘算法研究与应用_摘要_20,中文,1
频谱数据挖掘算法研究与应用,耦合模拟退火算法,频谱数据挖掘算法研究与应用_摘要_21,中文,1
频谱数据挖掘算法研究与应用,算法,频谱数据挖掘算法研究与应用_摘要_22,中文,1
频谱数据挖掘算法研究与应用,性能,频谱数据挖掘算法研究与应用_摘要_23,中文,1
频谱数据挖掘算法研究与应用,离线预测,频谱数据挖掘算法研究与应用_摘要_24,中文,1
频谱数据挖掘算法研究与应用,在线预测算,频谱数据挖掘算法研究与应用_摘要_25,中文,1
频谱数据挖掘算法研究与应用,无线通信技术,频谱数据挖掘算法研究与应用_摘要_26,中文,1
频谱数据挖掘算法研究与应用,频谱资源,频谱数据挖掘算法研究与应用_摘要_27,中文,1
频谱数据挖掘算法研究与应用,数据挖掘,频谱数据挖掘算法研究与应用_摘要_28,中文,1
频谱数据挖掘算法研究与应用,频谱感知数据,频谱数据挖掘算法研究与应用_摘要_29,中文,1
频谱数据挖掘算法研究与应用,动态频谱接入,频谱数据挖掘算法研究与应用_摘要_30,中文,1
频谱数据挖掘算法研究与应用,数据挖掘算法理论,频谱数据挖掘算法研究与应用_摘要_31,中文,1
频谱数据挖掘算法研究与应用,无线电频谱感知技术,频谱数据挖掘算法研究与应用_摘要_32,中文,1
频谱数据挖掘算法研究与应用,lssvm,频谱数据挖掘算法研究与应用_摘要_33,中文,1
频谱数据挖掘算法研究与应用,th,频谱数据挖掘算法研究与应用_摘要_34,英文,6
频谱数据挖掘算法研究与应用,go,频谱数据挖掘算法研究与应用_摘要_35,英文,4
频谱数据挖掘算法研究与应用,feature,频谱数据挖掘算法研究与应用_摘要_36,英文,2
频谱数据挖掘算法研究与应用,vector,频谱数据挖掘算法研究与应用_摘要_37,英文,2
频谱数据挖掘算法研究与应用,ture,频谱数据挖掘算法研究与应用_摘要_38,英文,2
频谱数据挖掘算法研究与应用,ne,频谱数据挖掘算法研究与应用_摘要_39,英文,2
频谱数据挖掘算法研究与应用,spectrum,频谱数据挖掘算法研究与应用_摘要_40,英文,2
频谱数据挖掘算法研究与应用,technology,频谱数据挖掘算法研究与应用_摘要_41,英文,1
频谱数据挖掘算法研究与应用,othedynamicspectrum,频谱数据挖掘算法研究与应用_摘要_42,英文,1
频谱数据挖掘算法研究与应用,ser,频谱数据挖掘算法研究与应用_摘要_43,英文,1
频谱数据挖掘算法研究与应用,inboththeoretic,频谱数据挖掘算法研究与应用_摘要_44,英文,1
频谱数据挖掘算法研究与应用,anda,频谱数据挖掘算法研究与应用_摘要_45,英文,1
频谱数据挖掘算法研究与应用,lication,频谱数据挖掘算法研究与应用_摘要_46,英文,1
频谱数据挖掘算法研究与应用,systemincludesthegeographic,频谱数据挖掘算法研究与应用_摘要_47,英文,1
频谱数据挖掘算法研究与应用,ment,频谱数据挖掘算法研究与应用_摘要_48,英文,1
频谱数据挖掘算法研究与应用,useraccessmodule,频谱数据挖掘算法研究与应用_摘要_49,英文,1
频谱数据挖掘算法研究与应用,signalgeneration,频谱数据挖掘算法研究与应用_摘要_50,英文,1
频谱数据挖掘算法研究与应用,se,频谱数据挖掘算法研究与应用_摘要_51,英文,1
频谱数据挖掘算法研究与应用,thmbase,频谱数据挖掘算法研究与应用_摘要_52,英文,1
频谱数据挖掘算法研究与应用,mu,频谱数据挖掘算法研究与应用_摘要_53,英文,1
频谱数据挖掘算法研究与应用,ature,频谱数据挖掘算法研究与应用_摘要_54,英文,1
频谱数据挖掘算法研究与应用,men,频谱数据挖掘算法研究与应用_摘要_55,英文,1
频谱数据挖掘算法研究与应用,ation,频谱数据挖掘算法研究与应用_摘要_56,英文,1
频谱数据挖掘算法研究与应用,thmb,频谱数据挖掘算法研究与应用_摘要_57,英文,1
频谱数据挖掘算法研究与应用,thm,频谱数据挖掘算法研究与应用_摘要_58,英文,1
频谱数据挖掘算法研究与应用,ctor,频谱数据挖掘算法研究与应用_摘要_59,英文,1
频谱数据挖掘算法研究与应用,ght,频谱数据挖掘算法研究与应用_摘要_60,英文,1
频谱数据挖掘算法研究与应用,vectoris,频谱数据挖掘算法研究与应用_摘要_61,英文,1
频谱数据挖掘算法研究与应用,parameters,频谱数据挖掘算法研究与应用_摘要_62,英文,1
频谱数据挖掘算法研究与应用,perparameters,频谱数据挖掘算法研究与应用_摘要_63,英文,1
频谱数据挖掘算法研究与应用,iginal,频谱数据挖掘算法研究与应用_摘要_64,英文,1
频谱数据挖掘算法研究与应用,accuracy,频谱数据挖掘算法研究与应用_摘要_65,英文,1
频谱数据挖掘算法研究与应用,op,频谱数据挖掘算法研究与应用_摘要_66,英文,1
频谱数据挖掘算法研究与应用,therapiddevelopment,频谱数据挖掘算法研究与应用_摘要_67,英文,1
频谱数据挖掘算法研究与应用,wirelesscommunicationtech,频谱数据挖掘算法研究与应用_摘要_68,英文,1
频谱数据挖掘算法研究与应用,log,频谱数据挖掘算法研究与应用_摘要_69,英文,1
频谱数据挖掘算法研究与应用,spectni,频谱数据挖掘算法研究与应用_摘要_70,英文,1
频谱数据挖掘算法研究与应用,ity,频谱数据挖掘算法研究与应用_摘要_71,英文,1
频谱数据挖掘算法研究与应用,teclino,频谱数据挖掘算法研究与应用_摘要_72,英文,1
频谱数据挖掘算法研究与应用,ze,频谱数据挖掘算法研究与应用_摘要_73,英文,1
频谱数据挖掘算法研究与应用,tentials,频谱数据挖掘算法研究与应用_摘要_74,英文,1
频谱数据挖掘算法研究与应用,ct,频谱数据挖掘算法研究与应用_摘要_75,英文,1
频谱数据挖掘算法研究与应用,hespectrum,频谱数据挖掘算法研究与应用_摘要_76,英文,1
频谱数据挖掘算法研究与应用,soastoprovider,频谱数据挖掘算法研究与应用_摘要_77,英文,1
频谱数据挖掘算法研究与应用,iable,频谱数据挖掘算法研究与应用_摘要_78,英文,1
频谱数据挖掘算法研究与应用,edynamics,频谱数据挖掘算法研究与应用_摘要_79,英文,1
频谱数据挖掘算法研究与应用,miningalgo,频谱数据挖掘算法研究与应用_摘要_80,英文,1
频谱数据挖掘算法研究与应用,dio,频谱数据挖掘算法研究与应用_摘要_81,英文,1
频谱数据挖掘算法研究与应用,ectrum,频谱数据挖掘算法研究与应用_摘要_82,英文,1
频谱数据挖掘算法研究与应用,singtechnology,频谱数据挖掘算法研究与应用_摘要_83,英文,1
频谱数据挖掘算法研究与应用,leastsquaressupportvectoralgorithm,频谱数据挖掘算法研究与应用_摘要_84,英文,1
频谱数据挖掘算法研究与应用,lssvm,频谱数据挖掘算法研究与应用_摘要_85,英文,1
频谱数据挖掘算法研究与应用,optimization,频谱数据挖掘算法研究与应用_摘要_86,英文,1
频谱数据挖掘算法研究与应用,del,频谱数据挖掘算法研究与应用_摘要_87,英文,1
频谱数据挖掘算法研究与应用,and,频谱数据挖掘算法研究与应用_摘要_88,英文,1
频谱数据挖掘算法研究与应用,novation,频谱数据挖掘算法研究与应用_摘要_89,英文,1
频谱数据挖掘算法研究与应用,is,频谱数据挖掘算法研究与应用_摘要_90,英文,1
频谱数据挖掘算法研究与应用,per,频谱数据挖掘算法研究与应用_摘要_91,英文,1
频谱数据挖掘算法研究与应用,fspectrum,频谱数据挖掘算法研究与应用_摘要_92,英文,1
