,摘要,关键词,第一章,第二章,第三章,第四章,第五章,第六章,第七章,总词频,加权得分
说话人,20,0,61,4,22,39,54,53,20,273,55.385
聚类,4,0,18,0,5,4,21,8,3,63,12.195
resegment,1,0,1,0,0,0,12,4,1,19,3.59
rnn,0,0,0,0,8,2,9,1,2,22,3.19
rnn状态,0,0,0,0,1,0,6,0,0,7,1.015
beamsearch,0,0,0,0,12,0,7,5,2,26,3.7699999999999996
uis-mn,4,0,8,0,10,1,18,9,2,52,10.8
说话,0,0,12,7,8,7,7,17,3,61,8.465
均值,0,0,0,0,0,0,3,0,0,3,0.43499999999999994
先验信息,0,0,0,0,0,2,3,0,0,5,0.725
聚类结果,0,0,0,0,0,0,3,3,0,6,0.8699999999999999
gst,0,0,0,0,0,11,5,4,0,20,2.9
损失值,0,0,0,0,0,0,3,0,0,3,0.43499999999999994
类别数,0,0,0,0,0,2,3,0,0,5,0.725
类别,0,0,0,0,0,1,5,1,0,7,1.015
距离,0,0,2,0,1,1,2,1,0,7,0.975
时间,0,0,0,0,2,1,4,0,0,7,1.015
多模态,0,0,0,1,0,0,2,0,0,3,0.415
语音分离,0,0,0,0,0,0,2,0,0,2,0.29
语音,0,0,6,3,0,2,3,4,2,20,2.7199999999999998
聚类数量,0,0,0,0,0,0,2,0,0,2,0.29
触发条件,0,0,0,0,0,0,1,0,0,1,0.145
在线预测过程,0,0,0,0,0,0,1,0,0,1,0.145
参数,0,0,0,8,1,1,1,0,0,11,1.435
说话人聚类系统,1,0,11,0,1,4,6,3,0,26,4.404999999999999
调参过程,0,0,0,0,0,0,1,0,0,1,0.145
数据,0,0,0,4,0,2,2,0,5,13,1.805
误差,0,0,0,0,0,0,1,5,1,7,1.015
可调参数,0,0,0,0,0,0,1,0,0,1,0.145
状态数量,0,0,0,0,0,0,1,0,0,1,0.145
中心,0,0,0,0,0,0,1,0,0,1,0.145
mse损失,0,0,0,0,0,0,1,0,0,1,0.145
误差累积,0,0,0,0,0,0,1,0,0,1,0.145
聚类误差,0,0,0,0,0,0,1,2,0,3,0.43499999999999994
mseloss,0,0,0,0,0,0,1,0,0,1,0.145
mselos,0,0,0,0,0,0,1,0,0,1,0.145
resegmento,0,0,0,0,0,0,1,0,0,1,0.145
在线预测,0,0,0,0,0,0,1,0,0,1,0.145
聚类状态,0,0,0,0,0,0,1,0,0,1,0.145
损失函数,0,0,0,4,0,2,2,1,0,9,1.225
信号,0,0,0,3,0,0,1,2,0,6,0.8099999999999999
hidden时间,0,0,0,0,0,0,1,0,0,1,0.145
类中心,0,0,0,1,0,0,1,1,0,3,0.415
生长,0,0,0,0,0,0,1,0,0,1,0.145
29rnn网络,0,0,0,0,0,0,1,0,0,1,0.145
search,0,0,0,0,1,0,1,0,0,2,0.29
be,0,0,0,0,1,0,1,0,0,2,0.29
变长数据,2,0,0,0,0,1,1,1,0,5,2.435
gst网络,0,0,0,0,0,0,1,0,0,1,0.145
mfcc特征,0,0,0,0,0,0,1,1,0,2,0.29
语音信号,0,0,7,7,0,3,3,0,1,21,2.7649999999999997
语音数据处理,0,0,0,0,0,0,1,0,0,1,0.145
数量信息,0,0,0,0,0,0,1,0,0,1,0.145
uis-mn系统,0,0,0,0,0,1,1,0,0,2,0.29
聚类任务,0,0,2,0,0,0,3,4,0,9,1.265
再聚类,0,0,2,0,0,0,1,1,0,4,0.54
人脸检测,0,0,0,0,0,0,1,0,0,1,0.145
再聚类操,0,0,0,0,0,0,1,0,0,1,0.145
音频,0,0,2,0,0,2,1,0,0,5,0.6849999999999999
预处理模块,0,0,0,0,0,0,1,0,0,1,0.145
性能,1,0,3,1,0,0,1,1,2,9,2.08
baseline,0,0,0,0,0,0,1,4,0,5,0.725
说话人数量,3,0,4,0,0,5,2,4,2,20,5.385
gst结构,0,0,1,0,0,1,1,2,1,6,0.85
multiheadsattention,0,0,0,0,0,0,1,1,0,2,0.29
网络,0,0,0,1,0,0,1,0,0,2,0.27
聚类结构,0,0,0,0,0,0,1,0,0,1,0.145
-mn,0,0,0,0,0,0,1,0,0,1,0.145
ui,0,0,0,0,0,0,1,0,0,1,0.145
深度学习,0,0,7,2,1,0,1,0,0,11,1.415
说话聚类系统,0,0,0,0,0,0,1,0,0,1,0.145
oresegment,0,0,0,0,0,0,1,0,0,1,0.145
边界,0,0,0,0,1,0,1,1,0,3,0.43499999999999994
overlap,5,0,3,0,2,4,16,27,12,69,14.219999999999999
说话数量,0,0,0,0,0,0,1,0,0,1,0.145
质量,0,0,0,0,0,0,1,0,0,1,0.145
分离算法,0,0,0,0,0,0,1,0,0,1,0.145
谱聚类,0,0,1,0,1,0,1,0,0,3,0.415
k-means,0,0,0,0,1,0,1,0,0,2,0.29
细分聚类,0,0,1,0,0,0,1,0,0,2,0.27
聚类实验,0,0,1,0,0,0,0,1,0,2,0.27
eg,0,0,0,0,0,0,0,1,0,1,0.145
转变概率,0,0,0,0,0,0,0,1,0,1,0.145
gst模型,2,0,4,0,0,8,0,4,2,20,4.529999999999999
count-net模型,0,0,0,0,0,0,0,2,0,2,0.29
crnn,1,0,1,0,0,6,0,4,0,12,2.575
监督,1,0,1,0,1,0,0,0,0,3,1.27
层次聚类,0,0,1,0,1,0,0,0,0,2,0.27
语音特征向量,0,0,0,0,1,0,0,0,0,1,0.145
uis,0,0,0,0,1,0,1,1,0,3,0.43499999999999994
频率,0,0,0,12,0,0,0,0,0,12,1.5
临界带,0,0,0,10,0,0,0,0,0,10,1.25
mfcc,0,0,0,9,0,0,0,0,0,9,1.125
频谱,0,0,0,8,0,0,0,0,0,8,1.0
频率群,0,0,0,5,0,0,0,0,0,5,0.625
mel滤波器,0,0,0,4,0,0,0,0,0,4,0.5
时间信号,0,0,0,4,0,0,0,0,0,4,0.5
纯音,0,0,0,4,0,0,0,0,0,4,0.5
带宽,0,0,0,4,0,0,0,0,0,4,0.5
能量,0,0,0,4,0,0,0,0,0,4,0.5
预加重,0,0,0,3,0,0,0,0,0,3,0.375
声音,0,0,1,3,0,1,0,0,0,5,0.645
中心频率,0,0,0,3,0,0,0,0,0,3,0.375
频域,0,0,0,3,0,0,0,0,0,3,0.375
稳态信号,0,0,0,2,0,0,0,0,0,2,0.25
高频分量,0,0,0,2,0,0,0,0,0,2,0.25
加窗函数,0,0,0,2,0,0,0,0,0,2,0.25
分帧,0,0,0,2,0,0,0,0,0,2,0.25
fft,0,0,0,2,0,0,0,0,0,2,0.25
傅立叶频谱,0,0,0,2,0,0,0,0,0,2,0.25
滤波器,0,0,0,2,0,0,0,0,0,2,0.25
基底膜,0,0,0,2,0,0,0,0,0,2,0.25
掩蔽效应,0,0,0,2,0,0,0,0,0,2,0.25
临界带宽,0,0,0,2,0,0,0,0,0,2,0.25
噪声带宽,0,0,0,2,0,0,0,0,0,2,0.25
掩蔽噪声,0,0,0,2,0,0,0,0,0,2,0.25
掩蔽纯音,0,0,0,2,0,0,0,0,0,2,0.25
强度,0,0,0,2,0,0,0,0,0,2,0.25
白噪声,0,0,0,2,0,0,0,0,0,2,0.25
fmei,0,0,0,2,0,0,0,0,0,2,0.25
线性,0,0,0,2,0,1,0,1,0,4,0.54
听觉机理,0,0,0,2,0,0,0,0,0,2,0.25
mel,0,0,0,2,0,0,0,0,0,2,0.25
特征参数,0,0,0,2,0,0,0,0,0,2,0.25
语音研究,0,0,0,2,0,0,0,0,0,2,0.25
语音识别端点检测,0,0,0,1,0,0,0,0,0,1,0.125
mfcc参数,0,0,0,1,0,0,0,0,0,1,0.125
dct,0,0,0,1,0,0,0,0,0,1,0.125
谱线能量,0,0,0,1,0,0,0,0,0,1,0.125
频域数据,0,0,0,1,0,0,0,0,0,1,0.125
时域数据,0,0,0,1,0,0,0,0,0,1,0.125
快速傅里叶变换,0,0,0,1,0,0,0,0,0,1,0.125
海宁窗,0,0,0,1,0,0,0,0,0,1,0.125
汉明窗,0,0,0,1,0,0,0,0,0,1,0.125
频谱泄露,0,0,0,1,0,0,0,0,0,1,0.125
频率域,0,0,0,1,0,0,0,0,0,1,0.125
窗长,0,0,0,1,0,0,0,0,0,1,0.125
准稳态信号,0,0,0,1,0,0,0,0,0,1,0.125
分帧处理,0,0,0,1,0,0,0,0,0,1,0.125
常数,0,0,0,1,1,0,1,0,1,4,0.5599999999999999
预处理,1,0,3,1,0,0,0,0,0,5,1.5
二阶差分,0,0,0,1,0,0,0,0,0,1,0.125
一阶差分,0,0,0,1,0,0,0,0,0,1,0.125
动态信息,0,0,0,1,0,0,0,0,0,1,0.125
语音静态特性,0,0,0,1,0,0,0,0,0,1,0.125
dct系数,0,0,0,1,0,0,0,0,0,1,0.125
对数滤波器组,0,0,0,1,0,0,0,0,0,1,0.125
mel变换,0,0,0,1,0,0,0,0,0,1,0.125
分帧加窗,0,0,0,1,0,0,0,0,0,1,0.125
高频,0,0,0,1,0,0,0,0,0,1,0.125
连续语音信号,0,0,0,1,0,0,0,0,0,1,0.125
梅尔刻度,0,0,0,1,0,0,0,0,0,1,0.125
赫兹,0,0,0,1,0,0,0,0,0,1,0.125
梅尔音阶,0,0,0,1,0,0,0,0,0,1,0.125
感知距离,0,0,0,1,0,0,0,0,0,1,0.125
反馈声音,0,0,0,1,0,0,0,0,0,1,0.125
麦克风,0,0,0,1,0,0,0,0,0,1,0.125
频率间隔状态,0,0,0,1,0,0,0,0,0,1,0.125
感知,0,0,0,1,0,0,0,0,0,1,0.125
听觉,0,0,1,1,0,0,0,0,0,2,0.25
cepstrum,0,0,0,1,0,0,0,0,0,1,0.125
倒谱,0,0,0,2,0,0,0,0,0,2,0.25
对数频谱,0,0,0,1,0,0,0,0,0,1,0.125
quefrency,0,0,0,1,0,0,0,0,0,1,0.125
倒频率,0,0,0,1,0,0,0,0,0,1,0.125
时域,0,0,0,1,1,0,0,0,0,2,0.27
峰值,0,0,0,1,0,0,0,1,0,2,0.27
周期性,0,0,0,1,0,0,0,0,0,1,0.125
对数,0,0,0,3,0,0,0,0,0,3,0.375
余弦变换,0,0,0,1,0,0,0,0,0,1,0.125
幅度,0,0,0,1,0,0,0,0,0,1,0.125
傅立叶变换,0,0,0,1,0,0,0,0,0,1,0.125
周期分量,0,0,0,1,0,0,0,0,0,1,0.125
mel滤波器组,0,0,0,1,0,0,0,0,0,1,0.125
感知机理,0,0,0,1,0,0,0,0,0,1,0.125
频谱分析器,0,0,0,1,0,0,0,0,0,1,0.125
人耳基底膜,0,0,0,1,0,0,0,0,0,1,0.125
听觉生理,0,0,0,1,0,0,0,0,0,1,0.125
掩蔽量,0,0,0,1,0,0,0,0,0,1,0.125
频带,0,0,0,1,0,0,0,0,0,1,0.125
vf宽,0,0,0,1,0,0,0,0,0,1,0.125
掩蔽声,0,0,0,1,0,0,0,0,0,1,0.125
被掩蔽音,0,0,0,1,0,0,0,0,0,1,0.125
噪声谱密度,0,0,0,1,0,0,0,0,0,1,0.125
噪声强度,0,0,0,1,0,0,0,0,0,1,0.125
单位频率,0,0,0,1,0,0,0,0,0,1,0.125
vf,0,0,0,1,0,0,0,0,0,1,0.125
听觉掩蔽机理,0,0,0,1,0,0,0,0,0,1,0.125
criticalband,0,0,0,1,0,0,0,0,0,1,0.125
听觉过程,0,0,0,1,0,0,0,0,0,1,0.125
感知域,0,0,0,1,0,0,0,0,0,1,0.125
曲线,0,0,0,1,0,0,0,0,0,1,0.125
感知频率,0,0,0,1,0,0,0,0,0,1,0.125
美尔,0,0,0,1,0,0,0,0,0,1,0.125
enez,0,0,0,1,0,0,0,0,0,1,0.125
感知频域,0,0,0,1,0,0,0,0,0,1,0.125
语音信号处理,1,0,0,1,0,0,0,0,0,2,1.125
仿生作用,0,0,0,1,0,0,0,0,0,1,0.125
听觉系统,0,0,0,1,0,0,0,0,0,1,0.125
frequencyceps,0,0,0,1,0,0,0,0,0,1,0.125
mel-,0,0,0,1,0,0,0,0,0,1,0.125
倒谱系数,0,0,0,1,0,0,0,0,0,1,0.125
filterbanko,0,0,0,1,0,0,0,0,0,1,0.125
ft,0,0,0,1,0,0,0,0,0,1,0.125
时频域,0,0,0,1,0,0,0,0,0,1,0.125
语音时域信号,0,0,0,1,0,0,0,0,0,1,0.125
语音特征提取,0,0,0,1,0,0,0,0,0,1,0.125
2mfcc特征提取,0,0,0,1,0,0,0,0,0,1,0.125
beamsize,0,0,0,0,0,0,0,2,0,2,0.29
语音片段,0,0,4,1,0,7,7,12,1,32,4.539999999999999
d-vector,0,0,3,11,3,0,2,6,0,25,3.3449999999999998
累积,0,0,0,0,0,0,0,1,0,1,0.145
ent,0,0,0,0,0,0,0,1,0,1,0.145
阈值,0,0,1,0,0,0,0,1,0,2,0.27
re-segment,0,0,0,0,0,0,0,1,0,1,0.145
总人数,0,0,0,0,0,0,0,1,0,1,0.145
数量,2,0,3,0,0,1,0,4,2,12,3.3899999999999997
resegment环节,0,0,0,0,0,0,0,1,0,1,0.145
概率,1,0,0,1,12,1,2,2,0,19,3.59
说话人聚类模型,0,0,0,0,0,0,0,1,0,1,0.145
resegment-uismn,0,0,0,0,0,0,0,1,0,1,0.145
概率估计,0,0,1,0,0,0,1,1,0,3,0.415
rorrate,0,0,0,0,0,0,0,1,0,1,0.145
diarization,0,0,0,0,0,0,0,2,0,2,0.29
单声道音频,0,0,0,0,0,0,0,1,0,1,0.145
约束条件,0,0,0,0,0,0,0,1,0,1,0.145
约束宽度,0,0,0,0,0,0,0,1,0,1,0.145
解码过程,0,0,0,0,0,0,0,1,0,1,0.145
均匀分布,0,0,0,0,0,0,0,1,0,1,0.145
窗口,0,0,0,0,0,0,0,1,0,1,0.145
可变长度窗口,0,0,0,0,0,0,0,1,0,1,0.145
samplewav,0,0,0,0,0,0,0,1,0,1,0.145
聚类类别,0,0,0,0,0,0,0,1,0,1,0.145
人聚类结,0,0,0,0,0,0,0,1,0,1,0.145
rn,0,0,0,0,0,0,0,1,0,1,0.145
变长语音数据,1,0,1,0,0,0,0,2,0,4,1.415
常数概率估计,0,0,0,0,0,0,0,1,0,1,0.145
变概率,0,0,0,0,0,0,0,1,0,1,0.145
语音技术,0,0,5,0,0,0,0,0,0,5,0.625
说话人聚类,1,1,16,0,1,1,6,1,1,28,6.45
单通道,0,0,3,0,0,2,0,0,1,6,0.8099999999999999
录音,0,0,3,0,0,0,1,0,0,4,0.52
说话人识别,1,0,3,0,0,0,0,0,0,4,1.375
count-net,0,0,3,0,0,2,0,0,0,5,0.665
说话者,0,0,7,1,0,4,2,4,0,18,2.45
语音数据,3,0,3,2,0,3,1,5,4,21,5.51
声音类别检测,1,0,2,0,0,0,0,0,0,3,1.25
语音识别,1,0,2,1,0,0,0,0,0,4,1.375
语音产品,0,0,2,0,0,0,0,0,0,2,0.25
over,0,0,1,0,0,1,0,0,0,2,0.27
转换概率,1,0,3,0,2,0,0,1,1,8,1.955
uis-mno,0,0,1,0,0,0,0,0,0,1,0.125
长度,0,0,1,0,0,4,0,3,1,9,1.285
数量估计,0,0,1,0,0,0,0,2,0,3,0.415
uis-rnn聚类,0,0,1,0,0,0,0,0,0,1,0.125
单通道语音信号,0,0,1,0,0,0,0,0,0,1,0.125
位置信息,0,0,1,0,0,0,0,0,0,1,0.125
麦克风阵列,0,0,1,0,0,0,0,0,0,1,0.125
鸡尾酒,0,0,1,0,0,3,0,1,0,5,0.705
lap,0,0,1,0,0,0,0,0,0,1,0.125
通话记录,1,0,1,0,0,0,0,0,0,2,1.125
会议记录,1,0,1,0,0,0,0,0,0,2,1.125
聚类算法,1,0,1,0,0,0,0,3,0,5,1.56
图像分割,0,0,1,0,0,0,0,0,0,1,0.125
计算机视觉,0,0,1,0,0,0,0,0,0,1,0.125
段数,0,0,1,0,0,0,0,0,0,1,0.125
分类,0,0,1,0,0,0,0,0,0,1,0.125
二进制决策,0,0,1,0,0,0,0,0,0,1,0.125
sv,0,0,1,0,0,0,0,0,0,1,0.125
说话人验证,0,0,1,0,0,0,0,0,0,1,0.125
音频记录,0,0,1,0,0,0,0,0,0,1,0.125
自动语音识别,0,0,1,0,0,0,0,0,0,1,0.125
多说话人,0,0,2,0,0,0,0,3,0,5,0.6849999999999999
chime,0,0,1,0,0,0,0,0,0,1,0.125
家庭环境,0,0,1,0,0,0,0,0,0,1,0.125
si,0,0,1,0,0,0,0,0,0,1,0.125
会议语音记录,1,0,1,0,0,0,0,0,0,2,1.125
说话人聚类技术,0,0,2,0,0,0,0,0,0,2,0.25
序列标签,0,0,1,0,0,0,0,0,0,1,0.125
声纹识别,0,0,2,0,0,0,0,0,0,2,0.25
语音合成,0,0,1,0,0,2,0,0,0,3,0.415
智能语音设备,0,0,1,0,0,0,0,0,0,1,0.125
语音应用,0,0,1,0,0,0,0,0,0,1,0.125
智能设备,0,0,1,0,0,0,0,0,0,1,0.125
语音车载,0,0,1,0,0,0,0,0,0,1,0.125
语音家居,0,0,1,0,0,0,0,0,0,1,0.125
科技公司,0,0,1,0,0,0,0,0,0,1,0.125
天猫精灵,0,0,1,0,0,0,0,0,0,1,0.125
苹果,0,0,1,0,0,0,0,0,0,1,0.125
亚马逊echo,0,0,1,0,0,0,0,0,0,1,0.125
谷歌助手,0,0,1,0,0,0,0,0,0,1,0.125
微软,0,0,1,0,0,0,0,0,0,1,0.125
人机交互,0,0,1,0,0,0,0,0,0,1,0.125
机器学习,0,0,1,0,0,0,0,0,0,1,0.125
重叠场景,0,0,4,0,0,0,0,0,0,4,0.5
语音活动检测,0,0,3,4,0,0,1,0,0,8,1.02
语音特征,0,0,2,2,0,0,1,0,0,5,0.645
uis-rnn,2,0,2,0,0,0,2,1,0,7,2.685
数量检测,0,0,1,0,0,0,0,0,0,1,0.125
预处理流程,0,0,1,0,0,0,0,0,0,1,0.125
nm,0,0,1,0,0,0,0,0,0,1,0.125
说话人矢量,0,0,1,1,1,0,0,0,0,3,0.395
语音前端处理,0,0,1,0,0,0,0,0,0,1,0.125
说话人技术,0,0,1,0,0,0,0,0,0,1,0.125
聚类系统,0,0,2,0,0,0,1,0,0,3,0.395
多标签聚类,1,0,1,0,1,1,2,3,1,10,2.285
聚类细分机制,0,0,1,0,0,0,0,0,0,1,0.125
pe,0,0,1,0,0,0,0,0,0,1,0.125
矢量特征,0,0,2,0,0,1,0,2,1,6,0.83
深度神经网络,0,0,2,0,0,1,0,0,0,3,0.395
mfcc特征提取,0,0,1,0,0,0,0,0,0,1,0.125
vad,0,0,1,6,0,0,0,1,0,8,1.02
gmm,0,0,5,4,0,0,0,0,0,9,1.125
特征矢量,0,0,1,3,0,0,1,1,0,6,0.79
细分模块,0,0,1,0,0,0,0,0,0,1,0.125
说话人聚类模块,0,0,1,0,0,0,0,0,0,1,0.125
模块,0,0,1,0,0,0,0,0,1,2,0.27
说话人矢量特征,0,0,1,1,0,0,0,0,0,2,0.25
语音分割模块,0,0,1,0,0,0,0,0,0,1,0.125
鸡尾酒会,1,1,1,0,0,1,0,4,3,11,4.285
估计,0,0,1,1,0,0,1,0,0,3,0.395
说话人聚类算法,1,0,2,0,0,0,0,0,0,3,1.25
语音重叠场,0,0,1,0,0,0,0,0,0,1,0.125
countnet,0,0,0,0,0,12,0,1,0,13,1.8849999999999998
说话人聚类方法,0,0,0,0,0,1,0,0,0,1,0.145
beamsearch过,0,0,0,0,0,1,0,0,0,1,0.145
ection,0,0,0,0,0,1,0,0,0,1,0.145
pd,0,0,0,0,0,1,0,0,0,1,0.145
utterance长度,0,0,0,0,0,1,0,0,0,1,0.145
短语音片段,1,0,0,0,0,1,1,0,0,3,1.29
长语音数据,0,0,0,0,0,1,0,0,0,1,0.145
语音输入,0,0,0,0,0,1,0,0,1,2,0.29
任务,0,0,0,0,0,1,0,0,0,1,0.145
bpoverlapdetection,0,0,0,0,0,1,0,0,0,1,0.145
ima,0,0,0,0,0,1,0,0,0,1,0.145
ake,0,0,0,0,0,1,0,0,0,1,0.145
singlechannels,0,0,0,0,0,1,0,0,0,1,0.145
深度学习方法,0,0,0,0,0,1,0,0,1,2,0.29
发言者,0,0,0,0,0,2,0,0,0,2,0.29
并发发言人,0,0,0,0,0,2,0,0,0,2,0.29
发言人,0,0,1,0,0,1,0,0,1,3,0.415
计数,0,0,0,0,0,2,0,1,0,3,0.43499999999999994
混音,0,0,0,0,0,1,0,0,0,1,0.145
语音算法,0,0,0,0,0,2,0,0,0,2,0.29
声音分离,0,0,0,0,0,1,0,0,0,1,0.145
说话人聚类研,0,0,0,0,0,1,0,0,0,1,0.145
speakerchange,0,0,0,0,4,0,0,0,0,4,0.58
sequencegeneration,0,0,0,0,4,0,0,0,0,4,0.58
embedding,0,0,1,3,4,3,0,0,0,11,1.515
说话人转换,0,0,0,0,2,0,0,0,0,2,0.29
speakerassignment,0,0,0,0,2,0,0,0,0,2,0.29
话人类别标记,0,0,0,0,1,0,0,0,0,1,0.145
序列生成,0,0,0,0,1,0,0,0,0,1,0.145
ignment,0,0,0,0,1,0,0,0,0,1,0.145
speaker,0,0,0,0,1,0,0,1,0,2,0.29
t-1时刻,0,0,0,0,2,0,0,0,0,2,0.29
类别标签,0,0,0,0,1,0,2,1,0,4,0.58
生成模型,0,0,0,0,2,0,0,0,0,2,0.29
uis-mn网络,0,0,0,0,1,0,0,0,0,1,0.145
lstm网络,0,0,0,0,1,0,0,0,0,1,0.145
utterance,0,0,0,6,2,0,0,0,0,8,1.04
rnn实例状态,0,0,0,0,1,0,0,0,0,1,0.145
实例,0,0,0,0,1,0,0,0,0,1,0.145
递归神经网络,0,0,0,0,1,0,0,0,0,1,0.145
无界交错状态,0,0,0,0,1,0,0,0,1,2,0.29
staterecurrentneuralnetworks,0,0,0,0,1,0,0,0,0,1,0.145
rnn模型,0,0,0,0,2,0,0,0,0,2,0.29
数据集,0,0,1,3,0,0,0,10,0,14,1.95
混合语音数据,0,0,0,0,0,0,0,4,0,4,0.58
libricount数据集,0,0,0,0,0,0,0,3,0,3,0.43499999999999994
中文数据集,0,0,0,0,0,0,0,3,0,3,0.43499999999999994
librispeech,0,0,0,0,0,0,0,2,0,2,0.29
发声,0,0,0,0,0,0,0,2,0,2,0.29
语料库,0,0,0,0,0,0,0,2,0,2,0.29
语音环境,0,0,0,0,0,0,0,2,1,3,0.43499999999999994
测试数据集,0,0,0,0,0,0,0,2,0,2,0.29
countnet-baselien模型,0,0,0,0,0,0,0,1,0,1,0.145
libricount,0,0,0,0,0,0,0,1,0,1,0.145
countet模型,0,0,0,0,0,0,0,1,0,1,0.145
持续时间,0,0,0,0,0,1,0,2,1,4,0.58
模拟,0,0,0,0,0,0,0,1,0,1,0.145
测试集,0,0,0,0,0,0,0,1,0,1,0.145
语言数据,0,0,0,0,0,0,0,1,0,1,0.145
countnet模型,0,0,0,0,0,0,0,1,0,1,0.145
overlap语言,0,0,0,0,0,0,0,1,0,1,0.145
时长片段,0,0,0,0,0,0,0,1,0,1,0.145
overlap数量,0,0,0,0,0,0,1,2,0,3,0.43499999999999994
鲁棒性,0,0,2,0,0,1,2,2,1,8,1.1199999999999999
语言,0,0,0,1,0,0,0,1,0,2,0.27
模型,0,0,1,3,0,2,1,1,0,8,1.08
生活背景音,0,0,0,0,0,0,0,1,0,1,0.145
数据量,0,0,1,0,0,0,0,1,0,2,0.27
多说话人数据,0,0,0,0,0,0,0,1,0,1,0.145
视频片段,0,0,0,0,0,0,0,1,0,1,0.145
音频剪辑,0,0,0,0,0,0,0,1,0,1,0.145
训练数据集,0,0,0,0,0,0,0,1,0,1,0.145
削波,0,0,0,0,0,0,0,1,0,1,0.145
时域信号,0,0,0,0,0,1,0,1,0,2,0.29
混合位置,0,0,0,0,0,0,0,1,0,1,0.145
静音,0,0,0,0,0,0,0,1,0,1,0.145
合成语音,0,0,0,0,0,0,0,1,0,1,0.145
groundtruth,0,0,0,0,0,0,0,1,0,1,0.145
真实类别标签,0,0,0,0,0,0,0,1,0,1,0.145
overlap语音,0,0,0,0,0,0,0,1,0,1,0.145
webrtc,0,0,0,2,0,0,0,1,0,3,0.395
gmm模型,0,0,0,0,0,0,0,1,0,1,0.145
rtcvad,0,0,0,0,0,0,0,1,0,1,0.145
重新采样,0,0,0,0,0,0,0,1,0,1,0.145
随机语音,0,0,0,0,0,0,0,1,0,1,0.145
训练样本,0,0,0,0,0,0,0,1,0,1,0.145
16khz采样,0,0,0,0,0,0,0,1,0,1,0.145
英语语音,0,0,0,0,0,0,0,1,0,1,0.145
librispeechclean,0,0,0,0,0,0,0,1,0,1,0.145
语音语料库,0,0,0,0,0,0,0,1,0,1,0.145
overlap数据,0,0,0,0,0,0,1,2,0,3,0.43499999999999994
聚类模型,0,0,1,0,0,0,0,2,0,3,0.415
计数估算,0,0,0,0,0,0,0,1,0,1,0.145
crnn结构,0,0,0,0,0,0,0,2,0,2,0.29
数量估计模型,0,0,0,0,0,0,0,1,0,1,0.145
对话内容,0,0,0,0,0,0,0,1,0,1,0.145
真实数据集,0,0,0,0,0,0,0,1,1,2,0.29
广播场景,0,0,0,0,0,0,0,1,0,1,0.145
电视,0,0,0,0,0,0,0,1,0,1,0.145
听觉环境,0,0,0,0,0,0,0,1,0,1,0.145
重叠语音段,0,0,0,0,0,0,0,1,0,1,0.145
语音数据集,0,0,0,0,0,0,0,1,0,1,0.145
实验数据集,0,0,0,0,0,0,0,1,0,1,0.145
referenceencoder,0,0,0,0,0,4,0,0,0,4,0.58
激活函数,0,0,0,0,0,2,0,0,0,2,0.29
序列,0,0,0,0,0,7,0,0,0,7,1.015
堆栈,0,0,0,0,0,2,0,0,0,2,0.29
referenceembedding,0,0,0,0,0,6,0,0,0,6,0.8699999999999999
softmax,0,0,0,0,0,4,0,0,0,4,0.58
维数,0,0,0,0,0,2,0,0,0,2,0.29
投影,0,0,0,0,0,1,0,0,0,1,0.145
全连接层,0,0,0,0,0,1,0,0,0,1,0.145
bedding,0,0,0,0,0,3,0,0,0,3,0.43499999999999994
reference,0,0,0,0,0,2,0,0,0,2,0.29
固定维度,0,0,0,0,0,1,0,0,0,1,0.145
ru,0,0,0,0,1,1,0,0,0,2,0.29
循环神经网络,0,0,0,0,0,1,0,0,0,1,0.145
gru,0,0,0,0,1,1,0,0,0,2,0.29
128宽度门控循环单元,0,0,0,0,0,1,0,0,0,1,0.145
固定长度矢量,0,0,0,0,0,2,0,0,0,2,0.29
时间分辨率,0,0,0,0,0,1,0,0,0,1,0.145
输出张量,0,0,0,0,0,1,0,0,0,1,0.145
输出通道,0,0,0,0,0,1,0,0,0,1,0.145
卷积层,0,0,0,0,0,1,0,0,0,1,0.145
二维卷积层,0,0,0,0,0,1,0,0,0,1,0.145
relu激活,0,0,0,0,0,1,0,0,0,1,0.145
批归一化,0,0,0,0,0,1,0,0,0,1,0.145
2x2步幅,0,0,0,0,0,1,0,0,0,1,0.145
内核,0,0,0,0,0,1,0,0,0,1,0.145
对数梅尔声谱图,0,0,0,0,0,1,0,0,0,1,0.145
完全连接层,0,0,0,0,0,1,0,0,0,1,0.145
可变长度序列,0,0,0,0,0,1,0,0,0,1,0.145
卷积,0,0,0,0,0,1,0,0,0,1,0.145
归一化,0,0,0,0,0,1,0,0,0,1,0.145
批处理,0,0,0,1,0,1,0,0,0,2,0.27
referenceencoder模块,0,0,0,0,0,1,0,0,0,1,0.145
卷积堆栈,0,0,0,0,0,1,0,0,0,1,0.145
mel特征,0,0,0,1,0,1,0,0,0,2,0.27
参考编码器,0,0,0,0,0,1,0,0,0,1,0.145
编码器,0,0,0,0,0,2,0,0,0,2,0.29
i-vector,0,0,3,3,0,2,0,1,0,9,1.185
空间,0,0,3,0,0,0,0,0,0,3,0.375
jsalt,0,0,2,0,0,0,0,0,0,2,0.25
特征向量,0,0,2,0,0,0,0,2,0,4,0.54
谱聚类算法,0,0,2,0,0,0,0,0,0,2,0.25
聚类方法,0,0,2,0,0,0,0,0,2,4,0.54
som,0,0,2,0,0,0,0,0,0,2,0.25
声学条件,0,0,2,0,0,0,0,0,0,2,0.25
神经网络,0,0,2,0,1,0,0,0,0,3,0.395
差异性,0,0,2,0,0,0,0,0,0,2,0.25
特征信道,0,0,2,0,0,0,0,0,0,2,0.25
映射,0,0,2,0,0,1,0,0,0,3,0.395
距离函数,0,0,2,0,0,0,0,0,0,2,0.25
度量,0,0,2,0,0,0,0,0,0,2,0.25
音频流,0,0,2,0,0,0,0,0,0,2,0.25
身份信息,0,0,2,0,0,0,0,0,0,2,0.25
la,0,0,1,0,0,0,0,0,0,1,0.125
分割聚类,0,0,1,0,0,0,0,0,0,1,0.125
dihard,0,0,1,0,0,0,1,0,0,2,0.27
噪声,0,0,1,0,0,4,0,0,0,5,0.705
语音和语言技术,0,0,1,0,0,0,0,0,0,1,0.125
guagetechnology,0,0,1,0,0,0,0,0,0,1,0.125
ummer,0,0,1,0,0,0,0,0,0,1,0.125
重叠事件,0,0,1,0,0,0,0,0,0,1,0.125
eia,0,0,1,0,0,0,0,0,0,1,0.125
重叠处理,0,0,1,0,0,0,0,0,0,1,0.125
rl,0,0,1,0,0,0,0,0,0,1,0.125
ine,0,0,1,0,0,0,0,0,0,1,0.125
分割聚类研,0,0,1,0,0,0,0,0,1,2,0.27
overlap对话场景,0,0,1,0,0,0,0,0,1,2,0.27
重叠声音事件,0,0,1,0,0,0,0,0,1,2,0.27
overlappedspeech,0,0,1,0,0,0,0,0,1,2,0.27
非重叠声,0,0,1,0,0,0,0,0,1,2,0.27
聚类训练,0,0,1,0,0,0,0,0,0,1,0.125
建模,0,0,1,0,0,0,0,0,0,1,0.125
机器视觉,0,0,1,0,0,0,0,0,0,1,0.125
聚类方,0,0,1,0,0,0,1,0,0,2,0.27
hmm,0,0,1,0,0,0,0,0,0,1,0.125
特征分解,0,0,1,0,0,0,0,0,0,1,0.125
拉普拉斯矩阵,0,0,1,0,0,0,0,0,0,1,0.125
相似矩阵,0,0,1,0,0,0,0,0,0,1,0.125
样本数据,0,0,1,0,0,0,0,0,0,1,0.125
样本空间,0,0,1,0,0,0,0,0,0,1,0.125
子图间,0,0,1,0,0,0,0,0,0,1,0.125
子图,0,0,1,0,0,0,0,0,0,1,0.125
最优子图,0,0,1,0,0,0,0,0,0,1,0.125
带权无向图,0,0,1,0,0,0,0,0,0,1,0.125
spectralcluster,0,0,1,0,0,0,0,0,0,1,0.125
图论,0,0,1,0,0,0,0,0,0,1,0.125
kohonensom,0,0,1,0,0,0,0,0,0,1,0.125
非语音som,0,0,1,0,0,0,0,0,0,1,0.125
非语音段,0,0,1,0,0,0,0,0,0,1,0.125
非语音片段,0,0,1,0,0,0,0,0,0,1,0.125
说话人聚类工具,0,0,1,0,0,0,0,0,0,1,0.125
自组织图,0,0,1,0,0,0,0,0,0,1,0.125
音频段,0,0,1,0,0,0,0,0,0,1,0.125
小语音片段,0,0,1,0,0,0,0,0,0,1,0.125
hierarchicalclust,0,0,1,0,0,0,0,0,0,1,0.125
agglomerative,0,0,1,0,0,0,0,0,0,1,0.125
标签,0,0,1,0,0,2,1,2,0,6,0.85
无监督分类,0,0,1,0,0,0,1,0,0,2,0.27
x-vector,0,0,1,1,0,0,0,1,0,3,0.395
bottle-neckfeature,0,0,1,0,0,0,0,0,0,1,0.125
mlp,0,0,1,0,0,0,0,0,0,1,0.125
多层感知器,0,0,1,0,0,0,0,0,0,1,0.125
鲁棒,0,0,1,0,0,0,0,0,0,1,0.125
口音,0,0,1,0,0,0,0,0,0,1,0.125
数据分析,0,0,1,0,0,0,0,0,0,1,0.125
数值分析,0,0,1,0,0,0,0,0,0,1,0.125
identityvector,0,0,1,0,0,0,0,0,0,1,0.125
身份向量,0,0,1,0,0,0,0,0,0,1,0.125
映射坐标,0,0,1,0,0,0,0,0,0,1,0.125
totalfactormatrix,0,0,1,0,0,0,0,0,0,1,0.125
全因子空间,0,0,1,0,0,0,0,0,0,1,0.125
拟信道,0,0,1,0,0,0,0,0,0,1,0.125
信息,0,0,1,0,0,0,0,0,0,1,0.125
超向量子空间,0,0,1,0,0,0,0,0,0,1,0.125
njdehak,0,0,1,0,0,0,0,0,0,1,0.125
声纹环境,0,0,1,0,0,0,0,0,0,1,0.125
干扰,0,0,1,0,0,0,0,0,0,1,0.125
特征音空间,0,0,1,0,0,0,0,0,0,1,0.125
信道,0,0,1,0,0,0,0,0,0,1,0.125
jointfactoranaly,0,0,1,0,0,0,0,0,0,1,0.125
联合因子分析,0,0,1,0,0,0,0,0,0,1,0.125
universalbackgroundmodel,0,0,1,0,0,0,0,0,0,1,0.125
通用背景模型,0,0,1,0,0,0,0,0,0,1,0.125
背景数据,0,0,1,0,0,0,0,0,0,1,0.125
非目标用户数据,0,0,1,0,0,0,0,0,0,1,0.125
ubm,0,0,1,0,0,0,0,0,0,1,0.125
混合模型,0,0,1,0,0,0,0,0,0,1,0.125
高斯混合模型,0,0,1,5,0,0,0,0,0,6,0.75
gaussia,0,0,1,0,0,0,0,0,0,1,0.125
高斯模型,0,0,1,1,0,0,0,0,0,2,0.25
先验知识,0,0,1,0,0,0,0,0,0,1,0.125
语音流,0,0,1,0,0,0,0,0,0,1,0.125
训练语料库,0,0,1,0,0,0,0,0,0,1,0.125
度量标准,0,0,1,0,0,0,0,0,0,1,0.125
散度,0,0,1,0,0,0,0,0,0,1,0.125
leibler,0,0,1,0,0,0,0,0,0,1,0.125
back-,0,0,1,0,0,0,0,0,0,1,0.125
距离度量,0,0,1,0,0,0,0,0,0,1,0.125
分析窗口,0,0,1,0,0,0,0,0,0,1,0.125
音频内容,0,0,1,0,0,0,0,0,0,1,0.125
分段,0,0,1,0,0,0,0,0,0,1,0.125
说话人聚类领,0,0,1,0,0,0,0,0,0,1,0.125
说话人分割,0,0,1,0,0,0,0,0,0,1,0.125
情绪,0,0,1,0,0,0,0,0,0,1,0.125
沟通,0,0,1,0,0,0,0,0,0,1,0.125
混合高斯分布,0,0,0,9,0,0,0,0,0,9,1.125
em算法,0,0,0,7,0,0,0,0,0,7,0.875
分布,0,0,0,6,0,1,0,0,0,7,0.895
观测数据,0,0,0,5,0,0,0,0,0,5,0.625
隐变量,0,0,0,5,0,0,0,0,0,5,0.625
子带,0,0,0,4,0,0,0,0,0,4,0.5
概率模型,0,0,0,3,0,0,0,0,0,3,0.375
分模型,0,0,0,2,0,0,0,0,0,2,0.25
模型参数,0,0,0,2,0,0,0,0,0,2,0.25
观测变量,0,0,0,2,0,0,0,0,0,2,0.25
似然,0,0,0,2,0,0,0,0,0,2,0.25
先验值,0,0,0,2,0,0,0,0,0,2,0.25
混合成分,0,0,0,2,0,0,0,0,0,2,0.25
后端识别,0,0,0,2,0,0,0,0,0,2,0.25
识别,0,0,0,2,0,0,0,0,0,2,0.25
非语言,0,0,0,1,0,0,0,0,0,1,0.125
似然比函数,0,0,0,1,0,0,0,0,0,1,0.125
概率密度函数,0,0,0,1,0,0,0,0,0,1,0.125
人声,0,0,0,1,0,0,0,0,0,1,0.125
rtc,0,0,0,1,0,0,0,0,0,1,0.125
混合高斯,0,0,0,1,0,0,0,0,0,1,0.125
响应度,0,0,0,1,0,0,0,0,0,1,0.125
观测数据力,0,0,0,1,0,0,0,0,0,1,0.125
初始,0,0,0,1,0,0,0,0,0,1,0.125
观测变量数据,0,0,0,1,0,0,0,0,0,1,0.125
参数估计,0,0,0,1,0,0,0,0,0,1,0.125
似然函数,0,0,0,1,0,0,0,0,0,1,0.125
全数据,0,0,0,1,0,0,0,0,0,1,0.125
数据力,0,0,0,1,0,0,0,0,0,1,0.125
随机变量,0,0,0,1,0,0,0,0,0,1,0.125
概率分布,0,0,0,1,1,0,0,0,0,2,0.27
布模型,0,0,0,1,0,0,0,0,0,1,0.125
高斯,0,0,0,1,0,0,0,0,0,1,0.125
算法,0,0,0,1,0,0,0,0,0,1,0.125
te,0,0,0,1,0,0,0,0,0,1,0.125
似然估计,0,0,0,1,0,0,0,0,0,1,0.125
概率模型参数,0,0,0,1,0,0,0,0,0,1,0.125
贝叶斯估计法,0,0,0,1,0,0,0,0,0,1,0.125
变量,0,0,0,1,0,0,0,0,0,1,0.125
latentvariable,0,0,0,1,0,0,0,0,0,1,0.125
潜在变量,0,0,0,1,0,0,0,0,0,1,0.125
observablevariable,0,0,0,1,0,0,0,0,0,1,0.125
rithm,0,0,0,1,0,0,0,0,0,1,0.125
imizational,0,0,0,1,0,0,0,0,0,1,0.125
expectation,0,0,0,1,0,0,0,0,0,1,0.125
期望极大算法,0,0,0,1,0,0,0,0,0,1,0.125
za,0,0,0,1,0,0,0,0,0,1,0.125
maxim,0,0,0,1,0,0,0,0,0,1,0.125
m步,0,0,0,1,0,0,0,0,0,1,0.125
expecatation,0,0,0,1,0,0,0,0,0,1,0.125
求期望,0,0,0,1,0,0,0,0,0,1,0.125
迭代,0,0,0,1,0,0,0,0,0,1,0.125
后验概率,0,0,0,1,0,0,0,0,0,1,0.125
hiddenvariable,0,0,0,1,0,0,0,0,0,1,0.125
迭代算法,0,0,0,1,0,0,0,0,0,1,0.125
最大化算法,0,0,0,1,0,0,0,0,0,1,0.125
语音观察特征,0,0,0,1,0,0,0,0,0,1,0.125
训练数据,0,0,0,2,1,2,0,1,2,8,1.1199999999999999
maximization,0,0,0,1,0,0,0,0,0,1,0.125
ation,0,0,0,1,0,0,0,0,0,1,0.125
ex,0,0,0,1,0,0,0,0,0,1,0.125
大化,0,0,0,1,0,0,0,0,0,1,0.125
gmm参数,0,0,0,1,0,0,0,0,0,1,0.125
语音区域,0,0,0,1,0,0,0,0,0,1,0.125
静音段,0,0,0,1,0,0,0,0,0,1,0.125
语音段,0,0,0,1,0,0,1,2,0,4,0.5599999999999999
时序信息,0,0,0,1,0,0,0,0,0,1,0.125
vad过程,0,0,0,1,0,0,0,0,0,1,0.125
特征序列,0,0,0,1,1,0,0,0,0,2,0.27
傅里叶变换,0,0,0,1,0,0,0,0,0,1,0.125
始语音数据,0,0,0,1,0,0,0,0,0,1,0.125
声学建模,0,0,0,1,0,0,0,0,0,1,0.125
语音识别系统,0,0,0,1,0,0,0,0,0,1,0.125
傅里叶频谱语言,0,0,0,1,0,0,0,0,0,1,0.125
语音研究性能,0,0,0,1,0,0,0,0,0,1,0.125
多元混合高斯分布,0,0,0,1,0,0,0,0,0,1,0.125
混合分布,0,0,0,1,0,0,0,0,0,1,0.125
多模态性质,0,0,0,1,0,0,0,0,0,1,0.125
单高斯分布,0,0,0,1,0,0,0,0,0,1,0.125
物理数据,0,0,0,1,0,0,0,0,0,1,0.125
模态性质,0,0,0,1,0,0,0,0,0,1,0.125
混合高斯模型,0,0,0,1,0,0,0,0,0,1,0.125
单模特性质,0,0,0,1,0,0,0,0,0,1,0.125
高斯分布,0,0,0,2,0,0,0,0,0,2,0.25
特性,0,0,0,1,0,0,0,0,0,1,0.125
分布能力,0,0,0,1,0,0,0,0,0,1,0.125
伯努利分布,0,0,0,1,0,0,0,0,0,1,0.125
正态分布,0,0,0,1,1,0,0,0,0,2,0.27
高斯分布密度,0,0,0,1,0,0,0,0,0,1,0.125
系数,0,0,0,1,0,0,0,0,0,1,0.125
高斯分模型,0,0,0,1,0,0,0,0,0,1,0.125
概率分布模型,0,0,0,1,0,0,0,0,0,1,0.125
线性组合,0,0,0,1,0,0,0,0,0,1,0.125
高斯分布函数,0,0,0,1,0,0,0,0,0,1,0.125
gaussianm,0,0,0,1,0,0,0,0,0,1,0.125
语音前端处理操作,0,0,0,1,0,0,0,0,0,1,0.125
信号预处理手,0,0,0,1,0,0,0,0,0,1,0.125
语音类别检测,0,0,0,1,0,0,0,0,0,1,0.125
起止点,0,0,0,1,0,0,0,0,0,1,0.125
语音信息,0,0,0,1,0,0,0,0,0,1,0.125
非语音信号,0,0,0,1,0,0,0,0,0,1,0.125
voiceactivedetection,0,0,0,1,0,0,0,0,0,1,0.125
resegment模块,0,0,0,0,0,0,1,0,0,1,0.145
聚类过程,0,0,0,0,1,0,1,0,0,2,0.29
overlapdetection任务,0,0,0,0,0,0,1,0,0,1,0.145
overlapdetection,0,0,0,0,0,0,2,0,1,3,0.43499999999999994
短语音段,0,0,0,0,0,0,1,0,0,1,0.145
概率值,0,0,0,0,0,0,1,0,0,1,0.145
说话转换,0,0,0,0,0,0,1,0,0,1,0.145
特征,0,0,0,1,0,0,1,0,0,2,0.27
语音场景,1,0,0,0,0,0,1,0,0,2,1.145
overlap场景,0,0,0,0,0,0,1,0,1,2,0.29
全监督,0,0,0,0,0,0,1,0,0,1,0.145
单声道说话人聚类系统,0,0,0,0,0,0,1,0,0,1,0.145
聚类模块,0,0,0,0,0,0,1,0,1,2,0.29
时长,0,0,0,0,2,0,0,6,1,9,1.305
常量,0,0,0,0,2,0,0,0,0,2,0.29
总个数,0,0,0,0,1,0,0,0,0,1,0.145
转换次数,0,0,0,0,1,0,0,0,0,1,0.145
对话环境,0,0,0,0,1,0,0,0,0,1,0.145
蓝色线,0,0,0,0,1,0,0,0,0,1,0.145
最小二乘法,0,0,0,0,1,0,0,0,0,1,0.145
函数拟,0,0,0,0,1,0,0,0,0,1,0.145
概率计算,0,0,0,0,1,0,0,0,0,1,0.145
固定概率,0,0,0,0,1,0,0,0,0,1,0.145
橘色线,0,0,0,0,1,0,0,0,0,1,0.145
转变状态,0,0,0,0,1,0,0,0,0,1,0.145
转变,0,0,0,0,1,0,0,0,0,1,0.145
概率估,0,0,0,0,1,0,0,0,0,1,0.145
转换,0,0,0,0,1,0,0,0,0,1,0.145
二项式分布,0,0,0,0,1,0,0,0,0,1,0.145
zt,0,0,0,0,1,0,0,0,0,1,0.145
embeddin,0,0,0,0,1,0,0,0,0,1,0.145
决策函数,0,0,0,0,0,3,0,1,0,4,0.58
crnn网络,0,0,0,0,0,2,0,0,0,2,0.29
softmaxact,0,0,0,0,0,1,0,0,0,1,0.145
gress,0,0,0,0,0,1,0,0,0,1,0.145
poisson,0,0,0,0,0,1,0,0,0,1,0.145
预测,0,0,0,0,0,1,0,0,0,1,0.145
似然参数,0,0,0,0,0,1,0,0,0,1,0.145
似然损失,0,0,0,0,0,1,0,0,0,1,0.145
负对数,0,0,0,0,0,1,0,0,0,1,0.145
countnet损失函数,0,0,0,0,0,1,0,0,0,1,0.145
dxfc,0,0,0,0,0,1,0,0,0,1,0.145
频率维,0,0,0,0,0,1,0,0,0,1,0.145
通道维,0,0,0,0,0,1,0,0,0,1,0.145
时间维,0,0,0,0,0,1,0,0,0,1,0.145
尺寸,0,0,0,0,0,1,0,0,0,1,0.145
循环层,0,0,0,0,0,1,0,0,0,1,0.145
dxfxc,0,0,0,0,0,1,0,0,0,1,0.145
3d体积,0,0,0,0,0,1,0,0,0,1,0.145
cnn层,0,0,0,0,0,1,0,0,0,1,0.145
长时间结构,0,0,0,0,0,1,0,0,0,1,0.145
lstm层,0,0,0,0,0,1,0,0,0,1,0.145
时频特征,0,0,0,0,0,1,0,0,0,1,0.145
卷积神经网络,0,0,0,0,0,1,0,0,0,1,0.145
rnn模块,0,0,0,0,0,1,0,0,0,1,0.145
cnn,0,0,0,0,0,1,0,0,0,1,0.145
ocrnn结构,0,0,0,0,0,1,0,0,0,1,0.145
对象,0,0,0,0,0,1,0,0,0,1,0.145
图像,0,0,0,0,0,3,0,0,0,3,0.43499999999999994
后验,0,0,0,0,0,1,0,0,0,1,0.145
后验输出概率,0,0,0,0,0,1,0,0,0,1,0.145
softmax激活函数,0,0,0,0,0,1,0,0,0,1,0.145
离散,0,0,0,0,0,1,0,0,0,1,0.145
分类任务,0,0,0,0,0,1,0,0,0,1,0.145
训练数据库,0,0,0,0,0,1,0,0,0,1,0.145
直接源计数,0,0,0,0,0,1,0,0,0,1,0.145
权重,0,0,0,0,0,5,0,0,0,5,0.725
映射函数,0,0,0,0,0,1,0,0,0,1,0.145
对话场,0,0,0,0,1,1,0,0,0,2,0.29
countnet网络,0,0,0,0,0,1,0,0,0,1,0.145
架构,0,0,0,0,0,1,0,0,0,1,0.145
neuralnet,0,0,0,0,0,1,0,0,0,1,0.145
recurrent,0,0,0,0,0,1,0,0,0,1,0.145
convolutional,0,0,0,0,0,1,0,0,0,1,0.145
卷积递归,0,0,0,0,0,1,0,0,0,1,0.145
分类算法,0,0,0,0,0,1,0,0,0,1,0.145
回归任务,0,0,0,0,0,1,0,1,0,2,0.29
回归,0,0,0,0,0,1,0,0,0,1,0.145
rnn结构,0,0,0,0,0,1,0,0,0,1,0.145
网络架构,0,0,0,0,0,1,0,0,0,1,0.145
源分离,0,0,0,0,0,1,0,0,0,1,0.145
ksl,0,0,0,0,0,1,0,0,0,1,0.145
活动变量,0,0,0,0,0,1,0,0,0,1,0.145
二进制语音,0,0,0,0,0,1,0,0,0,1,0.145
样本,0,0,0,0,0,1,0,0,0,1,0.145
活动,0,0,0,0,0,1,0,0,0,1,0.145
线性混合,0,0,0,0,0,1,0,0,0,1,0.145
混合语音信号,0,0,0,0,0,1,0,1,0,2,0.29
单通道信号,0,0,0,0,0,1,0,0,0,1,0.145
短音频段,0,0,0,0,0,1,0,0,0,1,0.145
神经网络架构,0,0,0,0,0,1,0,0,0,1,0.145
单说话人聚类系统,0,0,0,0,0,1,0,0,0,1,0.145
uis-mn模型,0,0,0,0,1,0,0,0,0,1,0.145
执行效率,0,0,0,0,1,0,0,0,0,1,0.145
说话人序列,0,0,0,0,1,0,0,0,0,1,0.145
门控循环单元,0,0,0,0,1,0,0,0,0,1,0.145
rnn参数,0,0,0,0,1,0,0,0,0,1,0.145
参数化分布,0,0,0,0,1,0,0,0,0,1,0.145
uis-rrn,0,0,0,0,1,0,0,0,0,1,0.145
生成式,0,0,0,0,1,0,0,0,0,1,0.145
判决式,0,0,0,0,1,0,0,0,0,1,0.145
全监督聚类算法,0,0,0,0,1,0,0,0,0,1,0.145
uis-mn算法,0,0,0,0,1,0,0,0,0,1,0.145
说话人特征序列,0,0,0,0,1,0,0,0,0,1,0.145
样式标记,0,0,0,0,0,4,0,0,0,4,0.58
styleembedding,0,0,0,0,0,3,0,0,0,3,0.43499999999999994
存储器,0,0,0,0,0,2,0,0,0,2,0.29
globalstyletokens,0,0,0,0,0,3,0,0,0,3,0.43499999999999994
类别概率,0,0,0,0,0,1,0,0,0,1,0.145
分类层,0,0,0,0,0,1,0,0,0,1,0.145
styleembedd,0,0,0,0,0,1,0,0,0,1,0.145
样式嵌入,0,0,0,0,0,1,0,0,0,1,0.145
加权总和,0,0,0,0,0,3,0,0,0,3,0.43499999999999994
编码,0,0,0,0,0,1,0,0,0,1,0.145
组合权重,0,0,0,0,0,2,0,0,0,2,0.29
训练序列,0,0,0,0,0,2,0,0,0,2,0.29
令牌嵌入,0,0,0,0,0,1,0,0,0,1,0.145
全局样式令牌,0,0,0,0,0,1,0,0,0,1,0.145
相似性度量,0,0,0,1,0,2,0,0,0,3,0.415
令牌,0,0,0,0,0,1,0,0,0,1,0.145
注意力,0,0,0,0,0,4,0,0,0,4,0.58
向量,0,0,0,0,0,2,0,0,0,2,0.29
query,0,0,0,0,0,1,0,0,0,1,0.145
attention,0,0,0,0,0,4,0,1,0,5,0.725
注意力模块,0,0,0,0,0,4,0,0,0,4,0.58
嵌入,0,0,0,0,0,1,0,0,0,1,0.145
参考嵌入,0,0,0,0,0,1,0,0,0,1,0.145
韵律,0,0,0,0,0,1,0,0,0,1,0.145
可变长度音频信号,0,0,0,0,0,1,0,0,0,1,0.145
erry,0,0,0,0,0,1,0,0,0,1,0.145
encoder,0,0,0,0,0,1,0,0,0,1,0.145
信息流经模型,0,0,0,0,0,1,0,0,0,1,0.145
styleembeddingo,0,0,0,0,0,1,0,0,0,1,0.145
ten,0,0,0,0,0,1,0,0,0,1,0.145
style,0,0,0,0,0,2,0,0,0,2,0.29
交叉爛损失函数,0,0,0,0,0,1,0,0,0,1,0.145
bedd,0,0,0,0,0,1,0,0,0,1,0.145
数据特性,0,0,0,0,0,1,0,0,0,1,0.145
输入模型,0,0,0,0,0,1,0,0,0,1,0.145
变长语音,0,0,0,0,0,1,0,0,0,1,0.145
可控制性,0,0,0,0,0,1,0,0,0,1,0.145
可解释性,0,0,0,0,0,1,0,0,0,1,0.145
说话风格,0,0,0,0,0,1,0,0,0,1,0.145
embeddingo,0,0,0,0,0,1,0,0,0,1,0.145
!!gst,0,0,0,0,0,1,0,0,0,1,0.145
短话语,0,0,0,0,0,1,0,0,0,1,0.145
测试仪,0,0,0,0,0,1,0,0,0,1,0.145
说话人验证系统,0,0,0,0,0,1,0,0,0,1,0.145
ted视频,0,0,0,0,0,1,0,0,0,1,0.145
参考信号,0,0,0,0,0,1,0,0,0,1,0.145
样式信息,0,0,0,0,0,2,0,0,0,2,0.29
外部存储器,0,0,0,0,0,1,0,0,0,1,0.145
因数,0,0,0,0,0,1,0,0,0,1,0.145
说话样式,0,0,0,0,0,1,0,0,0,1,0.145
音频片段,0,0,0,0,0,1,0,0,0,1,0.145
长格式文本语料库,0,0,0,0,0,1,0,0,0,1,0.145
样式传递,0,0,0,0,0,1,0,0,0,1,0.145
合成,0,0,0,0,0,1,0,0,0,1,0.145
速度,0,0,0,0,0,1,0,0,0,1,0.145
风格控制算法,0,0,0,0,0,1,0,0,0,1,0.145
类别标记,0,0,0,0,2,0,0,0,0,2,0.29
附灯,0,0,0,0,1,0,0,0,0,1,0.145
联合分布,0,0,0,0,1,0,0,0,0,1,0.145
概率状态,0,0,0,0,1,0,0,0,0,1,0.145
块数,0,0,0,0,1,0,0,0,0,1,0.145
ddcrp算法,0,0,0,0,1,0,0,0,0,1,0.145
类别编码,0,0,0,0,1,0,0,0,0,1,0.145
贝叶斯非参数模型,0,0,0,0,1,0,0,0,0,1,0.145
ddcrp,0,0,0,0,1,0,0,0,0,1,0.145
nt,0,0,0,0,1,0,0,0,0,1,0.145
nce,0,0,0,0,1,0,0,0,0,1,0.145
中国人,0,0,0,0,1,0,0,0,0,1,0.145
混合语音,0,0,0,0,0,0,0,1,0,1,0.145
多说话人聚类,0,0,0,0,0,0,0,1,0,1,0.145
单说话人聚类,0,0,0,0,0,0,2,1,0,3,0.43499999999999994
特征提取,0,0,0,0,0,0,0,1,0,1,0.145
特征处理,0,0,0,0,0,0,0,1,0,1,0.145
overlap检测模块,0,0,0,0,0,0,0,1,0,1,0.145
resegment结构,0,0,0,0,0,0,0,1,0,1,0.145
line,0,0,0,0,0,0,0,1,0,1,0.145
测试数据,0,0,0,0,0,0,0,1,0,1,0.145
别聚类,0,0,0,0,0,0,0,1,0,1,0.145
复杂场景,0,0,0,0,0,0,0,1,0,1,0.145
聚类中心均值,0,0,0,0,0,0,0,1,0,1,0.145
beamsearch算法,0,0,0,0,0,0,0,1,0,1,0.145
多标签,0,0,0,0,0,0,0,1,0,1,0.145
d-vecor,0,0,0,0,0,0,0,1,0,1,0.145
多标签聚类误差,0,0,0,0,0,0,0,1,0,1,0.145
单标签聚类,0,0,0,0,1,0,3,1,0,5,0.725
标签聚类,0,0,0,0,0,0,0,1,0,1,0.145
单标签聚类算法,0,0,0,0,0,0,0,1,0,1,0.145
决策算法,0,0,0,0,0,0,1,1,0,2,0.29
mse,0,0,0,0,0,0,0,1,0,1,0.145
arch,0,0,0,0,0,0,0,1,0,1,0.145
beam,0,0,0,0,1,0,0,1,0,2,0.29
mn,0,0,0,0,0,0,0,1,0,1,0.145
sui-rnn,0,0,0,0,0,0,0,1,0,1,0.145
矢量表征方法,0,0,0,0,0,0,0,1,0,1,0.145
多标签聚类问题,0,0,0,0,0,0,0,1,0,1,0.145
overlap场,0,0,0,0,0,0,0,1,0,1,0.145
gst-count-net,0,0,0,0,0,0,0,11,3,14,2.03
mae,0,0,0,0,0,0,0,5,1,6,0.8699999999999999
长时语音,0,0,0,0,0,0,0,2,0,2,0.29
mae误差,1,0,0,0,0,0,0,2,1,4,1.435
count,0,0,0,0,0,0,0,2,0,2,0.29
短时语音,0,0,0,0,0,0,0,1,0,1,0.145
gsfcount-net,0,0,0,0,0,0,0,1,0,1,0.145
不均衡现象,0,0,0,0,0,0,0,1,0,1,0.145
估计误差值,0,0,0,0,0,0,0,1,0,1,0.145
gst-count-net结构,0,0,0,0,0,0,0,1,0,1,0.145
长度数量,0,0,0,0,0,0,0,1,0,1,0.145
语音长度,0,0,0,0,0,0,0,1,1,2,0.29
gst-count-net误差,0,0,0,0,0,0,0,1,0,1,0.145
youttube数据集,0,0,0,0,0,0,0,1,0,1,0.145
gstcount-net,0,0,0,0,0,0,0,1,0,1,0.145
潜能,0,0,0,0,0,0,0,1,0,1,0.145
长度程,0,0,0,0,0,0,0,1,0,1,0.145
数据长度,0,0,0,0,0,0,0,1,0,1,0.145
语言长度,0,0,0,0,0,0,0,1,0,1,0.145
librispeech数据集,0,0,0,0,0,0,0,1,0,1,0.145
短时数据,0,0,0,0,0,0,0,1,0,1,0.145
gsfcount-net模型,0,0,0,0,0,0,0,1,0,1,0.145
gst-count-,0,0,0,0,0,0,0,1,0,1,0.145
长时语音数据,0,0,0,0,0,0,0,1,0,1,0.145
mae值,0,0,0,0,0,0,0,1,0,1,0.145
crnn-count-net模型,0,0,0,0,0,0,0,1,0,1,0.145
gst-count-net模型,0,0,0,0,0,0,0,1,0,1,0.145
bricountl,0,0,0,0,0,0,0,1,0,1,0.145
overlap数据测试集,0,0,0,0,0,0,0,1,0,1,0.145
averagemeanabsoluteerror,0,0,0,0,0,0,0,1,0,1,0.145
平均平均绝对误差,0,0,0,0,0,0,0,1,0,1,0.145
功率,0,0,0,0,0,0,0,1,0,1,0.145
输入信息,0,0,0,0,0,0,1,1,0,2,0.29
lqo,0,0,0,0,0,0,0,1,0,1,0.145
kmax,0,0,0,0,0,0,0,1,0,1,0.145
类任务,1,0,0,0,0,0,0,1,0,2,1.145
无说话人,0,0,0,0,0,0,0,1,0,1,0.145
headnum,0,0,0,0,0,0,0,1,0,1,0.145
crnn-count-net,0,0,0,0,0,0,0,1,1,2,0.29
multiheadattention,0,0,0,0,0,1,0,1,0,2,0.29
overalp,0,0,0,0,0,0,0,1,0,1,0.145
overlap状态,0,0,0,0,0,0,2,0,0,2,0.29
说话人数,0,0,0,0,0,0,1,0,0,1,0.145
ufcci,0,0,0,0,0,0,1,0,0,1,0.145
协川,0,0,0,0,0,0,1,0,0,1,0.145
多标签聚类过程,0,0,0,0,0,0,1,0,0,1,0.145
ss,0,0,0,1,0,0,1,0,0,2,0.27
ion,0,0,0,0,0,0,1,0,0,1,0.145
et,0,0,0,0,0,0,1,0,0,1,0.145
overla,0,0,0,0,0,0,1,0,0,1,0.145
状态保存过程,0,0,0,0,0,0,1,0,0,1,0.145
状态更新,0,0,0,0,0,0,1,0,0,1,0.145
聚类决策算法,0,0,0,0,0,0,1,0,0,1,0.145
uis-mn聚类模型,0,0,0,0,0,0,1,0,0,1,0.145
civector向量,0,0,0,0,0,0,1,0,0,1,0.145
overlap聚类,0,0,0,0,0,0,1,0,0,1,0.145
片段长度,0,0,0,0,0,0,1,0,0,1,0.145
overlapdetection任,0,0,0,0,0,0,1,0,0,1,0.145
overlap对话,0,0,0,0,0,0,1,0,0,1,0.145
uis-mn聚类,0,0,0,0,0,0,1,0,0,1,0.145
uis-rrm聚类,0,0,0,0,0,0,1,0,0,1,0.145
uisn-mn,0,0,0,0,0,0,1,0,0,1,0.145
多标签预测,0,0,0,0,0,0,1,0,0,1,0.145
聚类结,1,0,0,0,0,0,1,0,0,2,1.145
聚类问,0,0,0,0,0,0,1,0,0,1,0.145
语音框架,0,0,0,0,0,0,1,0,0,1,0.145
差异化过程,0,0,0,0,0,0,1,0,0,1,0.145
重叠语音,0,0,0,0,0,0,1,0,0,1,0.145
人聚类错误率,0,0,0,0,0,0,1,0,0,1,0.145
复杂场,0,0,0,0,0,0,1,0,0,1,0.145
特性向量,0,0,0,0,0,0,1,0,0,1,0.145
传统,0,0,0,0,0,0,1,0,0,1,0.145
speakerer,0,0,0,0,0,0,0,2,0,2,0.29
fasr,0,0,0,0,0,0,0,2,0,2,0.29
非语音错误,0,0,0,0,0,0,0,2,0,2,0.29
错误聚集,0,0,0,0,0,0,0,1,0,1,0.145
音段,0,0,0,0,0,0,0,1,0,1,0.145
speakererror,0,0,0,0,0,0,0,1,0,1,0.145
无语音,0,0,0,0,0,0,0,1,0,1,0.145
非语音,0,0,0,0,0,0,0,1,0,1,0.145
语音率,0,0,0,0,0,0,0,1,0,1,0.145
错误警报,0,0,0,0,0,0,0,1,0,1,0.145
msr,0,0,0,0,0,0,0,1,0,1,0.145
语音丢失率,0,0,0,0,0,0,0,1,0,1,0.145
百分比,0,0,0,0,0,0,0,1,0,1,0.145
差分,0,0,0,0,0,0,0,1,0,1,0.145
自动语音识别系统,0,0,0,0,0,0,0,1,0,1,0.145
转录评估,0,0,0,0,0,0,0,1,0,1,0.145
聚类错误,0,0,0,0,0,0,0,1,0,1,0.145
警报错误,0,0,0,0,0,0,0,1,0,1,0.145
错误,0,0,0,0,0,0,0,1,0,1,0.145
遗漏,0,0,0,0,0,0,0,1,0,1,0.145
误码率,0,0,0,0,0,0,0,1,0,1,0.145
人聚类性能,0,0,0,0,0,0,0,1,0,1,0.145
ate,0,0,0,0,0,0,0,1,0,1,0.145
真实计数,0,0,0,0,0,0,0,1,0,1,0.145
平均绝对误差,0,0,0,0,0,0,0,1,0,1,0.145
离散回归,0,0,0,0,0,0,0,1,0,1,0.145
评估,0,0,0,0,0,0,0,1,0,1,0.145
质心,0,0,0,6,0,0,0,0,0,6,0.75
数据源,0,0,0,6,0,0,0,0,0,6,0.75
相似度矩阵,0,0,0,3,0,0,0,0,0,3,0.375
multireader,0,0,0,3,0,0,0,0,0,3,0.375
ge2e,0,0,0,3,0,0,0,0,0,3,0.375
相似度,0,0,0,2,0,0,0,0,0,2,0.25
i-vector框架,0,0,0,2,0,0,0,0,0,2,0.25
gmm超向量,0,0,0,2,0,0,0,0,0,2,0.25
损失,0,0,0,1,0,0,0,0,0,1,0.125
话语,0,0,0,1,0,0,0,0,0,1,0.125
权重加权,0,0,0,1,0,0,0,0,0,1,0.125
拟合,0,0,0,1,0,0,0,0,0,1,0.125
训练网络,0,0,0,1,0,0,0,0,0,1,0.125
正则化,0,0,0,1,0,0,0,0,0,1,0.125
d2,0,0,0,1,0,0,0,0,0,1,0.125
正则化流程,0,0,0,1,0,0,0,0,0,1,0.125
模型应用程序,0,0,0,1,0,0,0,0,0,1,0.125
小数据集,0,0,0,1,0,0,0,0,0,1,0.125
正则化技术,0,0,0,1,0,0,0,0,0,1,0.125
间质心关系,0,0,0,1,0,0,0,0,0,1,0.125
嵌入向量句,0,0,0,1,0,0,0,0,0,1,0.125
红色三角形,0,0,0,1,0,0,0,0,0,1,0.125
三角形,0,0,0,1,0,0,0,0,0,1,0.125
蓝色三角形,0,0,0,1,0,0,0,0,0,1,0.125
蓝色嵌入矢量,0,0,0,1,0,0,0,0,0,1,0.125
灰色区域,0,0,0,1,0,0,0,0,0,1,0.125
有色区域,0,0,0,1,0,0,0,0,0,1,0.125
sji,0,0,0,1,0,0,0,0,0,1,0.125
度距离,0,0,0,1,0,0,0,0,0,1,0.125
线性输出层,0,0,0,1,0,0,0,0,0,1,0.125
输出层,0,0,0,1,0,0,0,0,0,1,0.125
线性层,0,0,0,1,0,0,0,0,0,1,0.125
lsim结构,0,0,0,1,0,0,0,0,0,1,0.125
特征提取网络,0,0,0,1,0,0,0,0,0,1,0.125
lstm,0,0,0,1,0,0,0,0,0,1,0.125
咒巧,0,0,0,1,0,0,0,0,0,1,0.125
d-vector模型,0,0,0,1,0,0,0,0,0,1,0.125
关键字,0,0,0,1,0,0,0,0,0,1,0.125
验证模型,0,0,0,1,0,0,0,0,0,1,0.125
端到端,0,0,0,1,0,0,0,0,0,1,0.125
表征矢量,0,0,0,1,0,0,0,0,0,1,0.125
den,0,0,0,1,0,0,0,0,0,1,0.125
潜变量,0,0,0,1,0,0,0,0,0,1,0.125
要素分布,0,0,0,1,0,0,0,0,0,1,0.125
隐藏层,0,0,0,1,0,0,0,0,0,1,0.125
nn,0,0,0,1,0,0,0,0,0,1,0.125
dnn模型,0,0,0,1,0,0,0,0,0,1,0.125
dnn,0,0,0,1,0,0,0,0,0,1,0.125
i向量,0,0,0,1,0,0,0,0,0,1,0.125
降维,0,0,0,1,0,0,0,0,0,1,0.125
i-vector提取,0,0,0,1,0,0,0,0,0,1,0.125
帧级特征分布模式,0,0,0,1,0,0,0,0,0,1,0.125
i-vector特征,0,0,0,1,0,0,0,0,0,1,0.125
说话人特征表征,0,0,0,1,0,0,0,0,0,1,0.125
vector,0,0,0,1,0,0,0,0,0,1,0.125
手动合成,0,0,0,0,0,0,0,0,3,3,0.43499999999999994
音量,0,0,0,0,0,0,0,0,2,2,0.29
平衡,0,0,0,0,0,0,0,0,2,2,0.29
net,0,0,0,0,0,0,0,0,2,2,0.29
multi-headattention,0,0,0,0,0,3,0,0,2,5,0.725
混合增益,0,0,0,0,0,0,0,0,1,1,0.145
音源,0,0,0,0,0,0,0,0,1,1,0.145
增益因子,0,0,0,0,0,0,0,0,1,1,0.145
参数优化结构,0,0,0,0,0,0,0,0,1,1,0.145
重叠数据,0,0,0,0,0,0,0,0,1,1,0.145
语音数据长度,0,0,0,0,0,0,0,0,1,1,0.145
gst-count,0,0,0,0,0,0,0,0,1,1,0.145
网络体系,0,0,0,0,0,0,0,0,1,1,0.145
crnn模型,0,0,0,0,0,1,0,0,1,2,0.29
深度学习环境,0,0,0,0,0,0,0,0,1,1,0.145
数据驱动,0,0,0,0,0,0,0,0,1,1,0.145
聚类调整,0,0,0,0,0,0,0,0,1,1,0.145
s-rnn,0,0,0,0,0,0,0,0,1,1,0.145
单声道,0,0,0,0,0,0,0,0,1,1,0.145
语音分类,0,0,0,0,0,0,0,0,1,1,0.145
性能表现,0,0,0,0,0,0,0,0,1,1,0.145
长时语音信号,0,0,0,0,0,0,0,0,1,1,0.145
conutnet,0,0,0,0,0,0,0,0,1,1,0.145
baseline系统,1,0,0,0,0,0,0,0,1,2,1.145
状态,0,0,0,0,1,0,0,0,1,2,0.29
d-vector关系,0,0,0,0,0,0,0,0,1,1,0.145
频谱离线聚类算法,0,0,0,0,0,0,0,0,1,1,0.145
在线算法,0,0,0,0,0,0,0,0,1,1,0.145
无监督系统,0,0,0,0,0,0,0,0,1,1,0.145
带时间戳,0,0,0,0,0,0,0,0,1,1,0.145
说话人区分系统,0,0,0,0,0,0,0,0,1,1,0.145
听觉感知,0,0,0,0,0,0,0,0,1,1,0.145
感知系统,0,0,0,0,0,0,0,0,1,1,0.145
人耳听觉,0,0,0,0,0,0,0,0,1,1,0.145
波束搜索,0,0,0,0,5,0,0,0,0,5,0.725
光束宽度,0,0,0,0,2,0,0,0,0,2,0.29
搜索,0,0,0,0,2,0,0,0,0,2,0.29
内存,0,0,0,0,2,0,0,0,0,2,0.29
复杂度,0,0,0,0,2,0,0,0,0,2,0.29
解码,0,0,0,0,2,0,0,0,0,2,0.29
决策,0,0,0,0,1,0,0,0,0,1,0.145
多模态决策,0,0,0,0,1,0,0,0,0,1,0.145
hidden状态,0,0,0,0,1,0,0,0,0,1,0.145
gma,0,0,0,0,1,0,0,0,0,1,0.145
tdo,0,0,0,0,1,0,0,0,0,1,0.145
搜索算法,0,0,0,0,1,0,0,0,0,1,0.145
有限差异回溯,0,0,0,0,1,0,0,0,0,1,0.145
有限差异,0,0,0,0,1,0,0,0,0,1,0.145
深度,0,0,0,0,1,0,0,0,0,1,0.145
波束堆栈搜索,0,0,0,0,1,0,0,0,0,1,0.145
深度优先搜索,0,0,0,0,1,0,0,0,0,1,0.145
翻译长度,0,0,0,0,1,0,0,0,0,1,0.145
搜索深度,0,0,0,0,1,0,0,0,0,1,0.145
机器翻译,0,0,0,0,1,1,0,0,0,2,0.29
目标状态,0,0,0,0,1,0,0,0,0,1,0.145
beam宽度,0,0,0,0,1,0,0,0,0,1,0.145
宽度,0,0,0,0,1,0,0,0,0,1,0.145
波束宽度,0,0,0,0,1,0,0,0,0,1,0.145
修剪,0,0,0,0,1,0,0,0,0,1,0.145
后继者,0,0,0,0,1,0,0,0,0,1,0.145
搜索树,0,0,0,0,1,0,0,0,0,1,0.145
广度,0,0,0,0,1,0,0,0,0,1,0.145
贪婪算法,0,0,0,0,1,0,0,0,0,1,0.145
ar,0,0,0,0,1,0,0,0,0,1,0.145
启发式,0,0,0,0,1,0,0,0,0,1,0.145
图形搜索,0,0,0,0,1,0,0,0,0,1,0.145
最佳优先搜索,0,0,0,0,1,0,0,0,0,1,0.145
优先搜索,0,0,0,0,1,0,0,0,0,1,0.145
聚类匹配过,0,0,0,0,1,0,0,0,0,1,0.145
寻解过程,0,0,0,0,1,0,0,0,0,1,0.145
预测解码过程,0,0,0,0,1,0,0,0,0,1,0.145
并行机制,0,0,0,0,0,3,0,0,0,3,0.43499999999999994
矩阵,0,0,0,0,0,3,0,0,0,3,0.43499999999999994
线性投影,0,0,0,0,0,2,0,0,0,2,0.29
维度比,0,0,0,0,0,2,0,0,0,2,0.29
multi-headattention结构,0,0,0,0,0,2,0,0,0,2,0.29
scaleddot-productattention,0,0,0,0,0,2,0,0,0,2,0.29
分辨率,0,0,0,0,0,2,0,0,0,2,0.29
注意力机制,0,0,0,0,0,3,0,0,0,3,0.43499999999999994
特征注意力,0,0,0,0,0,2,0,0,0,2,0.29
投影参数矩阵,0,0,0,0,0,1,0,0,0,1,0.145
multiheadqq,0,0,0,0,0,1,0,0,0,1,0.145
平均操作,0,0,0,0,0,1,0,0,0,1,0.145
head,0,0,0,0,0,1,0,0,0,1,0.145
mu,0,0,0,0,0,1,0,0,0,1,0.145
子空间,0,0,0,0,0,1,0,0,0,1,0.145
aheadnumso,0,0,0,0,0,1,0,0,0,1,0.145
dv维度,0,0,0,0,0,1,0,0,0,1,0.145
dk,0,0,0,0,0,1,0,0,0,1,0.145
d^odez维度,0,0,0,0,0,1,0,0,0,1,0.145
attention功能,0,0,0,0,0,1,0,0,0,1,0.145
输出值,0,0,0,0,0,1,0,0,0,1,0.145
维度,0,0,0,0,0,2,0,0,0,2,0.29
键和值,0,0,0,0,0,1,0,0,0,1,0.145
注意力函数,0,0,0,0,0,1,0,0,0,1,0.145
softmax函数,0,0,0,0,0,1,0,0,0,1,0.145
点积,0,0,0,0,0,1,0,0,0,1,0.145
点乘积注意力,0,0,0,0,0,1,0,0,0,1,0.145
兼容性函数,0,0,0,0,0,1,0,0,0,1,0.145
values,0,0,0,0,0,1,0,0,0,1,0.145
key-value,0,0,0,0,0,1,0,0,0,1,0.145
键值对,0,0,0,0,0,1,0,0,0,1,0.145
查询,0,0,0,0,0,1,0,0,0,1,0.145
styleattention,0,0,0,0,0,1,0,0,0,1,0.145
模型体系结构,0,0,0,0,0,1,0,0,0,1,0.145
transformer,0,0,0,0,0,1,0,0,0,1,0.145
attentionisa,0,0,0,0,0,1,0,0,0,1,0.145
依赖项,0,0,0,0,0,1,0,0,0,1,0.145
转导模型,0,0,0,0,0,1,0,0,0,1,0.145
序列建模,0,0,0,0,0,1,0,0,0,1,0.145
注意机制,0,0,0,0,0,1,0,0,0,1,0.145
attention层,0,0,0,0,0,1,0,0,0,1,0.145
productatten,0,0,0,0,0,1,0,0,0,1,0.145
scaleddot,0,0,0,0,0,1,0,0,0,1,0.145
焦点,0,0,0,0,0,1,0,0,0,1,0.145
视觉注意力,0,0,0,0,0,1,0,0,0,1,0.145
语法树,0,0,0,0,0,1,0,0,0,1,0.145
问答对话框,0,0,0,0,0,1,0,0,0,1,0.145
文本,0,0,0,0,0,1,0,0,0,1,0.145
转换任务,0,0,0,0,0,1,0,0,0,1,0.145
句子,0,0,0,0,0,1,0,0,0,1,0.145
seq2seq,0,0,0,0,0,1,0,0,0,1,0.145
token,0,0,0,0,0,4,0,0,0,4,0.58
styletoken,0,0,0,0,0,2,0,0,0,2,0.29
特征嵌入,0,0,0,0,0,2,0,0,0,2,0.29
交叉燔,0,0,0,0,0,1,0,0,0,1,0.145
sofitmax,0,0,0,0,0,1,0,0,0,1,0.145
dd,0,0,0,0,0,1,0,0,0,1,0.145
数量特征,0,0,0,0,0,1,0,0,0,1,0.145
静音状态,0,0,0,0,0,1,0,0,0,1,0.145
默认配置,0,0,0,0,0,1,0,0,0,1,0.145
交叉矯损失函数,0,0,0,0,0,1,0,0,0,1,0.145
tokenembedding,0,0,0,0,0,1,0,0,0,1,0.145
文本编码器,0,0,0,0,0,1,0,0,0,1,0.145
韵律维度,0,0,0,0,0,1,0,0,0,1,0.145
tokens,0,0,0,0,0,1,0,0,0,1,0.145
embeddings,0,0,0,0,0,1,0,0,0,1,0.145
styletoken层,0,0,0,0,0,1,0,0,0,1,0.145
gsts,0,0,0,0,0,1,0,0,0,1,0.145
token随机初始化,0,0,0,0,0,1,0,0,0,1,0.145
查询向量,0,0,0,0,0,1,0,0,0,1,0.145
说话人数量估计,0,1,0,0,0,0,0,0,0,1,2.0
resegment机制,1,0,0,0,0,0,0,0,0,1,1.0
overlap检测,1,0,0,0,0,0,0,0,0,1,1.0
平均mae误差,1,0,0,0,0,0,0,0,0,1,1.0
聚类细分,1,0,0,0,0,0,0,0,0,1,1.0
估计误差,1,0,0,0,0,0,0,0,0,1,1.0
